2025-07-17 17:12:16.702043 - Conectado ao banco com sucesso
[MQTT] Conectando ao broker...
Iniciando loop MQTT no serviço separado...
[MQTT] Conectado ao broker com sucesso!
[MQTT] Inscrito no tópico: monitoramento/temperatura
[MQTT] Inscrito no tópico: monitoramento/umidade
[MQTT] Inscrito no tópico: monitoramento/heartbeat
[MQTT] Inscrito no tópico: monitoramento/rele
[MQTT] Mensagem recebida - Tópico: monitoramento/umidade | Payload: 36.00
[2025-07-17 17:14:53] Aguardando dados válidos: T=None, U=36.00
[MQTT] Mensagem recebida - Tópico: monitoramento/heartbeat | Payload: 17/07/2025 17:14:53
[2025-07-17 17:14:53] Heartbeat: 17/07/2025 17:14:53
[MQTT] Mensagem recebida - Tópico: monitoramento/temperatura | Payload: 33.60
2025-07-17 17:14:54.367113 - Dado inserido: T=33.60, U=36.00
[2025-07-17 17:14:53] Dados salvos: T=33.60, U=36.00
[MQTT] Mensagem recebida - Tópico: monitoramento/heartbeat | Payload: 17/07/2025 17:14:53
[2025-07-17 17:14:54] Heartbeat: 17/07/2025 17:14:53
[MQTT] Mensagem recebida - Tópico: monitoramento/umidade | Payload: 35.70
2025-07-17 17:15:33.163891 - Dado inserido: T=33.60, U=35.70
[2025-07-17 17:15:32] Dados salvos: T=33.60, U=35.70
[MQTT] Mensagem recebida - Tópico: monitoramento/heartbeat | Payload: 17/07/2025 17:15:32
[2025-07-17 17:15:33] Heartbeat: 17/07/2025 17:15:32
[MQTT] Mensagem recebida - Tópico: monitoramento/temperatura | Payload: 33.70
2025-07-17 17:15:33.490979 - Dado inserido: T=33.70, U=35.70
[2025-07-17 17:15:33] Dados salvos: T=33.70, U=35.70
[MQTT] Mensagem recebida - Tópico: monitoramento/heartbeat | Payload: 17/07/2025 17:15:32
[2025-07-17 17:15:33] Heartbeat: 17/07/2025 17:15:32
[MQTT] Mensagem recebida - Tópico: monitoramento/umidade | Payload: 35.20
2025-07-17 17:25:33.185861 - Dado inserido: T=33.70, U=35.20
[2025-07-17 17:25:32] Dados salvos: T=33.70, U=35.20
[MQTT] Mensagem recebida - Tópico: monitoramento/heartbeat | Payload: 17/07/2025 17:25:32
[2025-07-17 17:25:33] Heartbeat: 17/07/2025 17:25:32
[MQTT] Mensagem recebida - Tópico: monitoramento/temperatura | Payload: 34.30
2025-07-17 17:25:33.512239 - Dado inserido: T=34.30, U=35.20
[2025-07-17 17:25:33] Dados salvos: T=34.30, U=35.20
[MQTT] Mensagem recebida - Tópico: monitoramento/heartbeat | Payload: 17/07/2025 17:25:32
[2025-07-17 17:25:33] Heartbeat: 17/07/2025 17:25:32
[MQTT] Mensagem recebida - Tópico: monitoramento/umidade | Payload: 35.20
[MQTT] Mensagem recebida - Tópico: monitoramento/heartbeat | Payload: 17/07/2025 17:35:32
[2025-07-17 17:35:32] Heartbeat: 17/07/2025 17:35:32
[MQTT] Mensagem recebida - Tópico: monitoramento/temperatura | Payload: 34.70
2025-07-17 17:35:33.302668 - Dado inserido: T=34.70, U=35.20
[2025-07-17 17:35:32] Dados salvos: T=34.70, U=35.20
[MQTT] Mensagem recebida - Tópico: monitoramento/heartbeat | Payload: 17/07/2025 17:35:32
[2025-07-17 17:35:33] Heartbeat: 17/07/2025 17:35:32
[MQTT] Mensagem recebida - Tópico: monitoramento/umidade | Payload: 35.20
[MQTT] Mensagem recebida - Tópico: monitoramento/heartbeat | Payload: 17/07/2025 17:45:32
[2025-07-17 17:45:32] Heartbeat: 17/07/2025 17:45:32
[MQTT] Mensagem recebida - Tópico: monitoramento/temperatura | Payload: 35.00
2025-07-17 17:45:33.345151 - Dado inserido: T=35.00, U=35.20
[2025-07-17 17:45:32] Dados salvos: T=35.00, U=35.20
[MQTT] Mensagem recebida - Tópico: monitoramento/heartbeat | Payload: 17/07/2025 17:45:32
[2025-07-17 17:45:33] Heartbeat: 17/07/2025 17:45:32
[MQTT] Mensagem recebida - Tópico: monitoramento/umidade | Payload: 35.80
2025-07-17 17:55:33.236991 - Dado inserido: T=35.00, U=35.80
[2025-07-17 17:55:32] Dados salvos: T=35.00, U=35.80
[MQTT] Mensagem recebida - Tópico: monitoramento/heartbeat | Payload: 17/07/2025 17:55:32
[2025-07-17 17:55:33] Heartbeat: 17/07/2025 17:55:32
[MQTT] Mensagem recebida - Tópico: monitoramento/temperatura | Payload: 35.30
2025-07-17 17:55:33.562509 - Dado inserido: T=35.30, U=35.80
[2025-07-17 17:55:33] Dados salvos: T=35.30, U=35.80
[MQTT] Mensagem recebida - Tópico: monitoramento/heartbeat | Payload: 17/07/2025 17:55:32
[2025-07-17 17:55:33] Heartbeat: 17/07/2025 17:55:32
[MQTT] Mensagem recebida - Tópico: monitoramento/umidade | Payload: 36.10
2025-07-17 18:05:33.252056 - Dado inserido: T=35.30, U=36.10
[2025-07-17 18:05:32] Dados salvos: T=35.30, U=36.10
[MQTT] Mensagem recebida - Tópico: monitoramento/heartbeat | Payload: 17/07/2025 18:05:32
[2025-07-17 18:05:33] Heartbeat: 17/07/2025 18:05:32
[MQTT] Mensagem recebida - Tópico: monitoramento/temperatura | Payload: 35.50
2025-07-17 18:05:33.578649 - Dado inserido: T=35.50, U=36.10
[2025-07-17 18:05:33] Dados salvos: T=35.50, U=36.10
[MQTT] Mensagem recebida - Tópico: monitoramento/heartbeat | Payload: 17/07/2025 18:05:32
[2025-07-17 18:05:33] Heartbeat: 17/07/2025 18:05:32
[MQTT] Mensagem recebida - Tópico: monitoramento/umidade | Payload: 36.60
2025-07-17 18:15:33.277250 - Dado inserido: T=35.50, U=36.60
[2025-07-17 18:15:32] Dados salvos: T=35.50, U=36.60
[MQTT] Mensagem recebida - Tópico: monitoramento/heartbeat | Payload: 17/07/2025 18:15:32
[2025-07-17 18:15:33] Heartbeat: 17/07/2025 18:15:32
[MQTT] Mensagem recebida - Tópico: monitoramento/temperatura | Payload: 35.80
2025-07-17 18:15:33.602881 - Dado inserido: T=35.80, U=36.60
[2025-07-17 18:15:33] Dados salvos: T=35.80, U=36.60
[MQTT] Mensagem recebida - Tópico: monitoramento/heartbeat | Payload: 17/07/2025 18:15:32
[2025-07-17 18:15:33] Heartbeat: 17/07/2025 18:15:32
[MQTT] Mensagem recebida - Tópico: monitoramento/umidade | Payload: 36.90
2025-07-17 18:25:33.317802 - Dado inserido: T=35.80, U=36.90
[2025-07-17 18:25:32] Dados salvos: T=35.80, U=36.90
[MQTT] Mensagem recebida - Tópico: monitoramento/heartbeat | Payload: 17/07/2025 18:25:32
[2025-07-17 18:25:33] Heartbeat: 17/07/2025 18:25:32
[MQTT] Mensagem recebida - Tópico: monitoramento/temperatura | Payload: 36.00
2025-07-17 18:25:33.642928 - Dado inserido: T=36.00, U=36.90
[2025-07-17 18:25:33] Dados salvos: T=36.00, U=36.90
[MQTT] Mensagem recebida - Tópico: monitoramento/heartbeat | Payload: 17/07/2025 18:25:32
[2025-07-17 18:25:33] Heartbeat: 17/07/2025 18:25:32
[MQTT] Mensagem recebida - Tópico: monitoramento/umidade | Payload: 37.20
2025-07-17 18:35:33.324409 - Dado inserido: T=36.00, U=37.20
[2025-07-17 18:35:32] Dados salvos: T=36.00, U=37.20
[MQTT] Mensagem recebida - Tópico: monitoramento/heartbeat | Payload: 17/07/2025 18:35:33
[2025-07-17 18:35:33] Heartbeat: 17/07/2025 18:35:33
[MQTT] Mensagem recebida - Tópico: monitoramento/temperatura | Payload: 36.20
2025-07-17 18:35:33.650129 - Dado inserido: T=36.20, U=37.20
[2025-07-17 18:35:33] Dados salvos: T=36.20, U=37.20
[MQTT] Mensagem recebida - Tópico: monitoramento/heartbeat | Payload: 17/07/2025 18:35:33
[2025-07-17 18:35:33] Heartbeat: 17/07/2025 18:35:33
[MQTT] Mensagem recebida - Tópico: monitoramento/umidade | Payload: 37.20
[MQTT] Mensagem recebida - Tópico: monitoramento/heartbeat | Payload: 17/07/2025 18:45:33
[2025-07-17 18:45:33] Heartbeat: 17/07/2025 18:45:33
[MQTT] Mensagem recebida - Tópico: monitoramento/temperatura | Payload: 36.40
2025-07-17 18:45:33.452151 - Dado inserido: T=36.40, U=37.20
[2025-07-17 18:45:33] Dados salvos: T=36.40, U=37.20
[MQTT] Mensagem recebida - Tópico: monitoramento/heartbeat | Payload: 17/07/2025 18:45:33
[2025-07-17 18:45:33] Heartbeat: 17/07/2025 18:45:33
[MQTT] Mensagem recebida - Tópico: monitoramento/umidade | Payload: 37.20
[MQTT] Mensagem recebida - Tópico: monitoramento/heartbeat | Payload: 17/07/2025 18:50:23
[2025-07-17 18:50:23] Heartbeat: 17/07/2025 18:50:23
[MQTT] Mensagem recebida - Tópico: monitoramento/temperatura | Payload: 36.40
[MQTT] Mensagem recebida - Tópico: monitoramento/heartbeat | Payload: 17/07/2025 18:50:23
[2025-07-17 18:50:23] Heartbeat: 17/07/2025 18:50:23
[MQTT] Mensagem recebida - Tópico: monitoramento/umidade | Payload: 37.20
[MQTT] Mensagem recebida - Tópico: monitoramento/heartbeat | Payload: 17/07/2025 18:54:52
[2025-07-17 18:54:52] Heartbeat: 17/07/2025 18:54:52
[MQTT] Mensagem recebida - Tópico: monitoramento/temperatura | Payload: 36.60
2025-07-17 18:54:52.764132 - Dado inserido: T=36.60, U=37.20
[2025-07-17 18:54:52] Dados salvos: T=36.60, U=37.20
[MQTT] Mensagem recebida - Tópico: monitoramento/heartbeat | Payload: 17/07/2025 18:54:52
[2025-07-17 18:54:52] Heartbeat: 17/07/2025 18:54:52
[MQTT] Mensagem recebida - Tópico: monitoramento/umidade | Payload: 37.30
2025-07-17 19:03:33.768797 - Dado inserido: T=36.60, U=37.30
[2025-07-17 19:03:33] Dados salvos: T=36.60, U=37.30
[MQTT] Mensagem recebida - Tópico: monitoramento/heartbeat | Payload: 17/07/2025 19:03:33
[2025-07-17 19:03:33] Heartbeat: 17/07/2025 19:03:33
[MQTT] Mensagem recebida - Tópico: monitoramento/temperatura | Payload: 36.70
2025-07-17 19:03:34.094281 - Dado inserido: T=36.70, U=37.30
[2025-07-17 19:03:33] Dados salvos: T=36.70, U=37.30
[MQTT] Mensagem recebida - Tópico: monitoramento/heartbeat | Payload: 17/07/2025 19:03:33
[2025-07-17 19:03:34] Heartbeat: 17/07/2025 19:03:33
[MQTT] Mensagem recebida - Tópico: monitoramento/umidade | Payload: 37.90
2025-07-17 19:09:55.020579 - Dado inserido: T=36.70, U=37.90
[2025-07-17 19:09:54] Dados salvos: T=36.70, U=37.90
[MQTT] Mensagem recebida - Tópico: monitoramento/heartbeat | Payload: 17/07/2025 19:09:54
[2025-07-17 19:09:55] Heartbeat: 17/07/2025 19:09:54
[MQTT] Mensagem recebida - Tópico: monitoramento/temperatura | Payload: 36.80
2025-07-17 19:09:55.347420 - Dado inserido: T=36.80, U=37.90
[2025-07-17 19:09:55] Dados salvos: T=36.80, U=37.90
[MQTT] Mensagem recebida - Tópico: monitoramento/heartbeat | Payload: 17/07/2025 19:09:54
[2025-07-17 19:09:55] Heartbeat: 17/07/2025 19:09:54
[MQTT] Mensagem recebida - Tópico: monitoramento/umidade | Payload: 37.60
2025-07-17 19:19:55.047477 - Dado inserido: T=36.80, U=37.60
[2025-07-17 19:19:54] Dados salvos: T=36.80, U=37.60
[MQTT] Mensagem recebida - Tópico: monitoramento/heartbeat | Payload: 17/07/2025 19:19:54
[2025-07-17 19:19:55] Heartbeat: 17/07/2025 19:19:54
[MQTT] Mensagem recebida - Tópico: monitoramento/temperatura | Payload: 36.90
2025-07-17 19:19:55.373775 - Dado inserido: T=36.90, U=37.60
[2025-07-17 19:19:55] Dados salvos: T=36.90, U=37.60
[MQTT] Mensagem recebida - Tópico: monitoramento/heartbeat | Payload: 17/07/2025 19:19:54
[2025-07-17 19:19:55] Heartbeat: 17/07/2025 19:19:54
[MQTT] Mensagem recebida - Tópico: monitoramento/umidade | Payload: 37.80
2025-07-17 19:29:55.036176 - Dado inserido: T=36.90, U=37.80
[2025-07-17 19:29:54] Dados salvos: T=36.90, U=37.80
[MQTT] Mensagem recebida - Tópico: monitoramento/heartbeat | Payload: 17/07/2025 19:29:54
[2025-07-17 19:29:55] Heartbeat: 17/07/2025 19:29:54
[MQTT] Mensagem recebida - Tópico: monitoramento/temperatura | Payload: 37.00
2025-07-17 19:29:55.365387 - Dado inserido: T=37.00, U=37.80
[2025-07-17 19:29:55] Dados salvos: T=37.00, U=37.80
[MQTT] Mensagem recebida - Tópico: monitoramento/heartbeat | Payload: 17/07/2025 19:29:54
[2025-07-17 19:29:55] Heartbeat: 17/07/2025 19:29:54
[MQTT] Mensagem recebida - Tópico: monitoramento/umidade | Payload: 38.50
2025-07-17 19:39:55.053202 - Dado inserido: T=37.00, U=38.50
[2025-07-17 19:39:54] Dados salvos: T=37.00, U=38.50
[MQTT] Mensagem recebida - Tópico: monitoramento/heartbeat | Payload: 17/07/2025 19:39:54
[2025-07-17 19:39:55] Heartbeat: 17/07/2025 19:39:54
[MQTT] Mensagem recebida - Tópico: monitoramento/temperatura | Payload: 37.10
2025-07-17 19:39:55.379688 - Dado inserido: T=37.10, U=38.50
[2025-07-17 19:39:55] Dados salvos: T=37.10, U=38.50
[MQTT] Mensagem recebida - Tópico: monitoramento/heartbeat | Payload: 17/07/2025 19:39:54
[2025-07-17 19:39:55] Heartbeat: 17/07/2025 19:39:54
[MQTT] Mensagem recebida - Tópico: monitoramento/umidade | Payload: 38.10
2025-07-17 19:49:55.064585 - Dado inserido: T=37.10, U=38.10
[2025-07-17 19:49:54] Dados salvos: T=37.10, U=38.10
[MQTT] Mensagem recebida - Tópico: monitoramento/heartbeat | Payload: 17/07/2025 19:49:54
[2025-07-17 19:49:55] Heartbeat: 17/07/2025 19:49:54
[MQTT] Mensagem recebida - Tópico: monitoramento/temperatura | Payload: 37.30
2025-07-17 19:49:55.390577 - Dado inserido: T=37.30, U=38.10
[2025-07-17 19:49:55] Dados salvos: T=37.30, U=38.10
[MQTT] Mensagem recebida - Tópico: monitoramento/heartbeat | Payload: 17/07/2025 19:49:54
[2025-07-17 19:49:55] Heartbeat: 17/07/2025 19:49:54
[MQTT] Mensagem recebida - Tópico: monitoramento/umidade | Payload: 38.20
2025-07-17 19:59:55.099723 - Dado inserido: T=37.30, U=38.20
[2025-07-17 19:59:54] Dados salvos: T=37.30, U=38.20
[MQTT] Mensagem recebida - Tópico: monitoramento/heartbeat | Payload: 17/07/2025 19:59:54
[2025-07-17 19:59:55] Heartbeat: 17/07/2025 19:59:54
[MQTT] Mensagem recebida - Tópico: monitoramento/temperatura | Payload: 37.30
[MQTT] Mensagem recebida - Tópico: monitoramento/heartbeat | Payload: 17/07/2025 19:59:54
[2025-07-17 19:59:55] Heartbeat: 17/07/2025 19:59:54
[MQTT] Mensagem recebida - Tópico: monitoramento/umidade | Payload: 38.90
2025-07-17 20:09:55.104706 - Dado inserido: T=37.30, U=38.90
[2025-07-17 20:09:54] Dados salvos: T=37.30, U=38.90
[MQTT] Mensagem recebida - Tópico: monitoramento/heartbeat | Payload: 17/07/2025 20:09:54
[2025-07-17 20:09:55] Heartbeat: 17/07/2025 20:09:54
[MQTT] Mensagem recebida - Tópico: monitoramento/temperatura | Payload: 37.50
2025-07-17 20:09:55.433658 - Dado inserido: T=37.50, U=38.90
[2025-07-17 20:09:55] Dados salvos: T=37.50, U=38.90
[MQTT] Mensagem recebida - Tópico: monitoramento/heartbeat | Payload: 17/07/2025 20:09:54
[2025-07-17 20:09:55] Heartbeat: 17/07/2025 20:09:54
[MQTT] Mensagem recebida - Tópico: monitoramento/umidade | Payload: 39.00
2025-07-17 20:19:55.137309 - Dado inserido: T=37.50, U=39.00
[2025-07-17 20:19:54] Dados salvos: T=37.50, U=39.00
[MQTT] Mensagem recebida - Tópico: monitoramento/heartbeat | Payload: 17/07/2025 20:19:54
[2025-07-17 20:19:55] Heartbeat: 17/07/2025 20:19:54
[MQTT] Mensagem recebida - Tópico: monitoramento/temperatura | Payload: 37.50
[MQTT] Mensagem recebida - Tópico: monitoramento/heartbeat | Payload: 17/07/2025 20:19:54
[2025-07-17 20:19:55] Heartbeat: 17/07/2025 20:19:54
[MQTT] Mensagem recebida - Tópico: monitoramento/umidade | Payload: 38.50
2025-07-17 20:26:24.914531 - Dado inserido: T=37.50, U=38.50
[2025-07-17 20:26:24] Dados salvos: T=37.50, U=38.50
[MQTT] Mensagem recebida - Tópico: monitoramento/heartbeat | Payload: 17/07/2025 20:26:24
[2025-07-17 20:26:24] Heartbeat: 17/07/2025 20:26:24
[MQTT] Mensagem recebida - Tópico: monitoramento/temperatura | Payload: 37.60
2025-07-17 20:26:25.241178 - Dado inserido: T=37.60, U=38.50
[2025-07-17 20:26:24] Dados salvos: T=37.60, U=38.50
[MQTT] Mensagem recebida - Tópico: monitoramento/heartbeat | Payload: 17/07/2025 20:26:24
[2025-07-17 20:26:25] Heartbeat: 17/07/2025 20:26:24
[MQTT] Mensagem recebida - Tópico: monitoramento/umidade | Payload: 39.30
2025-07-17 20:36:24.903846 - Dado inserido: T=37.60, U=39.30
[2025-07-17 20:36:24] Dados salvos: T=37.60, U=39.30
[MQTT] Mensagem recebida - Tópico: monitoramento/heartbeat | Payload: 17/07/2025 20:36:24
[2025-07-17 20:36:24] Heartbeat: 17/07/2025 20:36:24
[MQTT] Mensagem recebida - Tópico: monitoramento/temperatura | Payload: 37.70
2025-07-17 20:36:25.229629 - Dado inserido: T=37.70, U=39.30
[2025-07-17 20:36:24] Dados salvos: T=37.70, U=39.30
[MQTT] Mensagem recebida - Tópico: monitoramento/heartbeat | Payload: 17/07/2025 20:36:24
[2025-07-17 20:36:25] Heartbeat: 17/07/2025 20:36:24
[MQTT] Mensagem recebida - Tópico: monitoramento/umidade | Payload: 38.60
2025-07-17 20:40:00.427748 - Dado inserido: T=37.70, U=38.60
[2025-07-17 20:40:00] Dados salvos: T=37.70, U=38.60
[MQTT] Mensagem recebida - Tópico: monitoramento/heartbeat | Payload: 17/07/2025 20:40:00
[2025-07-17 20:40:00] Heartbeat: 17/07/2025 20:40:00
[MQTT] Mensagem recebida - Tópico: monitoramento/temperatura | Payload: 37.70
[MQTT] Mensagem recebida - Tópico: monitoramento/heartbeat | Payload: 17/07/2025 20:40:00
[2025-07-17 20:40:00] Heartbeat: 17/07/2025 20:40:00
[MQTT] Mensagem recebida - Tópico: monitoramento/umidade | Payload: 39.40
2025-07-17 20:44:05.166997 - Dado inserido: T=37.70, U=39.40
[2025-07-17 20:44:04] Dados salvos: T=37.70, U=39.40
[MQTT] Mensagem recebida - Tópico: monitoramento/heartbeat | Payload: 17/07/2025 20:44:04
[2025-07-17 20:44:05] Heartbeat: 17/07/2025 20:44:04
[MQTT] Mensagem recebida - Tópico: monitoramento/temperatura | Payload: 37.70
[MQTT] Mensagem recebida - Tópico: monitoramento/heartbeat | Payload: 17/07/2025 20:44:04
[2025-07-17 20:44:05] Heartbeat: 17/07/2025 20:44:04
[MQTT] Mensagem recebida - Tópico: monitoramento/umidade | Payload: 39.40
[MQTT] Mensagem recebida - Tópico: monitoramento/heartbeat | Payload: 17/07/2025 20:54:04
[2025-07-17 20:54:04] Heartbeat: 17/07/2025 20:54:04
[MQTT] Mensagem recebida - Tópico: monitoramento/temperatura | Payload: 37.80
2025-07-17 20:54:05.266567 - Dado inserido: T=37.80, U=39.40
[2025-07-17 20:54:04] Dados salvos: T=37.80, U=39.40
[MQTT] Mensagem recebida - Tópico: monitoramento/heartbeat | Payload: 17/07/2025 20:54:04
[2025-07-17 20:54:05] Heartbeat: 17/07/2025 20:54:04
[MQTT] Mensagem recebida - Tópico: monitoramento/umidade | Payload: 39.60
2025-07-17 21:04:05.168644 - Dado inserido: T=37.80, U=39.60
[2025-07-17 21:04:04] Dados salvos: T=37.80, U=39.60
[MQTT] Mensagem recebida - Tópico: monitoramento/heartbeat | Payload: 17/07/2025 21:04:04
[2025-07-17 21:04:05] Heartbeat: 17/07/2025 21:04:04
[MQTT] Mensagem recebida - Tópico: monitoramento/temperatura | Payload: 37.80
[MQTT] Mensagem recebida - Tópico: monitoramento/heartbeat | Payload: 17/07/2025 21:04:04
[2025-07-17 21:04:05] Heartbeat: 17/07/2025 21:04:04
[MQTT] Mensagem recebida - Tópico: monitoramento/umidade | Payload: 39.00
2025-07-17 21:14:05.203108 - Dado inserido: T=37.80, U=39.00
[2025-07-17 21:14:04] Dados salvos: T=37.80, U=39.00
[MQTT] Mensagem recebida - Tópico: monitoramento/heartbeat | Payload: 17/07/2025 21:14:05
[2025-07-17 21:14:05] Heartbeat: 17/07/2025 21:14:05
[MQTT] Mensagem recebida - Tópico: monitoramento/temperatura | Payload: 38.00
2025-07-17 21:14:05.529366 - Dado inserido: T=38.00, U=39.00
[2025-07-17 21:14:05] Dados salvos: T=38.00, U=39.00
[MQTT] Mensagem recebida - Tópico: monitoramento/heartbeat | Payload: 17/07/2025 21:14:05
[2025-07-17 21:14:05] Heartbeat: 17/07/2025 21:14:05
[MQTT] Mensagem recebida - Tópico: monitoramento/umidade | Payload: 39.10
2025-07-17 21:24:05.199787 - Dado inserido: T=38.00, U=39.10
[2025-07-17 21:24:04] Dados salvos: T=38.00, U=39.10
[MQTT] Mensagem recebida - Tópico: monitoramento/heartbeat | Payload: 17/07/2025 21:24:04
[2025-07-17 21:24:05] Heartbeat: 17/07/2025 21:24:04
[MQTT] Mensagem recebida - Tópico: monitoramento/temperatura | Payload: 38.00
[MQTT] Mensagem recebida - Tópico: monitoramento/heartbeat | Payload: 17/07/2025 21:24:04
[2025-07-17 21:24:05] Heartbeat: 17/07/2025 21:24:04
[MQTT] Mensagem recebida - Tópico: monitoramento/umidade | Payload: 39.50
2025-07-17 21:34:05.251094 - Dado inserido: T=38.00, U=39.50
[2025-07-17 21:34:04] Dados salvos: T=38.00, U=39.50
[MQTT] Mensagem recebida - Tópico: monitoramento/heartbeat | Payload: 17/07/2025 21:34:04
[2025-07-17 21:34:05] Heartbeat: 17/07/2025 21:34:04
[MQTT] Mensagem recebida - Tópico: monitoramento/temperatura | Payload: 38.10
2025-07-17 21:34:05.576387 - Dado inserido: T=38.10, U=39.50
[2025-07-17 21:34:05] Dados salvos: T=38.10, U=39.50
[MQTT] Mensagem recebida - Tópico: monitoramento/heartbeat | Payload: 17/07/2025 21:34:04
[2025-07-17 21:34:05] Heartbeat: 17/07/2025 21:34:04
[MQTT] Mensagem recebida - Tópico: monitoramento/umidade | Payload: 39.30
2025-07-17 21:44:05.248357 - Dado inserido: T=38.10, U=39.30
[2025-07-17 21:44:04] Dados salvos: T=38.10, U=39.30
[MQTT] Mensagem recebida - Tópico: monitoramento/heartbeat | Payload: 17/07/2025 21:44:04
[2025-07-17 21:44:05] Heartbeat: 17/07/2025 21:44:04
[MQTT] Mensagem recebida - Tópico: monitoramento/temperatura | Payload: 38.20
2025-07-17 21:44:05.573482 - Dado inserido: T=38.20, U=39.30
[2025-07-17 21:44:05] Dados salvos: T=38.20, U=39.30
[MQTT] Mensagem recebida - Tópico: monitoramento/heartbeat | Payload: 17/07/2025 21:44:04
[2025-07-17 21:44:05] Heartbeat: 17/07/2025 21:44:04
[MQTT] Mensagem recebida - Tópico: monitoramento/umidade | Payload: 40.10
2025-07-17 21:54:05.270967 - Dado inserido: T=38.20, U=40.10
[2025-07-17 21:54:04] Dados salvos: T=38.20, U=40.10
[MQTT] Mensagem recebida - Tópico: monitoramento/heartbeat | Payload: 17/07/2025 21:54:05
[2025-07-17 21:54:05] Heartbeat: 17/07/2025 21:54:05
[MQTT] Mensagem recebida - Tópico: monitoramento/temperatura | Payload: 38.20
[MQTT] Mensagem recebida - Tópico: monitoramento/heartbeat | Payload: 17/07/2025 21:54:05
[2025-07-17 21:54:05] Heartbeat: 17/07/2025 21:54:05
[MQTT] Mensagem recebida - Tópico: monitoramento/umidade | Payload: 39.60
2025-07-17 22:04:05.312395 - Dado inserido: T=38.20, U=39.60
[2025-07-17 22:04:04] Dados salvos: T=38.20, U=39.60
[MQTT] Mensagem recebida - Tópico: monitoramento/heartbeat | Payload: 17/07/2025 22:04:04
[2025-07-17 22:04:05] Heartbeat: 17/07/2025 22:04:04
[MQTT] Mensagem recebida - Tópico: monitoramento/temperatura | Payload: 38.20
[MQTT] Mensagem recebida - Tópico: monitoramento/heartbeat | Payload: 17/07/2025 22:04:04
[2025-07-17 22:04:05] Heartbeat: 17/07/2025 22:04:04
[MQTT] Mensagem recebida - Tópico: monitoramento/umidade | Payload: 39.70
2025-07-17 22:14:05.314708 - Dado inserido: T=38.20, U=39.70
[2025-07-17 22:14:04] Dados salvos: T=38.20, U=39.70
[MQTT] Mensagem recebida - Tópico: monitoramento/heartbeat | Payload: 17/07/2025 22:14:05
[2025-07-17 22:14:05] Heartbeat: 17/07/2025 22:14:05
[MQTT] Mensagem recebida - Tópico: monitoramento/temperatura | Payload: 38.30
2025-07-17 22:14:05.640591 - Dado inserido: T=38.30, U=39.70
[2025-07-17 22:14:05] Dados salvos: T=38.30, U=39.70
[MQTT] Mensagem recebida - Tópico: monitoramento/heartbeat | Payload: 17/07/2025 22:14:05
[2025-07-17 22:14:05] Heartbeat: 17/07/2025 22:14:05
[MQTT] Mensagem recebida - Tópico: monitoramento/umidade | Payload: 39.70
[MQTT] Mensagem recebida - Tópico: monitoramento/heartbeat | Payload: 17/07/2025 22:14:50
[2025-07-17 22:14:50] Heartbeat: 17/07/2025 22:14:50
[MQTT] Mensagem recebida - Tópico: monitoramento/temperatura | Payload: 38.30
[MQTT] Mensagem recebida - Tópico: monitoramento/heartbeat | Payload: 17/07/2025 22:14:50
[2025-07-17 22:14:51] Heartbeat: 17/07/2025 22:14:50
[MQTT] Mensagem recebida - Tópico: monitoramento/umidade | Payload: 39.80
2025-07-17 22:24:51.422936 - Dado inserido: T=38.30, U=39.80
[2025-07-17 22:24:51] Dados salvos: T=38.30, U=39.80
[MQTT] Mensagem recebida - Tópico: monitoramento/heartbeat | Payload: 17/07/2025 22:24:50
[2025-07-17 22:24:51] Heartbeat: 17/07/2025 22:24:50
[MQTT] Mensagem recebida - Tópico: monitoramento/temperatura | Payload: 38.40
2025-07-17 22:24:51.748838 - Dado inserido: T=38.40, U=39.80
[2025-07-17 22:24:51] Dados salvos: T=38.40, U=39.80
[MQTT] Mensagem recebida - Tópico: monitoramento/heartbeat | Payload: 17/07/2025 22:24:50
[2025-07-17 22:24:51] Heartbeat: 17/07/2025 22:24:50
[MQTT] Mensagem recebida - Tópico: monitoramento/temperatura | Payload: Erro ao ler temperatura
2025-07-17 22:25:18.780818 - Erro ao inserir no banco: Incorrect double value: 'Erro ao ler temperatura' for column `monitoramento`.`valores`.`temperatura` at row 1
2025-07-17 22:25:18.781821 - Conectado ao banco com sucesso
[2025-07-17 22:25:18] Dados salvos: T=Erro ao ler temperatura, U=39.80
[MQTT] Mensagem recebida - Tópico: monitoramento/umidade | Payload: Erro ao ler umidade
2025-07-17 22:25:19.109860 - Erro ao inserir no banco: Incorrect double value: 'Erro ao ler temperatura' for column `monitoramento`.`valores`.`temperatura` at row 1
2025-07-17 22:25:19.110796 - Conectado ao banco com sucesso
[2025-07-17 22:25:18] Dados salvos: T=Erro ao ler temperatura, U=Erro ao ler umidade
[MQTT] Mensagem recebida - Tópico: monitoramento/heartbeat | Payload: 17/07/2025 22:25:17
[2025-07-17 22:25:19] Heartbeat: 17/07/2025 22:25:17
[MQTT] Mensagem recebida - Tópico: monitoramento/temperatura | Payload: Erro ao ler temperatura
[MQTT] Mensagem recebida - Tópico: monitoramento/umidade | Payload: Erro ao ler umidade
[MQTT] Mensagem recebida - Tópico: monitoramento/heartbeat | Payload: 17/07/2025 22:25:17
[2025-07-17 22:25:19] Heartbeat: 17/07/2025 22:25:17
[MQTT] Mensagem recebida - Tópico: monitoramento/temperatura | Payload: Erro ao ler temperatura
[MQTT] Mensagem recebida - Tópico: monitoramento/umidade | Payload: Erro ao ler umidade
[MQTT] Mensagem recebida - Tópico: monitoramento/heartbeat | Payload: 17/07/2025 22:25:17
[2025-07-17 22:25:19] Heartbeat: 17/07/2025 22:25:17
[MQTT] Mensagem recebida - Tópico: monitoramento/temperatura | Payload: Erro ao ler temperatura
[MQTT] Mensagem recebida - Tópico: monitoramento/umidade | Payload: Erro ao ler umidade
[MQTT] Mensagem recebida - Tópico: monitoramento/heartbeat | Payload: 17/07/2025 22:25:17
[2025-07-17 22:25:19] Heartbeat: 17/07/2025 22:25:17
[MQTT] Mensagem recebida - Tópico: monitoramento/temperatura | Payload: Erro ao ler temperatura
[MQTT] Mensagem recebida - Tópico: monitoramento/umidade | Payload: Erro ao ler umidade
[MQTT] Mensagem recebida - Tópico: monitoramento/heartbeat | Payload: 17/07/2025 22:25:17
[2025-07-17 22:25:19] Heartbeat: 17/07/2025 22:25:17
[MQTT] Mensagem recebida - Tópico: monitoramento/temperatura | Payload: Erro ao ler temperatura
[MQTT] Mensagem recebida - Tópico: monitoramento/umidade | Payload: Erro ao ler umidade
[MQTT] Mensagem recebida - Tópico: monitoramento/heartbeat | Payload: 17/07/2025 22:25:17
[2025-07-17 22:25:19] Heartbeat: 17/07/2025 22:25:17
[MQTT] Mensagem recebida - Tópico: monitoramento/temperatura | Payload: Erro ao ler temperatura
[MQTT] Mensagem recebida - Tópico: monitoramento/umidade | Payload: Erro ao ler umidade
[MQTT] Mensagem recebida - Tópico: monitoramento/heartbeat | Payload: 17/07/2025 22:25:17
[2025-07-17 22:25:19] Heartbeat: 17/07/2025 22:25:17
[MQTT] Mensagem recebida - Tópico: monitoramento/temperatura | Payload: Erro ao ler temperatura
[MQTT] Mensagem recebida - Tópico: monitoramento/umidade | Payload: Erro ao ler umidade
[MQTT] Mensagem recebida - Tópico: monitoramento/heartbeat | Payload: 17/07/2025 22:25:17
[2025-07-17 22:25:19] Heartbeat: 17/07/2025 22:25:17
[MQTT] Mensagem recebida - Tópico: monitoramento/temperatura | Payload: Erro ao ler temperatura
[MQTT] Mensagem recebida - Tópico: monitoramento/umidade | Payload: Erro ao ler umidade
[MQTT] Mensagem recebida - Tópico: monitoramento/heartbeat | Payload: 17/07/2025 22:25:17
[2025-07-17 22:25:19] Heartbeat: 17/07/2025 22:25:17
[MQTT] Mensagem recebida - Tópico: monitoramento/temperatura | Payload: Erro ao ler temperatura
[MQTT] Mensagem recebida - Tópico: monitoramento/umidade | Payload: Erro ao ler umidade
[MQTT] Mensagem recebida - Tópico: monitoramento/heartbeat | Payload: 17/07/2025 22:25:17
[2025-07-17 22:25:19] Heartbeat: 17/07/2025 22:25:17
[MQTT] Mensagem recebida - Tópico: monitoramento/temperatura | Payload: Erro ao ler temperatura
[MQTT] Mensagem recebida - Tópico: monitoramento/umidade | Payload: Erro ao ler umidade
[MQTT] Mensagem recebida - Tópico: monitoramento/heartbeat | Payload: 17/07/2025 22:25:17
[2025-07-17 22:25:19] Heartbeat: 17/07/2025 22:25:17
[MQTT] Mensagem recebida - Tópico: monitoramento/temperatura | Payload: Erro ao ler temperatura
[MQTT] Mensagem recebida - Tópico: monitoramento/umidade | Payload: Erro ao ler umidade
[MQTT] Mensagem recebida - Tópico: monitoramento/heartbeat | Payload: 17/07/2025 22:25:17
[2025-07-17 22:25:19] Heartbeat: 17/07/2025 22:25:17
[MQTT] Mensagem recebida - Tópico: monitoramento/temperatura | Payload: Erro ao ler temperatura
[MQTT] Mensagem recebida - Tópico: monitoramento/umidade | Payload: Erro ao ler umidade
[MQTT] Mensagem recebida - Tópico: monitoramento/heartbeat | Payload: 17/07/2025 22:25:17
[2025-07-17 22:25:19] Heartbeat: 17/07/2025 22:25:17
[MQTT] Mensagem recebida - Tópico: monitoramento/temperatura | Payload: Erro ao ler temperatura
[MQTT] Mensagem recebida - Tópico: monitoramento/umidade | Payload: Erro ao ler umidade
[MQTT] Mensagem recebida - Tópico: monitoramento/heartbeat | Payload: 17/07/2025 22:25:17
[2025-07-17 22:25:19] Heartbeat: 17/07/2025 22:25:17
[MQTT] Mensagem recebida - Tópico: monitoramento/temperatura | Payload: Erro ao ler temperatura
[MQTT] Mensagem recebida - Tópico: monitoramento/umidade | Payload: Erro ao ler umidade
[MQTT] Mensagem recebida - Tópico: monitoramento/heartbeat | Payload: 17/07/2025 22:25:17
[2025-07-17 22:25:19] Heartbeat: 17/07/2025 22:25:17
[MQTT] Mensagem recebida - Tópico: monitoramento/temperatura | Payload: Erro ao ler temperatura
[MQTT] Mensagem recebida - Tópico: monitoramento/umidade | Payload: Erro ao ler umidade
[MQTT] Mensagem recebida - Tópico: monitoramento/heartbeat | Payload: 17/07/2025 22:25:17
[2025-07-17 22:25:19] Heartbeat: 17/07/2025 22:25:17
[MQTT] Mensagem recebida - Tópico: monitoramento/temperatura | Payload: Erro ao ler temperatura
[MQTT] Mensagem recebida - Tópico: monitoramento/umidade | Payload: Erro ao ler umidade
[MQTT] Mensagem recebida - Tópico: monitoramento/heartbeat | Payload: 17/07/2025 22:25:17
[2025-07-17 22:25:19] Heartbeat: 17/07/2025 22:25:17
[MQTT] Mensagem recebida - Tópico: monitoramento/temperatura | Payload: Erro ao ler temperatura
[MQTT] Mensagem recebida - Tópico: monitoramento/umidade | Payload: Erro ao ler umidade
[MQTT] Mensagem recebida - Tópico: monitoramento/heartbeat | Payload: 17/07/2025 22:25:17
[2025-07-17 22:25:19] Heartbeat: 17/07/2025 22:25:17
[MQTT] Mensagem recebida - Tópico: monitoramento/temperatura | Payload: Erro ao ler temperatura
[MQTT] Mensagem recebida - Tópico: monitoramento/umidade | Payload: Erro ao ler umidade
[MQTT] Mensagem recebida - Tópico: monitoramento/heartbeat | Payload: 17/07/2025 22:25:17
[2025-07-17 22:25:19] Heartbeat: 17/07/2025 22:25:17
[MQTT] Mensagem recebida - Tópico: monitoramento/temperatura | Payload: Erro ao ler temperatura
[MQTT] Mensagem recebida - Tópico: monitoramento/umidade | Payload: Erro ao ler umidade
[MQTT] Mensagem recebida - Tópico: monitoramento/heartbeat | Payload: 17/07/2025 22:25:18
[2025-07-17 22:25:19] Heartbeat: 17/07/2025 22:25:18
[MQTT] Mensagem recebida - Tópico: monitoramento/temperatura | Payload: Erro ao ler temperatura
[MQTT] Mensagem recebida - Tópico: monitoramento/umidade | Payload: Erro ao ler umidade
[MQTT] Mensagem recebida - Tópico: monitoramento/heartbeat | Payload: 17/07/2025 22:25:18
[2025-07-17 22:25:19] Heartbeat: 17/07/2025 22:25:18
[MQTT] Mensagem recebida - Tópico: monitoramento/temperatura | Payload: Erro ao ler temperatura
[MQTT] Mensagem recebida - Tópico: monitoramento/umidade | Payload: Erro ao ler umidade
[MQTT] Mensagem recebida - Tópico: monitoramento/heartbeat | Payload: 17/07/2025 22:25:18
[2025-07-17 22:25:19] Heartbeat: 17/07/2025 22:25:18
[MQTT] Mensagem recebida - Tópico: monitoramento/temperatura | Payload: Erro ao ler temperatura
[MQTT] Mensagem recebida - Tópico: monitoramento/umidade | Payload: Erro ao ler umidade
[MQTT] Mensagem recebida - Tópico: monitoramento/heartbeat | Payload: 17/07/2025 22:25:18
[2025-07-17 22:25:19] Heartbeat: 17/07/2025 22:25:18
[MQTT] Mensagem recebida - Tópico: monitoramento/temperatura | Payload: Erro ao ler temperatura
[MQTT] Mensagem recebida - Tópico: monitoramento/umidade | Payload: Erro ao ler umidade
[MQTT] Mensagem recebida - Tópico: monitoramento/heartbeat | Payload: 17/07/2025 22:25:18
[2025-07-17 22:25:19] Heartbeat: 17/07/2025 22:25:18
[MQTT] Mensagem recebida - Tópico: monitoramento/temperatura | Payload: Erro ao ler temperatura
[MQTT] Mensagem recebida - Tópico: monitoramento/umidade | Payload: Erro ao ler umidade
[MQTT] Mensagem recebida - Tópico: monitoramento/heartbeat | Payload: 17/07/2025 22:25:18
[2025-07-17 22:25:19] Heartbeat: 17/07/2025 22:25:18
[MQTT] Mensagem recebida - Tópico: monitoramento/temperatura | Payload: Erro ao ler temperatura
[MQTT] Mensagem recebida - Tópico: monitoramento/umidade | Payload: Erro ao ler umidade
[MQTT] Mensagem recebida - Tópico: monitoramento/heartbeat | Payload: 17/07/2025 22:25:18
[2025-07-17 22:25:19] Heartbeat: 17/07/2025 22:25:18
[MQTT] Mensagem recebida - Tópico: monitoramento/temperatura | Payload: Erro ao ler temperatura
[MQTT] Mensagem recebida - Tópico: monitoramento/umidade | Payload: Erro ao ler umidade
[MQTT] Mensagem recebida - Tópico: monitoramento/heartbeat | Payload: 17/07/2025 22:25:18
[2025-07-17 22:25:19] Heartbeat: 17/07/2025 22:25:18
[MQTT] Mensagem recebida - Tópico: monitoramento/temperatura | Payload: Erro ao ler temperatura
[MQTT] Mensagem recebida - Tópico: monitoramento/umidade | Payload: Erro ao ler umidade
[MQTT] Mensagem recebida - Tópico: monitoramento/heartbeat | Payload: 17/07/2025 22:25:18
[2025-07-17 22:25:19] Heartbeat: 17/07/2025 22:25:18
[MQTT] Mensagem recebida - Tópico: monitoramento/temperatura | Payload: Erro ao ler temperatura
[MQTT] Mensagem recebida - Tópico: monitoramento/umidade | Payload: Erro ao ler umidade
[MQTT] Mensagem recebida - Tópico: monitoramento/heartbeat | Payload: 17/07/2025 22:25:18
[2025-07-17 22:25:19] Heartbeat: 17/07/2025 22:25:18
[MQTT] Mensagem recebida - Tópico: monitoramento/temperatura | Payload: Erro ao ler temperatura
[MQTT] Mensagem recebida - Tópico: monitoramento/umidade | Payload: Erro ao ler umidade
[MQTT] Mensagem recebida - Tópico: monitoramento/heartbeat | Payload: 17/07/2025 22:25:18
[2025-07-17 22:25:19] Heartbeat: 17/07/2025 22:25:18
[MQTT] Mensagem recebida - Tópico: monitoramento/temperatura | Payload: Erro ao ler temperatura
[MQTT] Mensagem recebida - Tópico: monitoramento/umidade | Payload: Erro ao ler umidade
[MQTT] Mensagem recebida - Tópico: monitoramento/heartbeat | Payload: 17/07/2025 22:25:18
[2025-07-17 22:25:19] Heartbeat: 17/07/2025 22:25:18
[MQTT] Mensagem recebida - Tópico: monitoramento/temperatura | Payload: Erro ao ler temperatura
[MQTT] Mensagem recebida - Tópico: monitoramento/umidade | Payload: Erro ao ler umidade
[MQTT] Mensagem recebida - Tópico: monitoramento/heartbeat | Payload: 17/07/2025 22:25:18
[2025-07-17 22:25:19] Heartbeat: 17/07/2025 22:25:18
[MQTT] Mensagem recebida - Tópico: monitoramento/temperatura | Payload: Erro ao ler temperatura
[MQTT] Mensagem recebida - Tópico: monitoramento/umidade | Payload: Erro ao ler umidade
[MQTT] Mensagem recebida - Tópico: monitoramento/heartbeat | Payload: 17/07/2025 22:25:18
[2025-07-17 22:25:19] Heartbeat: 17/07/2025 22:25:18
[MQTT] Mensagem recebida - Tópico: monitoramento/temperatura | Payload: Erro ao ler temperatura
[MQTT] Mensagem recebida - Tópico: monitoramento/umidade | Payload: Erro ao ler umidade
[MQTT] Mensagem recebida - Tópico: monitoramento/heartbeat | Payload: 17/07/2025 22:25:18
[2025-07-17 22:25:19] Heartbeat: 17/07/2025 22:25:18
[MQTT] Mensagem recebida - Tópico: monitoramento/temperatura | Payload: Erro ao ler temperatura
[MQTT] Mensagem recebida - Tópico: monitoramento/umidade | Payload: Erro ao ler umidade
[MQTT] Mensagem recebida - Tópico: monitoramento/heartbeat | Payload: 17/07/2025 22:25:18
[2025-07-17 22:25:19] Heartbeat: 17/07/2025 22:25:18
[MQTT] Mensagem recebida - Tópico: monitoramento/temperatura | Payload: Erro ao ler temperatura
[MQTT] Mensagem recebida - Tópico: monitoramento/umidade | Payload: Erro ao ler umidade
[MQTT] Mensagem recebida - Tópico: monitoramento/heartbeat | Payload: 17/07/2025 22:25:18
[2025-07-17 22:25:19] Heartbeat: 17/07/2025 22:25:18
[MQTT] Mensagem recebida - Tópico: monitoramento/temperatura | Payload: Erro ao ler temperatura
[MQTT] Mensagem recebida - Tópico: monitoramento/umidade | Payload: Erro ao ler umidade
[MQTT] Mensagem recebida - Tópico: monitoramento/heartbeat | Payload: 17/07/2025 22:25:18
[2025-07-17 22:25:19] Heartbeat: 17/07/2025 22:25:18
[MQTT] Mensagem recebida - Tópico: monitoramento/temperatura | Payload: Erro ao ler temperatura
[MQTT] Mensagem recebida - Tópico: monitoramento/umidade | Payload: Erro ao ler umidade
[MQTT] Mensagem recebida - Tópico: monitoramento/heartbeat | Payload: 17/07/2025 22:25:18
[2025-07-17 22:25:19] Heartbeat: 17/07/2025 22:25:18
[MQTT] Mensagem recebida - Tópico: monitoramento/temperatura | Payload: Erro ao ler temperatura
[MQTT] Mensagem recebida - Tópico: monitoramento/umidade | Payload: Erro ao ler umidade
[MQTT] Mensagem recebida - Tópico: monitoramento/heartbeat | Payload: 17/07/2025 22:25:18
[2025-07-17 22:25:19] Heartbeat: 17/07/2025 22:25:18
[MQTT] Mensagem recebida - Tópico: monitoramento/temperatura | Payload: Erro ao ler temperatura
[MQTT] Mensagem recebida - Tópico: monitoramento/umidade | Payload: Erro ao ler umidade
[MQTT] Mensagem recebida - Tópico: monitoramento/heartbeat | Payload: 17/07/2025 22:25:18
[2025-07-17 22:25:19] Heartbeat: 17/07/2025 22:25:18
[MQTT] Mensagem recebida - Tópico: monitoramento/temperatura | Payload: Erro ao ler temperatura
[MQTT] Mensagem recebida - Tópico: monitoramento/umidade | Payload: Erro ao ler umidade
[MQTT] Mensagem recebida - Tópico: monitoramento/heartbeat | Payload: 17/07/2025 22:25:18
[2025-07-17 22:25:19] Heartbeat: 17/07/2025 22:25:18
[MQTT] Mensagem recebida - Tópico: monitoramento/temperatura | Payload: Erro ao ler temperatura
[MQTT] Mensagem recebida - Tópico: monitoramento/umidade | Payload: Erro ao ler umidade
[MQTT] Mensagem recebida - Tópico: monitoramento/heartbeat | Payload: 17/07/2025 22:25:18
[2025-07-17 22:25:19] Heartbeat: 17/07/2025 22:25:18
[MQTT] Mensagem recebida - Tópico: monitoramento/temperatura | Payload: Erro ao ler temperatura
[MQTT] Mensagem recebida - Tópico: monitoramento/umidade | Payload: Erro ao ler umidade
[MQTT] Mensagem recebida - Tópico: monitoramento/heartbeat | Payload: 17/07/2025 22:25:18
[2025-07-17 22:25:19] Heartbeat: 17/07/2025 22:25:18
[MQTT] Mensagem recebida - Tópico: monitoramento/temperatura | Payload: Erro ao ler temperatura
[MQTT] Mensagem recebida - Tópico: monitoramento/umidade | Payload: Erro ao ler umidade
[MQTT] Mensagem recebida - Tópico: monitoramento/heartbeat | Payload: 17/07/2025 22:25:18
[2025-07-17 22:25:19] Heartbeat: 17/07/2025 22:25:18
[MQTT] Mensagem recebida - Tópico: monitoramento/temperatura | Payload: Erro ao ler temperatura
[MQTT] Mensagem recebida - Tópico: monitoramento/umidade | Payload: Erro ao ler umidade
[MQTT] Mensagem recebida - Tópico: monitoramento/heartbeat | Payload: 17/07/2025 22:25:18
[2025-07-17 22:25:19] Heartbeat: 17/07/2025 22:25:18
[MQTT] Mensagem recebida - Tópico: monitoramento/temperatura | Payload: Erro ao ler temperatura
[MQTT] Mensagem recebida - Tópico: monitoramento/umidade | Payload: Erro ao ler umidade
[MQTT] Mensagem recebida - Tópico: monitoramento/heartbeat | Payload: 17/07/2025 22:25:18
[2025-07-17 22:25:19] Heartbeat: 17/07/2025 22:25:18
[MQTT] Mensagem recebida - Tópico: monitoramento/temperatura | Payload: Erro ao ler temperatura
[MQTT] Mensagem recebida - Tópico: monitoramento/umidade | Payload: Erro ao ler umidade
[MQTT] Mensagem recebida - Tópico: monitoramento/heartbeat | Payload: 17/07/2025 22:25:18
[2025-07-17 22:25:19] Heartbeat: 17/07/2025 22:25:18
[MQTT] Mensagem recebida - Tópico: monitoramento/temperatura | Payload: Erro ao ler temperatura
[MQTT] Mensagem recebida - Tópico: monitoramento/umidade | Payload: Erro ao ler umidade
[MQTT] Mensagem recebida - Tópico: monitoramento/heartbeat | Payload: 17/07/2025 22:25:18
[2025-07-17 22:25:19] Heartbeat: 17/07/2025 22:25:18
[MQTT] Mensagem recebida - Tópico: monitoramento/temperatura | Payload: Erro ao ler temperatura
[MQTT] Mensagem recebida - Tópico: monitoramento/umidade | Payload: Erro ao ler umidade
[MQTT] Mensagem recebida - Tópico: monitoramento/heartbeat | Payload: 17/07/2025 22:25:18
[2025-07-17 22:25:19] Heartbeat: 17/07/2025 22:25:18
[MQTT] Mensagem recebida - Tópico: monitoramento/temperatura | Payload: Erro ao ler temperatura
[MQTT] Mensagem recebida - Tópico: monitoramento/umidade | Payload: Erro ao ler umidade
[MQTT] Mensagem recebida - Tópico: monitoramento/heartbeat | Payload: 17/07/2025 22:25:19
[2025-07-17 22:25:19] Heartbeat: 17/07/2025 22:25:19
[MQTT] Mensagem recebida - Tópico: monitoramento/temperatura | Payload: Erro ao ler temperatura
[MQTT] Mensagem recebida - Tópico: monitoramento/umidade | Payload: Erro ao ler umidade
[MQTT] Mensagem recebida - Tópico: monitoramento/heartbeat | Payload: 17/07/2025 22:25:19
[2025-07-17 22:25:20] Heartbeat: 17/07/2025 22:25:19
[MQTT] Mensagem recebida - Tópico: monitoramento/temperatura | Payload: Erro ao ler temperatura
[MQTT] Mensagem recebida - Tópico: monitoramento/umidade | Payload: Erro ao ler umidade
[MQTT] Mensagem recebida - Tópico: monitoramento/heartbeat | Payload: 17/07/2025 22:25:19
[2025-07-17 22:25:20] Heartbeat: 17/07/2025 22:25:19
[MQTT] Mensagem recebida - Tópico: monitoramento/umidade | Payload: 40.00
2025-07-17 22:34:51.401298 - Erro ao inserir no banco: Incorrect double value: 'Erro ao ler temperatura' for column `monitoramento`.`valores`.`temperatura` at row 1
2025-07-17 22:34:51.402300 - Conectado ao banco com sucesso
[2025-07-17 22:34:51] Dados salvos: T=Erro ao ler temperatura, U=40.00
[MQTT] Mensagem recebida - Tópico: monitoramento/heartbeat | Payload: 17/07/2025 22:34:51
[2025-07-17 22:34:51] Heartbeat: 17/07/2025 22:34:51
[MQTT] Mensagem recebida - Tópico: monitoramento/temperatura | Payload: 38.40
2025-07-17 22:34:51.732788 - Dado inserido: T=38.40, U=40.00
[2025-07-17 22:34:51] Dados salvos: T=38.40, U=40.00
[MQTT] Mensagem recebida - Tópico: monitoramento/heartbeat | Payload: 17/07/2025 22:34:51
[2025-07-17 22:34:51] Heartbeat: 17/07/2025 22:34:51
[MQTT] Mensagem recebida - Tópico: monitoramento/umidade | Payload: 40.10
2025-07-17 22:44:52.566202 - Dado inserido: T=38.40, U=40.10
[2025-07-17 22:44:52] Dados salvos: T=38.40, U=40.10
[MQTT] Mensagem recebida - Tópico: monitoramento/heartbeat | Payload: 17/07/2025 22:44:51
[2025-07-17 22:44:52] Heartbeat: 17/07/2025 22:44:51
[MQTT] Mensagem recebida - Tópico: monitoramento/temperatura | Payload: 38.50
2025-07-17 22:44:52.897628 - Dado inserido: T=38.50, U=40.10
[2025-07-17 22:44:52] Dados salvos: T=38.50, U=40.10
[MQTT] Mensagem recebida - Tópico: monitoramento/heartbeat | Payload: 17/07/2025 22:44:51
[2025-07-17 22:44:52] Heartbeat: 17/07/2025 22:44:51
[MQTT] Mensagem recebida - Tópico: monitoramento/umidade | Payload: 40.10
[MQTT] Mensagem recebida - Tópico: monitoramento/heartbeat | Payload: 17/07/2025 22:54:51
[2025-07-17 22:54:51] Heartbeat: 17/07/2025 22:54:51
[MQTT] Mensagem recebida - Tópico: monitoramento/temperatura | Payload: 38.50
[MQTT] Mensagem recebida - Tópico: monitoramento/heartbeat | Payload: 17/07/2025 22:54:51
[2025-07-17 22:54:51] Heartbeat: 17/07/2025 22:54:51
[MQTT] Mensagem recebida - Tópico: monitoramento/umidade | Payload: 40.20
2025-07-17 23:04:51.424888 - Dado inserido: T=38.50, U=40.20
[2025-07-17 23:04:51] Dados salvos: T=38.50, U=40.20
[MQTT] Mensagem recebida - Tópico: monitoramento/heartbeat | Payload: 17/07/2025 23:04:51
[2025-07-17 23:04:51] Heartbeat: 17/07/2025 23:04:51
[MQTT] Mensagem recebida - Tópico: monitoramento/temperatura | Payload: 38.60
2025-07-17 23:04:51.754850 - Dado inserido: T=38.60, U=40.20
[2025-07-17 23:04:51] Dados salvos: T=38.60, U=40.20
[MQTT] Mensagem recebida - Tópico: monitoramento/heartbeat | Payload: 17/07/2025 23:04:51
[2025-07-17 23:04:51] Heartbeat: 17/07/2025 23:04:51
[MQTT] Mensagem recebida - Tópico: monitoramento/umidade | Payload: 40.20
[MQTT] Mensagem recebida - Tópico: monitoramento/heartbeat | Payload: 17/07/2025 23:14:51
[2025-07-17 23:14:51] Heartbeat: 17/07/2025 23:14:51
[MQTT] Mensagem recebida - Tópico: monitoramento/temperatura | Payload: 38.60
[MQTT] Mensagem recebida - Tópico: monitoramento/heartbeat | Payload: 17/07/2025 23:14:51
[2025-07-17 23:14:51] Heartbeat: 17/07/2025 23:14:51
[MQTT] Mensagem recebida - Tópico: monitoramento/umidade | Payload: 40.20
[MQTT] Mensagem recebida - Tópico: monitoramento/heartbeat | Payload: 17/07/2025 23:24:51
[2025-07-17 23:24:51] Heartbeat: 17/07/2025 23:24:51
[MQTT] Mensagem recebida - Tópico: monitoramento/temperatura | Payload: 38.60
[MQTT] Mensagem recebida - Tópico: monitoramento/heartbeat | Payload: 17/07/2025 23:24:51
[2025-07-17 23:24:51] Heartbeat: 17/07/2025 23:24:51
[MQTT] Mensagem recebida - Tópico: monitoramento/umidade | Payload: 40.50
2025-07-17 23:34:51.593480 - Dado inserido: T=38.60, U=40.50
[2025-07-17 23:34:51] Dados salvos: T=38.60, U=40.50
[MQTT] Mensagem recebida - Tópico: monitoramento/heartbeat | Payload: 17/07/2025 23:34:51
[2025-07-17 23:34:51] Heartbeat: 17/07/2025 23:34:51
[MQTT] Mensagem recebida - Tópico: monitoramento/temperatura | Payload: 38.70
2025-07-17 23:34:51.923339 - Dado inserido: T=38.70, U=40.50
[2025-07-17 23:34:51] Dados salvos: T=38.70, U=40.50
[MQTT] Mensagem recebida - Tópico: monitoramento/heartbeat | Payload: 17/07/2025 23:34:51
[2025-07-17 23:34:51] Heartbeat: 17/07/2025 23:34:51
[MQTT] Mensagem recebida - Tópico: monitoramento/umidade | Payload: 40.50
[MQTT] Mensagem recebida - Tópico: monitoramento/heartbeat | Payload: 17/07/2025 23:44:51
[2025-07-17 23:44:51] Heartbeat: 17/07/2025 23:44:51
[MQTT] Mensagem recebida - Tópico: monitoramento/temperatura | Payload: 38.70
[MQTT] Mensagem recebida - Tópico: monitoramento/heartbeat | Payload: 17/07/2025 23:44:51
[2025-07-17 23:44:51] Heartbeat: 17/07/2025 23:44:51
[MQTT] Mensagem recebida - Tópico: monitoramento/umidade | Payload: 40.70
2025-07-17 23:54:51.625513 - Dado inserido: T=38.70, U=40.70
[2025-07-17 23:54:51] Dados salvos: T=38.70, U=40.70
[MQTT] Mensagem recebida - Tópico: monitoramento/heartbeat | Payload: 17/07/2025 23:54:51
[2025-07-17 23:54:51] Heartbeat: 17/07/2025 23:54:51
[MQTT] Mensagem recebida - Tópico: monitoramento/temperatura | Payload: 38.70
[MQTT] Mensagem recebida - Tópico: monitoramento/heartbeat | Payload: 17/07/2025 23:54:51
[2025-07-17 23:54:51] Heartbeat: 17/07/2025 23:54:51
[MQTT] Mensagem recebida - Tópico: monitoramento/umidade | Payload: 40.70
[MQTT] Mensagem recebida - Tópico: monitoramento/heartbeat | Payload: 18/07/2025 00:03:31
[2025-07-18 00:03:31] Heartbeat: 18/07/2025 00:03:31
[MQTT] Mensagem recebida - Tópico: monitoramento/temperatura | Payload: 38.70
[MQTT] Mensagem recebida - Tópico: monitoramento/heartbeat | Payload: 18/07/2025 00:03:31
[2025-07-18 00:03:31] Heartbeat: 18/07/2025 00:03:31
[MQTT] Mensagem recebida - Tópico: monitoramento/umidade | Payload: 40.90
2025-07-18 00:13:32.082043 - Dado inserido: T=38.70, U=40.90
[2025-07-18 00:13:31] Dados salvos: T=38.70, U=40.90
[MQTT] Mensagem recebida - Tópico: monitoramento/heartbeat | Payload: 18/07/2025 00:13:31
[2025-07-18 00:13:32] Heartbeat: 18/07/2025 00:13:31
[MQTT] Mensagem recebida - Tópico: monitoramento/temperatura | Payload: 38.80
2025-07-18 00:13:32.413107 - Dado inserido: T=38.80, U=40.90
[2025-07-18 00:13:32] Dados salvos: T=38.80, U=40.90
[MQTT] Mensagem recebida - Tópico: monitoramento/heartbeat | Payload: 18/07/2025 00:13:31
[2025-07-18 00:13:32] Heartbeat: 18/07/2025 00:13:31
[MQTT] Mensagem recebida - Tópico: monitoramento/umidade | Payload: 40.80
2025-07-18 00:23:32.124910 - Dado inserido: T=38.80, U=40.80
[2025-07-18 00:23:31] Dados salvos: T=38.80, U=40.80
[MQTT] Mensagem recebida - Tópico: monitoramento/heartbeat | Payload: 18/07/2025 00:23:31
[2025-07-18 00:23:32] Heartbeat: 18/07/2025 00:23:31
[MQTT] Mensagem recebida - Tópico: monitoramento/temperatura | Payload: 38.80
[MQTT] Mensagem recebida - Tópico: monitoramento/heartbeat | Payload: 18/07/2025 00:23:31
[2025-07-18 00:23:32] Heartbeat: 18/07/2025 00:23:31
[MQTT] Mensagem recebida - Tópico: monitoramento/umidade | Payload: 40.80
[MQTT] Mensagem recebida - Tópico: monitoramento/heartbeat | Payload: 18/07/2025 00:33:31
[2025-07-18 00:33:31] Heartbeat: 18/07/2025 00:33:31
[MQTT] Mensagem recebida - Tópico: monitoramento/temperatura | Payload: 38.80
[MQTT] Mensagem recebida - Tópico: monitoramento/heartbeat | Payload: 18/07/2025 00:33:31
[2025-07-18 00:33:31] Heartbeat: 18/07/2025 00:33:31
[MQTT] Mensagem recebida - Tópico: monitoramento/umidade | Payload: 41.30
2025-07-18 00:43:32.160425 - Dado inserido: T=38.80, U=41.30
[2025-07-18 00:43:31] Dados salvos: T=38.80, U=41.30
[MQTT] Mensagem recebida - Tópico: monitoramento/heartbeat | Payload: 18/07/2025 00:43:31
[2025-07-18 00:43:32] Heartbeat: 18/07/2025 00:43:31
[MQTT] Mensagem recebida - Tópico: monitoramento/temperatura | Payload: 38.90
2025-07-18 00:43:32.489557 - Dado inserido: T=38.90, U=41.30
[2025-07-18 00:43:32] Dados salvos: T=38.90, U=41.30
[MQTT] Mensagem recebida - Tópico: monitoramento/heartbeat | Payload: 18/07/2025 00:43:31
[2025-07-18 00:43:32] Heartbeat: 18/07/2025 00:43:31
[MQTT] Mensagem recebida - Tópico: monitoramento/umidade | Payload: 41.30
[MQTT] Mensagem recebida - Tópico: monitoramento/heartbeat | Payload: 18/07/2025 00:53:31
[2025-07-18 00:53:31] Heartbeat: 18/07/2025 00:53:31
[MQTT] Mensagem recebida - Tópico: monitoramento/temperatura | Payload: 38.90
[MQTT] Mensagem recebida - Tópico: monitoramento/heartbeat | Payload: 18/07/2025 00:53:31
[2025-07-18 00:53:31] Heartbeat: 18/07/2025 00:53:31
[MQTT] Mensagem recebida - Tópico: monitoramento/umidade | Payload: 41.40
2025-07-18 01:03:32.197290 - Dado inserido: T=38.90, U=41.40
[2025-07-18 01:03:31] Dados salvos: T=38.90, U=41.40
[MQTT] Mensagem recebida - Tópico: monitoramento/heartbeat | Payload: 18/07/2025 01:03:31
[2025-07-18 01:03:32] Heartbeat: 18/07/2025 01:03:31
[MQTT] Mensagem recebida - Tópico: monitoramento/temperatura | Payload: 38.90
[MQTT] Mensagem recebida - Tópico: monitoramento/heartbeat | Payload: 18/07/2025 01:03:31
[2025-07-18 01:03:32] Heartbeat: 18/07/2025 01:03:31
[MQTT] Mensagem recebida - Tópico: monitoramento/umidade | Payload: 41.10
2025-07-18 01:13:32.264293 - Dado inserido: T=38.90, U=41.10
[2025-07-18 01:13:31] Dados salvos: T=38.90, U=41.10
[MQTT] Mensagem recebida - Tópico: monitoramento/heartbeat | Payload: 18/07/2025 01:13:31
[2025-07-18 01:13:32] Heartbeat: 18/07/2025 01:13:31
[MQTT] Mensagem recebida - Tópico: monitoramento/temperatura | Payload: 38.90
[MQTT] Mensagem recebida - Tópico: monitoramento/heartbeat | Payload: 18/07/2025 01:13:31
[2025-07-18 01:13:32] Heartbeat: 18/07/2025 01:13:31
[MQTT] Mensagem recebida - Tópico: monitoramento/umidade | Payload: 41.50
2025-07-18 01:23:32.322258 - Dado inserido: T=38.90, U=41.50
[2025-07-18 01:23:31] Dados salvos: T=38.90, U=41.50
[MQTT] Mensagem recebida - Tópico: monitoramento/heartbeat | Payload: 18/07/2025 01:23:31
[2025-07-18 01:23:32] Heartbeat: 18/07/2025 01:23:31
[MQTT] Mensagem recebida - Tópico: monitoramento/temperatura | Payload: 39.00
2025-07-18 01:23:32.652974 - Dado inserido: T=39.00, U=41.50
[2025-07-18 01:23:32] Dados salvos: T=39.00, U=41.50
[MQTT] Mensagem recebida - Tópico: monitoramento/heartbeat | Payload: 18/07/2025 01:23:31
[2025-07-18 01:23:32] Heartbeat: 18/07/2025 01:23:31
[MQTT] Mensagem recebida - Tópico: monitoramento/umidade | Payload: 41.20
2025-07-18 01:33:33.384399 - Dado inserido: T=39.00, U=41.20
[2025-07-18 01:33:32] Dados salvos: T=39.00, U=41.20
[MQTT] Mensagem recebida - Tópico: monitoramento/heartbeat | Payload: 18/07/2025 01:33:31
[2025-07-18 01:33:33] Heartbeat: 18/07/2025 01:33:31
[MQTT] Mensagem recebida - Tópico: monitoramento/temperatura | Payload: 39.00
[MQTT] Mensagem recebida - Tópico: monitoramento/heartbeat | Payload: 18/07/2025 01:33:31
[2025-07-18 01:33:33] Heartbeat: 18/07/2025 01:33:31
[MQTT] Mensagem recebida - Tópico: monitoramento/umidade | Payload: 41.10
2025-07-18 01:38:29.493050 - Dado inserido: T=39.00, U=41.10
[2025-07-18 01:38:29] Dados salvos: T=39.00, U=41.10
[MQTT] Mensagem recebida - Tópico: monitoramento/heartbeat | Payload: 18/07/2025 01:38:29
[2025-07-18 01:38:29] Heartbeat: 18/07/2025 01:38:29
[MQTT] Mensagem recebida - Tópico: monitoramento/temperatura | Payload: 39.00
[MQTT] Mensagem recebida - Tópico: monitoramento/heartbeat | Payload: 18/07/2025 01:38:29
[2025-07-18 01:38:29] Heartbeat: 18/07/2025 01:38:29
[MQTT] Mensagem recebida - Tópico: monitoramento/umidade | Payload: 41.50
2025-07-18 01:48:29.504106 - Dado inserido: T=39.00, U=41.50
[2025-07-18 01:48:29] Dados salvos: T=39.00, U=41.50
[MQTT] Mensagem recebida - Tópico: monitoramento/heartbeat | Payload: 18/07/2025 01:48:29
[2025-07-18 01:48:29] Heartbeat: 18/07/2025 01:48:29
[MQTT] Mensagem recebida - Tópico: monitoramento/temperatura | Payload: 39.00
[MQTT] Mensagem recebida - Tópico: monitoramento/heartbeat | Payload: 18/07/2025 01:48:29
[2025-07-18 01:48:29] Heartbeat: 18/07/2025 01:48:29
[MQTT] Mensagem recebida - Tópico: monitoramento/umidade | Payload: 41.50
[MQTT] Mensagem recebida - Tópico: monitoramento/heartbeat | Payload: 18/07/2025 01:58:29
[2025-07-18 01:58:29] Heartbeat: 18/07/2025 01:58:29
[MQTT] Mensagem recebida - Tópico: monitoramento/temperatura | Payload: 39.00
[MQTT] Mensagem recebida - Tópico: monitoramento/heartbeat | Payload: 18/07/2025 01:58:29
[2025-07-18 01:58:29] Heartbeat: 18/07/2025 01:58:29
[MQTT] Mensagem recebida - Tópico: monitoramento/umidade | Payload: 41.50
[MQTT] Mensagem recebida - Tópico: monitoramento/heartbeat | Payload: 18/07/2025 02:08:29
[2025-07-18 02:08:29] Heartbeat: 18/07/2025 02:08:29
[MQTT] Mensagem recebida - Tópico: monitoramento/temperatura | Payload: 39.10
2025-07-18 02:08:29.708535 - Dado inserido: T=39.10, U=41.50
[2025-07-18 02:08:29] Dados salvos: T=39.10, U=41.50
[MQTT] Mensagem recebida - Tópico: monitoramento/heartbeat | Payload: 18/07/2025 02:08:29
[2025-07-18 02:08:29] Heartbeat: 18/07/2025 02:08:29
[MQTT] Mensagem recebida - Tópico: monitoramento/umidade | Payload: 41.50
[MQTT] Mensagem recebida - Tópico: monitoramento/heartbeat | Payload: 18/07/2025 02:09:02
[2025-07-18 02:09:02] Heartbeat: 18/07/2025 02:09:02
[MQTT] Mensagem recebida - Tópico: monitoramento/temperatura | Payload: 39.10
[MQTT] Mensagem recebida - Tópico: monitoramento/heartbeat | Payload: 18/07/2025 02:09:02
[2025-07-18 02:09:03] Heartbeat: 18/07/2025 02:09:02
[MQTT] Mensagem recebida - Tópico: monitoramento/umidade | Payload: 41.40
2025-07-18 02:19:03.306852 - Dado inserido: T=39.10, U=41.40
[2025-07-18 02:19:02] Dados salvos: T=39.10, U=41.40
[MQTT] Mensagem recebida - Tópico: monitoramento/heartbeat | Payload: 18/07/2025 02:19:02
[2025-07-18 02:19:03] Heartbeat: 18/07/2025 02:19:02
[MQTT] Mensagem recebida - Tópico: monitoramento/temperatura | Payload: 39.10
[MQTT] Mensagem recebida - Tópico: monitoramento/heartbeat | Payload: 18/07/2025 02:19:02
[2025-07-18 02:19:03] Heartbeat: 18/07/2025 02:19:02
[MQTT] Mensagem recebida - Tópico: monitoramento/umidade | Payload: 41.60
2025-07-18 02:29:03.352135 - Dado inserido: T=39.10, U=41.60
[2025-07-18 02:29:02] Dados salvos: T=39.10, U=41.60
[MQTT] Mensagem recebida - Tópico: monitoramento/heartbeat | Payload: 18/07/2025 02:29:02
[2025-07-18 02:29:03] Heartbeat: 18/07/2025 02:29:02
[MQTT] Mensagem recebida - Tópico: monitoramento/temperatura | Payload: 39.10
[MQTT] Mensagem recebida - Tópico: monitoramento/heartbeat | Payload: 18/07/2025 02:29:02
[2025-07-18 02:29:03] Heartbeat: 18/07/2025 02:29:02
[MQTT] Mensagem recebida - Tópico: monitoramento/umidade | Payload: 41.70
2025-07-18 02:31:35.792582 - Dado inserido: T=39.10, U=41.70
[2025-07-18 02:31:35] Dados salvos: T=39.10, U=41.70
[MQTT] Mensagem recebida - Tópico: monitoramento/heartbeat | Payload: 18/07/2025 02:31:35
[2025-07-18 02:31:35] Heartbeat: 18/07/2025 02:31:35
[MQTT] Mensagem recebida - Tópico: monitoramento/temperatura | Payload: 39.10
[MQTT] Mensagem recebida - Tópico: monitoramento/heartbeat | Payload: 18/07/2025 02:31:35
[2025-07-18 02:31:35] Heartbeat: 18/07/2025 02:31:35
[MQTT] Mensagem recebida - Tópico: monitoramento/umidade | Payload: 41.60
2025-07-18 02:41:35.781326 - Dado inserido: T=39.10, U=41.60
[2025-07-18 02:41:35] Dados salvos: T=39.10, U=41.60
[MQTT] Mensagem recebida - Tópico: monitoramento/heartbeat | Payload: 18/07/2025 02:41:35
[2025-07-18 02:41:35] Heartbeat: 18/07/2025 02:41:35
[MQTT] Mensagem recebida - Tópico: monitoramento/temperatura | Payload: 39.10
[MQTT] Mensagem recebida - Tópico: monitoramento/heartbeat | Payload: 18/07/2025 02:41:35
[2025-07-18 02:41:35] Heartbeat: 18/07/2025 02:41:35
[MQTT] Mensagem recebida - Tópico: monitoramento/umidade | Payload: 41.50
2025-07-18 02:51:35.811867 - Dado inserido: T=39.10, U=41.50
[2025-07-18 02:51:35] Dados salvos: T=39.10, U=41.50
[MQTT] Mensagem recebida - Tópico: monitoramento/heartbeat | Payload: 18/07/2025 02:51:35
[2025-07-18 02:51:35] Heartbeat: 18/07/2025 02:51:35
[MQTT] Mensagem recebida - Tópico: monitoramento/temperatura | Payload: 39.10
[MQTT] Mensagem recebida - Tópico: monitoramento/heartbeat | Payload: 18/07/2025 02:51:35
[2025-07-18 02:51:35] Heartbeat: 18/07/2025 02:51:35
[MQTT] Mensagem recebida - Tópico: monitoramento/umidade | Payload: 41.80
2025-07-18 03:01:35.838999 - Dado inserido: T=39.10, U=41.80
[2025-07-18 03:01:35] Dados salvos: T=39.10, U=41.80
[MQTT] Mensagem recebida - Tópico: monitoramento/heartbeat | Payload: 18/07/2025 03:01:35
[2025-07-18 03:01:35] Heartbeat: 18/07/2025 03:01:35
[MQTT] Mensagem recebida - Tópico: monitoramento/temperatura | Payload: 39.20
2025-07-18 03:01:36.168837 - Dado inserido: T=39.20, U=41.80
[2025-07-18 03:01:35] Dados salvos: T=39.20, U=41.80
[MQTT] Mensagem recebida - Tópico: monitoramento/heartbeat | Payload: 18/07/2025 03:01:35
[2025-07-18 03:01:36] Heartbeat: 18/07/2025 03:01:35
[MQTT] Mensagem recebida - Tópico: monitoramento/umidade | Payload: 41.80
[MQTT] Mensagem recebida - Tópico: monitoramento/heartbeat | Payload: 18/07/2025 03:11:35
[2025-07-18 03:11:35] Heartbeat: 18/07/2025 03:11:35
[MQTT] Mensagem recebida - Tópico: monitoramento/temperatura | Payload: 39.20
[MQTT] Mensagem recebida - Tópico: monitoramento/heartbeat | Payload: 18/07/2025 03:11:35
[2025-07-18 03:11:35] Heartbeat: 18/07/2025 03:11:35
[MQTT] Mensagem recebida - Tópico: monitoramento/umidade | Payload: 41.90
2025-07-18 03:21:35.869579 - Dado inserido: T=39.20, U=41.90
[2025-07-18 03:21:35] Dados salvos: T=39.20, U=41.90
[MQTT] Mensagem recebida - Tópico: monitoramento/heartbeat | Payload: 18/07/2025 03:21:35
[2025-07-18 03:21:35] Heartbeat: 18/07/2025 03:21:35
[MQTT] Mensagem recebida - Tópico: monitoramento/temperatura | Payload: 39.20
[MQTT] Mensagem recebida - Tópico: monitoramento/heartbeat | Payload: 18/07/2025 03:21:35
[2025-07-18 03:21:35] Heartbeat: 18/07/2025 03:21:35
[MQTT] Mensagem recebida - Tópico: monitoramento/umidade | Payload: 42.10
2025-07-18 03:31:35.896490 - Dado inserido: T=39.20, U=42.10
[2025-07-18 03:31:35] Dados salvos: T=39.20, U=42.10
[MQTT] Mensagem recebida - Tópico: monitoramento/heartbeat | Payload: 18/07/2025 03:31:35
[2025-07-18 03:31:35] Heartbeat: 18/07/2025 03:31:35
[MQTT] Mensagem recebida - Tópico: monitoramento/temperatura | Payload: 39.20
[MQTT] Mensagem recebida - Tópico: monitoramento/heartbeat | Payload: 18/07/2025 03:31:35
[2025-07-18 03:31:35] Heartbeat: 18/07/2025 03:31:35
[MQTT] Mensagem recebida - Tópico: monitoramento/umidade | Payload: 42.10
[MQTT] Mensagem recebida - Tópico: monitoramento/heartbeat | Payload: 18/07/2025 03:41:35
[2025-07-18 03:41:35] Heartbeat: 18/07/2025 03:41:35
[MQTT] Mensagem recebida - Tópico: monitoramento/temperatura | Payload: 39.20
[MQTT] Mensagem recebida - Tópico: monitoramento/heartbeat | Payload: 18/07/2025 03:41:35
[2025-07-18 03:41:35] Heartbeat: 18/07/2025 03:41:35
[MQTT] Mensagem recebida - Tópico: monitoramento/umidade | Payload: 42.10
[MQTT] Mensagem recebida - Tópico: monitoramento/heartbeat | Payload: 18/07/2025 03:51:35
[2025-07-18 03:51:35] Heartbeat: 18/07/2025 03:51:35
[MQTT] Mensagem recebida - Tópico: monitoramento/temperatura | Payload: 39.20
[MQTT] Mensagem recebida - Tópico: monitoramento/heartbeat | Payload: 18/07/2025 03:51:35
[2025-07-18 03:51:35] Heartbeat: 18/07/2025 03:51:35
[MQTT] Mensagem recebida - Tópico: monitoramento/umidade | Payload: 42.00
2025-07-18 04:01:35.918141 - Dado inserido: T=39.20, U=42.00
[2025-07-18 04:01:35] Dados salvos: T=39.20, U=42.00
[MQTT] Mensagem recebida - Tópico: monitoramento/heartbeat | Payload: 18/07/2025 04:01:35
[2025-07-18 04:01:35] Heartbeat: 18/07/2025 04:01:35
[MQTT] Mensagem recebida - Tópico: monitoramento/temperatura | Payload: 39.20
[MQTT] Mensagem recebida - Tópico: monitoramento/heartbeat | Payload: 18/07/2025 04:01:35
[2025-07-18 04:01:35] Heartbeat: 18/07/2025 04:01:35
[MQTT] Mensagem recebida - Tópico: monitoramento/temperatura | Payload: Erro ao ler temperatura
2025-07-18 04:08:27.033542 - Erro ao inserir no banco: Incorrect double value: 'Erro ao ler temperatura' for column `monitoramento`.`valores`.`temperatura` at row 1
2025-07-18 04:08:27.034455 - Conectado ao banco com sucesso
[2025-07-18 04:08:26] Dados salvos: T=Erro ao ler temperatura, U=42.00
[MQTT] Mensagem recebida - Tópico: monitoramento/umidade | Payload: Erro ao ler umidade
2025-07-18 04:08:27.374345 - Erro ao inserir no banco: Incorrect double value: 'Erro ao ler temperatura' for column `monitoramento`.`valores`.`temperatura` at row 1
2025-07-18 04:08:27.375328 - Conectado ao banco com sucesso
[2025-07-18 04:08:27] Dados salvos: T=Erro ao ler temperatura, U=Erro ao ler umidade
[MQTT] Mensagem recebida - Tópico: monitoramento/heartbeat | Payload: 18/07/2025 04:08:26
[2025-07-18 04:08:27] Heartbeat: 18/07/2025 04:08:26
[MQTT] Mensagem recebida - Tópico: monitoramento/temperatura | Payload: Erro ao ler temperatura
[MQTT] Mensagem recebida - Tópico: monitoramento/umidade | Payload: Erro ao ler umidade
[MQTT] Mensagem recebida - Tópico: monitoramento/heartbeat | Payload: 18/07/2025 04:08:26
[2025-07-18 04:08:27] Heartbeat: 18/07/2025 04:08:26
[MQTT] Mensagem recebida - Tópico: monitoramento/temperatura | Payload: Erro ao ler temperatura
[MQTT] Mensagem recebida - Tópico: monitoramento/umidade | Payload: Erro ao ler umidade
[MQTT] Mensagem recebida - Tópico: monitoramento/heartbeat | Payload: 18/07/2025 04:08:26
[2025-07-18 04:08:27] Heartbeat: 18/07/2025 04:08:26
[MQTT] Mensagem recebida - Tópico: monitoramento/temperatura | Payload: Erro ao ler temperatura
[MQTT] Mensagem recebida - Tópico: monitoramento/umidade | Payload: Erro ao ler umidade
[MQTT] Mensagem recebida - Tópico: monitoramento/heartbeat | Payload: 18/07/2025 04:08:26
[2025-07-18 04:08:27] Heartbeat: 18/07/2025 04:08:26
[MQTT] Mensagem recebida - Tópico: monitoramento/temperatura | Payload: Erro ao ler temperatura
[MQTT] Mensagem recebida - Tópico: monitoramento/umidade | Payload: Erro ao ler umidade
[MQTT] Mensagem recebida - Tópico: monitoramento/heartbeat | Payload: 18/07/2025 04:08:26
[2025-07-18 04:08:27] Heartbeat: 18/07/2025 04:08:26
[MQTT] Mensagem recebida - Tópico: monitoramento/temperatura | Payload: Erro ao ler temperatura
[MQTT] Mensagem recebida - Tópico: monitoramento/umidade | Payload: Erro ao ler umidade
[MQTT] Mensagem recebida - Tópico: monitoramento/heartbeat | Payload: 18/07/2025 04:08:26
[2025-07-18 04:08:27] Heartbeat: 18/07/2025 04:08:26
[MQTT] Mensagem recebida - Tópico: monitoramento/temperatura | Payload: Erro ao ler temperatura
[MQTT] Mensagem recebida - Tópico: monitoramento/umidade | Payload: Erro ao ler umidade
[MQTT] Mensagem recebida - Tópico: monitoramento/heartbeat | Payload: 18/07/2025 04:08:26
[2025-07-18 04:08:27] Heartbeat: 18/07/2025 04:08:26
[MQTT] Mensagem recebida - Tópico: monitoramento/temperatura | Payload: Erro ao ler temperatura
[MQTT] Mensagem recebida - Tópico: monitoramento/umidade | Payload: Erro ao ler umidade
[MQTT] Mensagem recebida - Tópico: monitoramento/heartbeat | Payload: 18/07/2025 04:08:26
[2025-07-18 04:08:27] Heartbeat: 18/07/2025 04:08:26
[MQTT] Mensagem recebida - Tópico: monitoramento/temperatura | Payload: Erro ao ler temperatura
[MQTT] Mensagem recebida - Tópico: monitoramento/umidade | Payload: Erro ao ler umidade
[MQTT] Mensagem recebida - Tópico: monitoramento/heartbeat | Payload: 18/07/2025 04:08:26
[2025-07-18 04:08:27] Heartbeat: 18/07/2025 04:08:26
[MQTT] Mensagem recebida - Tópico: monitoramento/temperatura | Payload: Erro ao ler temperatura
[MQTT] Mensagem recebida - Tópico: monitoramento/umidade | Payload: Erro ao ler umidade
[MQTT] Mensagem recebida - Tópico: monitoramento/heartbeat | Payload: 18/07/2025 04:08:26
[2025-07-18 04:08:27] Heartbeat: 18/07/2025 04:08:26
[MQTT] Mensagem recebida - Tópico: monitoramento/temperatura | Payload: Erro ao ler temperatura
[MQTT] Mensagem recebida - Tópico: monitoramento/umidade | Payload: Erro ao ler umidade
[MQTT] Mensagem recebida - Tópico: monitoramento/heartbeat | Payload: 18/07/2025 04:08:26
[2025-07-18 04:08:27] Heartbeat: 18/07/2025 04:08:26
[MQTT] Mensagem recebida - Tópico: monitoramento/temperatura | Payload: Erro ao ler temperatura
[MQTT] Mensagem recebida - Tópico: monitoramento/umidade | Payload: Erro ao ler umidade
[MQTT] Mensagem recebida - Tópico: monitoramento/heartbeat | Payload: 18/07/2025 04:08:26
[2025-07-18 04:08:27] Heartbeat: 18/07/2025 04:08:26
[MQTT] Mensagem recebida - Tópico: monitoramento/temperatura | Payload: Erro ao ler temperatura
[MQTT] Mensagem recebida - Tópico: monitoramento/umidade | Payload: Erro ao ler umidade
[MQTT] Mensagem recebida - Tópico: monitoramento/heartbeat | Payload: 18/07/2025 04:08:26
[2025-07-18 04:08:27] Heartbeat: 18/07/2025 04:08:26
[MQTT] Mensagem recebida - Tópico: monitoramento/temperatura | Payload: Erro ao ler temperatura
[MQTT] Mensagem recebida - Tópico: monitoramento/umidade | Payload: Erro ao ler umidade
[MQTT] Mensagem recebida - Tópico: monitoramento/heartbeat | Payload: 18/07/2025 04:08:26
[2025-07-18 04:08:27] Heartbeat: 18/07/2025 04:08:26
[MQTT] Mensagem recebida - Tópico: monitoramento/temperatura | Payload: Erro ao ler temperatura
[MQTT] Mensagem recebida - Tópico: monitoramento/umidade | Payload: Erro ao ler umidade
[MQTT] Mensagem recebida - Tópico: monitoramento/heartbeat | Payload: 18/07/2025 04:08:26
[2025-07-18 04:08:27] Heartbeat: 18/07/2025 04:08:26
[MQTT] Mensagem recebida - Tópico: monitoramento/temperatura | Payload: Erro ao ler temperatura
[MQTT] Mensagem recebida - Tópico: monitoramento/umidade | Payload: Erro ao ler umidade
[MQTT] Mensagem recebida - Tópico: monitoramento/heartbeat | Payload: 18/07/2025 04:08:26
[2025-07-18 04:08:27] Heartbeat: 18/07/2025 04:08:26
[MQTT] Mensagem recebida - Tópico: monitoramento/temperatura | Payload: Erro ao ler temperatura
[MQTT] Mensagem recebida - Tópico: monitoramento/umidade | Payload: Erro ao ler umidade
[MQTT] Mensagem recebida - Tópico: monitoramento/heartbeat | Payload: 18/07/2025 04:08:26
[2025-07-18 04:08:27] Heartbeat: 18/07/2025 04:08:26
[MQTT] Mensagem recebida - Tópico: monitoramento/temperatura | Payload: Erro ao ler temperatura
[MQTT] Mensagem recebida - Tópico: monitoramento/umidade | Payload: Erro ao ler umidade
[MQTT] Mensagem recebida - Tópico: monitoramento/heartbeat | Payload: 18/07/2025 04:08:26
[2025-07-18 04:08:27] Heartbeat: 18/07/2025 04:08:26
[MQTT] Mensagem recebida - Tópico: monitoramento/temperatura | Payload: Erro ao ler temperatura
[MQTT] Mensagem recebida - Tópico: monitoramento/umidade | Payload: Erro ao ler umidade
[MQTT] Mensagem recebida - Tópico: monitoramento/heartbeat | Payload: 18/07/2025 04:08:26
[2025-07-18 04:08:27] Heartbeat: 18/07/2025 04:08:26
[MQTT] Mensagem recebida - Tópico: monitoramento/temperatura | Payload: Erro ao ler temperatura
[MQTT] Mensagem recebida - Tópico: monitoramento/umidade | Payload: Erro ao ler umidade
[MQTT] Mensagem recebida - Tópico: monitoramento/heartbeat | Payload: 18/07/2025 04:08:26
[2025-07-18 04:08:27] Heartbeat: 18/07/2025 04:08:26
[MQTT] Mensagem recebida - Tópico: monitoramento/temperatura | Payload: Erro ao ler temperatura
[MQTT] Mensagem recebida - Tópico: monitoramento/umidade | Payload: Erro ao ler umidade
[MQTT] Mensagem recebida - Tópico: monitoramento/heartbeat | Payload: 18/07/2025 04:08:26
[2025-07-18 04:08:27] Heartbeat: 18/07/2025 04:08:26
[MQTT] Mensagem recebida - Tópico: monitoramento/temperatura | Payload: Erro ao ler temperatura
[MQTT] Mensagem recebida - Tópico: monitoramento/umidade | Payload: Erro ao ler umidade
[MQTT] Mensagem recebida - Tópico: monitoramento/heartbeat | Payload: 18/07/2025 04:08:26
[2025-07-18 04:08:27] Heartbeat: 18/07/2025 04:08:26
[MQTT] Mensagem recebida - Tópico: monitoramento/temperatura | Payload: Erro ao ler temperatura
[MQTT] Mensagem recebida - Tópico: monitoramento/umidade | Payload: Erro ao ler umidade
[MQTT] Mensagem recebida - Tópico: monitoramento/heartbeat | Payload: 18/07/2025 04:08:26
[2025-07-18 04:08:27] Heartbeat: 18/07/2025 04:08:26
[MQTT] Mensagem recebida - Tópico: monitoramento/temperatura | Payload: Erro ao ler temperatura
[MQTT] Mensagem recebida - Tópico: monitoramento/umidade | Payload: Erro ao ler umidade
[MQTT] Mensagem recebida - Tópico: monitoramento/heartbeat | Payload: 18/07/2025 04:08:26
[2025-07-18 04:08:27] Heartbeat: 18/07/2025 04:08:26
[MQTT] Mensagem recebida - Tópico: monitoramento/temperatura | Payload: Erro ao ler temperatura
[MQTT] Mensagem recebida - Tópico: monitoramento/umidade | Payload: Erro ao ler umidade
[MQTT] Mensagem recebida - Tópico: monitoramento/heartbeat | Payload: 18/07/2025 04:08:26
[2025-07-18 04:08:27] Heartbeat: 18/07/2025 04:08:26
[MQTT] Mensagem recebida - Tópico: monitoramento/temperatura | Payload: Erro ao ler temperatura
[MQTT] Mensagem recebida - Tópico: monitoramento/umidade | Payload: Erro ao ler umidade
[MQTT] Mensagem recebida - Tópico: monitoramento/heartbeat | Payload: 18/07/2025 04:08:26
[2025-07-18 04:08:27] Heartbeat: 18/07/2025 04:08:26
[MQTT] Mensagem recebida - Tópico: monitoramento/temperatura | Payload: Erro ao ler temperatura
[MQTT] Mensagem recebida - Tópico: monitoramento/umidade | Payload: Erro ao ler umidade
[MQTT] Mensagem recebida - Tópico: monitoramento/heartbeat | Payload: 18/07/2025 04:08:26
[2025-07-18 04:08:27] Heartbeat: 18/07/2025 04:08:26
[MQTT] Mensagem recebida - Tópico: monitoramento/temperatura | Payload: Erro ao ler temperatura
[MQTT] Mensagem recebida - Tópico: monitoramento/umidade | Payload: Erro ao ler umidade
[MQTT] Mensagem recebida - Tópico: monitoramento/heartbeat | Payload: 18/07/2025 04:08:26
[2025-07-18 04:08:27] Heartbeat: 18/07/2025 04:08:26
[MQTT] Mensagem recebida - Tópico: monitoramento/temperatura | Payload: Erro ao ler temperatura
[MQTT] Mensagem recebida - Tópico: monitoramento/umidade | Payload: Erro ao ler umidade
[MQTT] Mensagem recebida - Tópico: monitoramento/heartbeat | Payload: 18/07/2025 04:08:26
[2025-07-18 04:08:27] Heartbeat: 18/07/2025 04:08:26
[MQTT] Mensagem recebida - Tópico: monitoramento/temperatura | Payload: Erro ao ler temperatura
[MQTT] Mensagem recebida - Tópico: monitoramento/umidade | Payload: Erro ao ler umidade
[MQTT] Mensagem recebida - Tópico: monitoramento/heartbeat | Payload: 18/07/2025 04:08:26
[2025-07-18 04:08:27] Heartbeat: 18/07/2025 04:08:26
[MQTT] Mensagem recebida - Tópico: monitoramento/temperatura | Payload: Erro ao ler temperatura
[MQTT] Mensagem recebida - Tópico: monitoramento/umidade | Payload: Erro ao ler umidade
[MQTT] Mensagem recebida - Tópico: monitoramento/heartbeat | Payload: 18/07/2025 04:08:27
[2025-07-18 04:08:27] Heartbeat: 18/07/2025 04:08:27
[MQTT] Mensagem recebida - Tópico: monitoramento/temperatura | Payload: Erro ao ler temperatura
[MQTT] Mensagem recebida - Tópico: monitoramento/umidade | Payload: Erro ao ler umidade
[MQTT] Mensagem recebida - Tópico: monitoramento/heartbeat | Payload: 18/07/2025 04:08:27
[2025-07-18 04:08:27] Heartbeat: 18/07/2025 04:08:27
[MQTT] Mensagem recebida - Tópico: monitoramento/temperatura | Payload: Erro ao ler temperatura
[MQTT] Mensagem recebida - Tópico: monitoramento/umidade | Payload: Erro ao ler umidade
[MQTT] Mensagem recebida - Tópico: monitoramento/heartbeat | Payload: 18/07/2025 04:08:27
[2025-07-18 04:08:27] Heartbeat: 18/07/2025 04:08:27
[MQTT] Mensagem recebida - Tópico: monitoramento/temperatura | Payload: Erro ao ler temperatura
[MQTT] Mensagem recebida - Tópico: monitoramento/umidade | Payload: Erro ao ler umidade
[MQTT] Mensagem recebida - Tópico: monitoramento/heartbeat | Payload: 18/07/2025 04:08:27
[2025-07-18 04:08:27] Heartbeat: 18/07/2025 04:08:27
[MQTT] Mensagem recebida - Tópico: monitoramento/temperatura | Payload: Erro ao ler temperatura
[MQTT] Mensagem recebida - Tópico: monitoramento/umidade | Payload: Erro ao ler umidade
[MQTT] Mensagem recebida - Tópico: monitoramento/heartbeat | Payload: 18/07/2025 04:08:27
[2025-07-18 04:08:27] Heartbeat: 18/07/2025 04:08:27
[MQTT] Mensagem recebida - Tópico: monitoramento/temperatura | Payload: Erro ao ler temperatura
[MQTT] Mensagem recebida - Tópico: monitoramento/umidade | Payload: Erro ao ler umidade
[MQTT] Mensagem recebida - Tópico: monitoramento/heartbeat | Payload: 18/07/2025 04:08:27
[2025-07-18 04:08:27] Heartbeat: 18/07/2025 04:08:27
[MQTT] Mensagem recebida - Tópico: monitoramento/temperatura | Payload: Erro ao ler temperatura
[MQTT] Mensagem recebida - Tópico: monitoramento/umidade | Payload: Erro ao ler umidade
[MQTT] Mensagem recebida - Tópico: monitoramento/heartbeat | Payload: 18/07/2025 04:08:27
[2025-07-18 04:08:27] Heartbeat: 18/07/2025 04:08:27
[MQTT] Mensagem recebida - Tópico: monitoramento/temperatura | Payload: Erro ao ler temperatura
[MQTT] Mensagem recebida - Tópico: monitoramento/umidade | Payload: Erro ao ler umidade
[MQTT] Mensagem recebida - Tópico: monitoramento/heartbeat | Payload: 18/07/2025 04:08:27
[2025-07-18 04:08:27] Heartbeat: 18/07/2025 04:08:27
[MQTT] Mensagem recebida - Tópico: monitoramento/temperatura | Payload: Erro ao ler temperatura
[MQTT] Mensagem recebida - Tópico: monitoramento/umidade | Payload: Erro ao ler umidade
[MQTT] Mensagem recebida - Tópico: monitoramento/heartbeat | Payload: 18/07/2025 04:08:27
[2025-07-18 04:08:27] Heartbeat: 18/07/2025 04:08:27
[MQTT] Mensagem recebida - Tópico: monitoramento/temperatura | Payload: Erro ao ler temperatura
[MQTT] Mensagem recebida - Tópico: monitoramento/umidade | Payload: Erro ao ler umidade
[MQTT] Mensagem recebida - Tópico: monitoramento/heartbeat | Payload: 18/07/2025 04:08:27
[2025-07-18 04:08:27] Heartbeat: 18/07/2025 04:08:27
[MQTT] Mensagem recebida - Tópico: monitoramento/temperatura | Payload: Erro ao ler temperatura
[MQTT] Mensagem recebida - Tópico: monitoramento/umidade | Payload: Erro ao ler umidade
[MQTT] Mensagem recebida - Tópico: monitoramento/heartbeat | Payload: 18/07/2025 04:08:27
[2025-07-18 04:08:28] Heartbeat: 18/07/2025 04:08:27
[MQTT] Mensagem recebida - Tópico: monitoramento/temperatura | Payload: Erro ao ler temperatura
[MQTT] Mensagem recebida - Tópico: monitoramento/umidade | Payload: Erro ao ler umidade
[MQTT] Mensagem recebida - Tópico: monitoramento/heartbeat | Payload: 18/07/2025 04:08:27
[2025-07-18 04:08:28] Heartbeat: 18/07/2025 04:08:27
[MQTT] Mensagem recebida - Tópico: monitoramento/temperatura | Payload: Erro ao ler temperatura
[MQTT] Mensagem recebida - Tópico: monitoramento/umidade | Payload: Erro ao ler umidade
[MQTT] Mensagem recebida - Tópico: monitoramento/heartbeat | Payload: 18/07/2025 04:08:27
[2025-07-18 04:08:28] Heartbeat: 18/07/2025 04:08:27
[MQTT] Mensagem recebida - Tópico: monitoramento/temperatura | Payload: Erro ao ler temperatura
[MQTT] Mensagem recebida - Tópico: monitoramento/umidade | Payload: Erro ao ler umidade
[MQTT] Mensagem recebida - Tópico: monitoramento/heartbeat | Payload: 18/07/2025 04:08:27
[2025-07-18 04:08:28] Heartbeat: 18/07/2025 04:08:27
[MQTT] Mensagem recebida - Tópico: monitoramento/temperatura | Payload: Erro ao ler temperatura
[MQTT] Mensagem recebida - Tópico: monitoramento/umidade | Payload: Erro ao ler umidade
[MQTT] Mensagem recebida - Tópico: monitoramento/heartbeat | Payload: 18/07/2025 04:08:27
[2025-07-18 04:08:28] Heartbeat: 18/07/2025 04:08:27
[MQTT] Mensagem recebida - Tópico: monitoramento/temperatura | Payload: Erro ao ler temperatura
[MQTT] Mensagem recebida - Tópico: monitoramento/umidade | Payload: Erro ao ler umidade
[MQTT] Mensagem recebida - Tópico: monitoramento/heartbeat | Payload: 18/07/2025 04:08:27
[2025-07-18 04:08:28] Heartbeat: 18/07/2025 04:08:27
[MQTT] Mensagem recebida - Tópico: monitoramento/temperatura | Payload: Erro ao ler temperatura
[MQTT] Mensagem recebida - Tópico: monitoramento/umidade | Payload: Erro ao ler umidade
[MQTT] Mensagem recebida - Tópico: monitoramento/heartbeat | Payload: 18/07/2025 04:08:27
[2025-07-18 04:08:28] Heartbeat: 18/07/2025 04:08:27
[MQTT] Mensagem recebida - Tópico: monitoramento/temperatura | Payload: Erro ao ler temperatura
[MQTT] Mensagem recebida - Tópico: monitoramento/umidade | Payload: Erro ao ler umidade
[MQTT] Mensagem recebida - Tópico: monitoramento/heartbeat | Payload: 18/07/2025 04:08:27
[2025-07-18 04:08:28] Heartbeat: 18/07/2025 04:08:27
[MQTT] Mensagem recebida - Tópico: monitoramento/temperatura | Payload: Erro ao ler temperatura
[MQTT] Mensagem recebida - Tópico: monitoramento/umidade | Payload: Erro ao ler umidade
[MQTT] Mensagem recebida - Tópico: monitoramento/heartbeat | Payload: 18/07/2025 04:08:27
[2025-07-18 04:08:28] Heartbeat: 18/07/2025 04:08:27
[MQTT] Mensagem recebida - Tópico: monitoramento/umidade | Payload: 41.80
2025-07-18 04:11:35.942204 - Erro ao inserir no banco: Incorrect double value: 'Erro ao ler temperatura' for column `monitoramento`.`valores`.`temperatura` at row 1
2025-07-18 04:11:35.943212 - Conectado ao banco com sucesso
[2025-07-18 04:11:35] Dados salvos: T=Erro ao ler temperatura, U=41.80
[MQTT] Mensagem recebida - Tópico: monitoramento/heartbeat | Payload: 18/07/2025 04:11:35
[2025-07-18 04:11:35] Heartbeat: 18/07/2025 04:11:35
[MQTT] Mensagem recebida - Tópico: monitoramento/temperatura | Payload: 39.20
2025-07-18 04:11:36.271217 - Dado inserido: T=39.20, U=41.80
[2025-07-18 04:11:35] Dados salvos: T=39.20, U=41.80
[MQTT] Mensagem recebida - Tópico: monitoramento/heartbeat | Payload: 18/07/2025 04:11:35
[2025-07-18 04:11:36] Heartbeat: 18/07/2025 04:11:35
[MQTT] Mensagem recebida - Tópico: monitoramento/umidade | Payload: 42.20
2025-07-18 04:21:35.970921 - Dado inserido: T=39.20, U=42.20
[2025-07-18 04:21:35] Dados salvos: T=39.20, U=42.20
[MQTT] Mensagem recebida - Tópico: monitoramento/heartbeat | Payload: 18/07/2025 04:21:35
[2025-07-18 04:21:35] Heartbeat: 18/07/2025 04:21:35
[MQTT] Mensagem recebida - Tópico: monitoramento/temperatura | Payload: 39.20
[MQTT] Mensagem recebida - Tópico: monitoramento/heartbeat | Payload: 18/07/2025 04:21:35
[2025-07-18 04:21:35] Heartbeat: 18/07/2025 04:21:35
[MQTT] Mensagem recebida - Tópico: monitoramento/umidade | Payload: 42.30
2025-07-18 04:31:36.003244 - Dado inserido: T=39.20, U=42.30
[2025-07-18 04:31:35] Dados salvos: T=39.20, U=42.30
[MQTT] Mensagem recebida - Tópico: monitoramento/heartbeat | Payload: 18/07/2025 04:31:35
[2025-07-18 04:31:36] Heartbeat: 18/07/2025 04:31:35
[MQTT] Mensagem recebida - Tópico: monitoramento/temperatura | Payload: 39.30
2025-07-18 04:31:36.329891 - Dado inserido: T=39.30, U=42.30
[2025-07-18 04:31:36] Dados salvos: T=39.30, U=42.30
[MQTT] Mensagem recebida - Tópico: monitoramento/heartbeat | Payload: 18/07/2025 04:31:35
[2025-07-18 04:31:36] Heartbeat: 18/07/2025 04:31:35
[MQTT] Mensagem recebida - Tópico: monitoramento/temperatura | Payload: Erro ao ler temperatura
2025-07-18 04:41:22.139583 - Erro ao inserir no banco: Incorrect double value: 'Erro ao ler temperatura' for column `monitoramento`.`valores`.`temperatura` at row 1
2025-07-18 04:41:22.140662 - Conectado ao banco com sucesso
[2025-07-18 04:41:21] Dados salvos: T=Erro ao ler temperatura, U=42.30
[MQTT] Mensagem recebida - Tópico: monitoramento/umidade | Payload: Erro ao ler umidade
2025-07-18 04:41:22.457008 - Erro ao inserir no banco: Incorrect double value: 'Erro ao ler temperatura' for column `monitoramento`.`valores`.`temperatura` at row 1
2025-07-18 04:41:22.458035 - Conectado ao banco com sucesso
[2025-07-18 04:41:22] Dados salvos: T=Erro ao ler temperatura, U=Erro ao ler umidade
[MQTT] Mensagem recebida - Tópico: monitoramento/heartbeat | Payload: 18/07/2025 04:41:21
[2025-07-18 04:41:22] Heartbeat: 18/07/2025 04:41:21
[MQTT] Mensagem recebida - Tópico: monitoramento/temperatura | Payload: Erro ao ler temperatura
[MQTT] Mensagem recebida - Tópico: monitoramento/umidade | Payload: Erro ao ler umidade
[MQTT] Mensagem recebida - Tópico: monitoramento/heartbeat | Payload: 18/07/2025 04:41:21
[2025-07-18 04:41:22] Heartbeat: 18/07/2025 04:41:21
[MQTT] Mensagem recebida - Tópico: monitoramento/temperatura | Payload: Erro ao ler temperatura
[MQTT] Mensagem recebida - Tópico: monitoramento/umidade | Payload: Erro ao ler umidade
[MQTT] Mensagem recebida - Tópico: monitoramento/heartbeat | Payload: 18/07/2025 04:41:21
[2025-07-18 04:41:22] Heartbeat: 18/07/2025 04:41:21
[MQTT] Mensagem recebida - Tópico: monitoramento/temperatura | Payload: Erro ao ler temperatura
[MQTT] Mensagem recebida - Tópico: monitoramento/umidade | Payload: Erro ao ler umidade
[MQTT] Mensagem recebida - Tópico: monitoramento/heartbeat | Payload: 18/07/2025 04:41:21
[2025-07-18 04:41:22] Heartbeat: 18/07/2025 04:41:21
[MQTT] Mensagem recebida - Tópico: monitoramento/temperatura | Payload: Erro ao ler temperatura
[MQTT] Mensagem recebida - Tópico: monitoramento/umidade | Payload: Erro ao ler umidade
[MQTT] Mensagem recebida - Tópico: monitoramento/heartbeat | Payload: 18/07/2025 04:41:21
[2025-07-18 04:41:22] Heartbeat: 18/07/2025 04:41:21
[MQTT] Mensagem recebida - Tópico: monitoramento/temperatura | Payload: Erro ao ler temperatura
[MQTT] Mensagem recebida - Tópico: monitoramento/umidade | Payload: Erro ao ler umidade
[MQTT] Mensagem recebida - Tópico: monitoramento/heartbeat | Payload: 18/07/2025 04:41:21
[2025-07-18 04:41:22] Heartbeat: 18/07/2025 04:41:21
[MQTT] Mensagem recebida - Tópico: monitoramento/temperatura | Payload: Erro ao ler temperatura
[MQTT] Mensagem recebida - Tópico: monitoramento/umidade | Payload: Erro ao ler umidade
[MQTT] Mensagem recebida - Tópico: monitoramento/heartbeat | Payload: 18/07/2025 04:41:21
[2025-07-18 04:41:22] Heartbeat: 18/07/2025 04:41:21
[MQTT] Mensagem recebida - Tópico: monitoramento/temperatura | Payload: Erro ao ler temperatura
[MQTT] Mensagem recebida - Tópico: monitoramento/umidade | Payload: Erro ao ler umidade
[MQTT] Mensagem recebida - Tópico: monitoramento/heartbeat | Payload: 18/07/2025 04:41:21
[2025-07-18 04:41:22] Heartbeat: 18/07/2025 04:41:21
[MQTT] Mensagem recebida - Tópico: monitoramento/temperatura | Payload: Erro ao ler temperatura
[MQTT] Mensagem recebida - Tópico: monitoramento/umidade | Payload: Erro ao ler umidade
[MQTT] Mensagem recebida - Tópico: monitoramento/heartbeat | Payload: 18/07/2025 04:41:21
[2025-07-18 04:41:22] Heartbeat: 18/07/2025 04:41:21
[MQTT] Mensagem recebida - Tópico: monitoramento/temperatura | Payload: Erro ao ler temperatura
[MQTT] Mensagem recebida - Tópico: monitoramento/umidade | Payload: Erro ao ler umidade
[MQTT] Mensagem recebida - Tópico: monitoramento/heartbeat | Payload: 18/07/2025 04:41:21
[2025-07-18 04:41:22] Heartbeat: 18/07/2025 04:41:21
[MQTT] Mensagem recebida - Tópico: monitoramento/temperatura | Payload: Erro ao ler temperatura
[MQTT] Mensagem recebida - Tópico: monitoramento/umidade | Payload: Erro ao ler umidade
[MQTT] Mensagem recebida - Tópico: monitoramento/heartbeat | Payload: 18/07/2025 04:41:21
[2025-07-18 04:41:22] Heartbeat: 18/07/2025 04:41:21
[MQTT] Mensagem recebida - Tópico: monitoramento/temperatura | Payload: Erro ao ler temperatura
[MQTT] Mensagem recebida - Tópico: monitoramento/umidade | Payload: Erro ao ler umidade
[MQTT] Mensagem recebida - Tópico: monitoramento/heartbeat | Payload: 18/07/2025 04:41:21
[2025-07-18 04:41:22] Heartbeat: 18/07/2025 04:41:21
[MQTT] Mensagem recebida - Tópico: monitoramento/temperatura | Payload: Erro ao ler temperatura
[MQTT] Mensagem recebida - Tópico: monitoramento/umidade | Payload: Erro ao ler umidade
[MQTT] Mensagem recebida - Tópico: monitoramento/heartbeat | Payload: 18/07/2025 04:41:21
[2025-07-18 04:41:22] Heartbeat: 18/07/2025 04:41:21
[MQTT] Mensagem recebida - Tópico: monitoramento/temperatura | Payload: Erro ao ler temperatura
[MQTT] Mensagem recebida - Tópico: monitoramento/umidade | Payload: Erro ao ler umidade
[MQTT] Mensagem recebida - Tópico: monitoramento/heartbeat | Payload: 18/07/2025 04:41:21
[2025-07-18 04:41:22] Heartbeat: 18/07/2025 04:41:21
[MQTT] Mensagem recebida - Tópico: monitoramento/temperatura | Payload: Erro ao ler temperatura
[MQTT] Mensagem recebida - Tópico: monitoramento/umidade | Payload: Erro ao ler umidade
[MQTT] Mensagem recebida - Tópico: monitoramento/heartbeat | Payload: 18/07/2025 04:41:21
[2025-07-18 04:41:22] Heartbeat: 18/07/2025 04:41:21
[MQTT] Mensagem recebida - Tópico: monitoramento/temperatura | Payload: Erro ao ler temperatura
[MQTT] Mensagem recebida - Tópico: monitoramento/umidade | Payload: Erro ao ler umidade
[MQTT] Mensagem recebida - Tópico: monitoramento/heartbeat | Payload: 18/07/2025 04:41:21
[2025-07-18 04:41:22] Heartbeat: 18/07/2025 04:41:21
[MQTT] Mensagem recebida - Tópico: monitoramento/temperatura | Payload: Erro ao ler temperatura
[MQTT] Mensagem recebida - Tópico: monitoramento/umidade | Payload: Erro ao ler umidade
[MQTT] Mensagem recebida - Tópico: monitoramento/heartbeat | Payload: 18/07/2025 04:41:21
[2025-07-18 04:41:22] Heartbeat: 18/07/2025 04:41:21
[MQTT] Mensagem recebida - Tópico: monitoramento/temperatura | Payload: Erro ao ler temperatura
[MQTT] Mensagem recebida - Tópico: monitoramento/umidade | Payload: Erro ao ler umidade
[MQTT] Mensagem recebida - Tópico: monitoramento/heartbeat | Payload: 18/07/2025 04:41:21
[2025-07-18 04:41:22] Heartbeat: 18/07/2025 04:41:21
[MQTT] Mensagem recebida - Tópico: monitoramento/temperatura | Payload: Erro ao ler temperatura
[MQTT] Mensagem recebida - Tópico: monitoramento/umidade | Payload: Erro ao ler umidade
[MQTT] Mensagem recebida - Tópico: monitoramento/heartbeat | Payload: 18/07/2025 04:41:21
[2025-07-18 04:41:22] Heartbeat: 18/07/2025 04:41:21
[MQTT] Mensagem recebida - Tópico: monitoramento/temperatura | Payload: Erro ao ler temperatura
[MQTT] Mensagem recebida - Tópico: monitoramento/umidade | Payload: Erro ao ler umidade
[MQTT] Mensagem recebida - Tópico: monitoramento/heartbeat | Payload: 18/07/2025 04:41:21
[2025-07-18 04:41:22] Heartbeat: 18/07/2025 04:41:21
[MQTT] Mensagem recebida - Tópico: monitoramento/temperatura | Payload: Erro ao ler temperatura
[MQTT] Mensagem recebida - Tópico: monitoramento/umidade | Payload: Erro ao ler umidade
[MQTT] Mensagem recebida - Tópico: monitoramento/heartbeat | Payload: 18/07/2025 04:41:21
[2025-07-18 04:41:22] Heartbeat: 18/07/2025 04:41:21
[MQTT] Mensagem recebida - Tópico: monitoramento/temperatura | Payload: Erro ao ler temperatura
[MQTT] Mensagem recebida - Tópico: monitoramento/umidade | Payload: Erro ao ler umidade
[MQTT] Mensagem recebida - Tópico: monitoramento/heartbeat | Payload: 18/07/2025 04:41:21
[2025-07-18 04:41:22] Heartbeat: 18/07/2025 04:41:21
[MQTT] Mensagem recebida - Tópico: monitoramento/temperatura | Payload: Erro ao ler temperatura
[MQTT] Mensagem recebida - Tópico: monitoramento/umidade | Payload: Erro ao ler umidade
[MQTT] Mensagem recebida - Tópico: monitoramento/heartbeat | Payload: 18/07/2025 04:41:21
[2025-07-18 04:41:22] Heartbeat: 18/07/2025 04:41:21
[MQTT] Mensagem recebida - Tópico: monitoramento/temperatura | Payload: Erro ao ler temperatura
[MQTT] Mensagem recebida - Tópico: monitoramento/umidade | Payload: Erro ao ler umidade
[MQTT] Mensagem recebida - Tópico: monitoramento/heartbeat | Payload: 18/07/2025 04:41:21
[2025-07-18 04:41:22] Heartbeat: 18/07/2025 04:41:21
[MQTT] Mensagem recebida - Tópico: monitoramento/temperatura | Payload: Erro ao ler temperatura
[MQTT] Mensagem recebida - Tópico: monitoramento/umidade | Payload: Erro ao ler umidade
[MQTT] Mensagem recebida - Tópico: monitoramento/heartbeat | Payload: 18/07/2025 04:41:21
[2025-07-18 04:41:22] Heartbeat: 18/07/2025 04:41:21
[MQTT] Mensagem recebida - Tópico: monitoramento/temperatura | Payload: Erro ao ler temperatura
[MQTT] Mensagem recebida - Tópico: monitoramento/umidade | Payload: Erro ao ler umidade
[MQTT] Mensagem recebida - Tópico: monitoramento/heartbeat | Payload: 18/07/2025 04:41:21
[2025-07-18 04:41:22] Heartbeat: 18/07/2025 04:41:21
[MQTT] Mensagem recebida - Tópico: monitoramento/temperatura | Payload: Erro ao ler temperatura
[MQTT] Mensagem recebida - Tópico: monitoramento/umidade | Payload: Erro ao ler umidade
[MQTT] Mensagem recebida - Tópico: monitoramento/heartbeat | Payload: 18/07/2025 04:41:21
[2025-07-18 04:41:22] Heartbeat: 18/07/2025 04:41:21
[MQTT] Mensagem recebida - Tópico: monitoramento/temperatura | Payload: Erro ao ler temperatura
[MQTT] Mensagem recebida - Tópico: monitoramento/umidade | Payload: Erro ao ler umidade
[MQTT] Mensagem recebida - Tópico: monitoramento/heartbeat | Payload: 18/07/2025 04:41:22
[2025-07-18 04:41:22] Heartbeat: 18/07/2025 04:41:22
[MQTT] Mensagem recebida - Tópico: monitoramento/temperatura | Payload: Erro ao ler temperatura
[MQTT] Mensagem recebida - Tópico: monitoramento/umidade | Payload: Erro ao ler umidade
[MQTT] Mensagem recebida - Tópico: monitoramento/heartbeat | Payload: 18/07/2025 04:41:22
[2025-07-18 04:41:22] Heartbeat: 18/07/2025 04:41:22
[MQTT] Mensagem recebida - Tópico: monitoramento/temperatura | Payload: Erro ao ler temperatura
[MQTT] Mensagem recebida - Tópico: monitoramento/umidade | Payload: Erro ao ler umidade
[MQTT] Mensagem recebida - Tópico: monitoramento/heartbeat | Payload: 18/07/2025 04:41:22
[2025-07-18 04:41:22] Heartbeat: 18/07/2025 04:41:22
[MQTT] Mensagem recebida - Tópico: monitoramento/temperatura | Payload: Erro ao ler temperatura
[MQTT] Mensagem recebida - Tópico: monitoramento/umidade | Payload: Erro ao ler umidade
[MQTT] Mensagem recebida - Tópico: monitoramento/heartbeat | Payload: 18/07/2025 04:41:22
[2025-07-18 04:41:22] Heartbeat: 18/07/2025 04:41:22
[MQTT] Mensagem recebida - Tópico: monitoramento/temperatura | Payload: Erro ao ler temperatura
[MQTT] Mensagem recebida - Tópico: monitoramento/umidade | Payload: Erro ao ler umidade
[MQTT] Mensagem recebida - Tópico: monitoramento/heartbeat | Payload: 18/07/2025 04:41:22
[2025-07-18 04:41:22] Heartbeat: 18/07/2025 04:41:22
[MQTT] Mensagem recebida - Tópico: monitoramento/temperatura | Payload: Erro ao ler temperatura
[MQTT] Mensagem recebida - Tópico: monitoramento/umidade | Payload: Erro ao ler umidade
[MQTT] Mensagem recebida - Tópico: monitoramento/heartbeat | Payload: 18/07/2025 04:41:22
[2025-07-18 04:41:22] Heartbeat: 18/07/2025 04:41:22
[MQTT] Mensagem recebida - Tópico: monitoramento/temperatura | Payload: Erro ao ler temperatura
[MQTT] Mensagem recebida - Tópico: monitoramento/umidade | Payload: Erro ao ler umidade
[MQTT] Mensagem recebida - Tópico: monitoramento/heartbeat | Payload: 18/07/2025 04:41:22
[2025-07-18 04:41:22] Heartbeat: 18/07/2025 04:41:22
[MQTT] Mensagem recebida - Tópico: monitoramento/temperatura | Payload: Erro ao ler temperatura
[MQTT] Mensagem recebida - Tópico: monitoramento/umidade | Payload: Erro ao ler umidade
[MQTT] Mensagem recebida - Tópico: monitoramento/heartbeat | Payload: 18/07/2025 04:41:22
[2025-07-18 04:41:23] Heartbeat: 18/07/2025 04:41:22
[MQTT] Mensagem recebida - Tópico: monitoramento/temperatura | Payload: Erro ao ler temperatura
[MQTT] Mensagem recebida - Tópico: monitoramento/umidade | Payload: Erro ao ler umidade
[MQTT] Mensagem recebida - Tópico: monitoramento/heartbeat | Payload: 18/07/2025 04:41:22
[2025-07-18 04:41:23] Heartbeat: 18/07/2025 04:41:22
[MQTT] Mensagem recebida - Tópico: monitoramento/temperatura | Payload: Erro ao ler temperatura
[MQTT] Mensagem recebida - Tópico: monitoramento/umidade | Payload: Erro ao ler umidade
[MQTT] Mensagem recebida - Tópico: monitoramento/heartbeat | Payload: 18/07/2025 04:41:22
[2025-07-18 04:41:23] Heartbeat: 18/07/2025 04:41:22
[MQTT] Mensagem recebida - Tópico: monitoramento/temperatura | Payload: Erro ao ler temperatura
[MQTT] Mensagem recebida - Tópico: monitoramento/umidade | Payload: Erro ao ler umidade
[MQTT] Mensagem recebida - Tópico: monitoramento/heartbeat | Payload: 18/07/2025 04:41:22
[2025-07-18 04:41:23] Heartbeat: 18/07/2025 04:41:22
[MQTT] Mensagem recebida - Tópico: monitoramento/temperatura | Payload: Erro ao ler temperatura
[MQTT] Mensagem recebida - Tópico: monitoramento/umidade | Payload: Erro ao ler umidade
[MQTT] Mensagem recebida - Tópico: monitoramento/heartbeat | Payload: 18/07/2025 04:41:22
[2025-07-18 04:41:23] Heartbeat: 18/07/2025 04:41:22
[MQTT] Mensagem recebida - Tópico: monitoramento/temperatura | Payload: Erro ao ler temperatura
[MQTT] Mensagem recebida - Tópico: monitoramento/umidade | Payload: Erro ao ler umidade
[MQTT] Mensagem recebida - Tópico: monitoramento/heartbeat | Payload: 18/07/2025 04:41:22
[2025-07-18 04:41:23] Heartbeat: 18/07/2025 04:41:22
[MQTT] Mensagem recebida - Tópico: monitoramento/temperatura | Payload: Erro ao ler temperatura
[MQTT] Mensagem recebida - Tópico: monitoramento/umidade | Payload: Erro ao ler umidade
[MQTT] Mensagem recebida - Tópico: monitoramento/heartbeat | Payload: 18/07/2025 04:41:22
[2025-07-18 04:41:23] Heartbeat: 18/07/2025 04:41:22
[MQTT] Mensagem recebida - Tópico: monitoramento/temperatura | Payload: Erro ao ler temperatura
[MQTT] Mensagem recebida - Tópico: monitoramento/umidade | Payload: Erro ao ler umidade
[MQTT] Mensagem recebida - Tópico: monitoramento/heartbeat | Payload: 18/07/2025 04:41:22
[2025-07-18 04:41:23] Heartbeat: 18/07/2025 04:41:22
[MQTT] Mensagem recebida - Tópico: monitoramento/temperatura | Payload: Erro ao ler temperatura
[MQTT] Mensagem recebida - Tópico: monitoramento/umidade | Payload: Erro ao ler umidade
[MQTT] Mensagem recebida - Tópico: monitoramento/heartbeat | Payload: 18/07/2025 04:41:22
[2025-07-18 04:41:23] Heartbeat: 18/07/2025 04:41:22
[MQTT] Mensagem recebida - Tópico: monitoramento/temperatura | Payload: Erro ao ler temperatura
[MQTT] Mensagem recebida - Tópico: monitoramento/umidade | Payload: Erro ao ler umidade
[MQTT] Mensagem recebida - Tópico: monitoramento/heartbeat | Payload: 18/07/2025 04:41:22
[2025-07-18 04:41:23] Heartbeat: 18/07/2025 04:41:22
[MQTT] Mensagem recebida - Tópico: monitoramento/temperatura | Payload: Erro ao ler temperatura
[MQTT] Mensagem recebida - Tópico: monitoramento/umidade | Payload: Erro ao ler umidade
[MQTT] Mensagem recebida - Tópico: monitoramento/heartbeat | Payload: 18/07/2025 04:41:22
[2025-07-18 04:41:23] Heartbeat: 18/07/2025 04:41:22
[MQTT] Mensagem recebida - Tópico: monitoramento/temperatura | Payload: Erro ao ler temperatura
[MQTT] Mensagem recebida - Tópico: monitoramento/umidade | Payload: Erro ao ler umidade
[MQTT] Mensagem recebida - Tópico: monitoramento/heartbeat | Payload: 18/07/2025 04:41:22
[2025-07-18 04:41:23] Heartbeat: 18/07/2025 04:41:22
[MQTT] Mensagem recebida - Tópico: monitoramento/temperatura | Payload: Erro ao ler temperatura
[MQTT] Mensagem recebida - Tópico: monitoramento/umidade | Payload: Erro ao ler umidade
[MQTT] Mensagem recebida - Tópico: monitoramento/heartbeat | Payload: 18/07/2025 04:41:22
[2025-07-18 04:41:23] Heartbeat: 18/07/2025 04:41:22
[MQTT] Mensagem recebida - Tópico: monitoramento/umidade | Payload: 42.30
2025-07-18 04:41:35.995570 - Erro ao inserir no banco: Incorrect double value: 'Erro ao ler temperatura' for column `monitoramento`.`valores`.`temperatura` at row 1
2025-07-18 04:41:35.996712 - Conectado ao banco com sucesso
[2025-07-18 04:41:35] Dados salvos: T=Erro ao ler temperatura, U=42.30
[MQTT] Mensagem recebida - Tópico: monitoramento/heartbeat | Payload: 18/07/2025 04:41:34
[2025-07-18 04:41:35] Heartbeat: 18/07/2025 04:41:34
[MQTT] Mensagem recebida - Tópico: monitoramento/temperatura | Payload: 39.30
2025-07-18 04:41:36.326416 - Dado inserido: T=39.30, U=42.30
[2025-07-18 04:41:35] Dados salvos: T=39.30, U=42.30
[MQTT] Mensagem recebida - Tópico: monitoramento/heartbeat | Payload: 18/07/2025 04:41:34
[2025-07-18 04:41:36] Heartbeat: 18/07/2025 04:41:34
[MQTT] Mensagem recebida - Tópico: monitoramento/umidade | Payload: 42.50
2025-07-18 04:51:36.033098 - Dado inserido: T=39.30, U=42.50
[2025-07-18 04:51:35] Dados salvos: T=39.30, U=42.50
[MQTT] Mensagem recebida - Tópico: monitoramento/heartbeat | Payload: 18/07/2025 04:51:35
[2025-07-18 04:51:36] Heartbeat: 18/07/2025 04:51:35
[MQTT] Mensagem recebida - Tópico: monitoramento/temperatura | Payload: 39.30
[MQTT] Mensagem recebida - Tópico: monitoramento/heartbeat | Payload: 18/07/2025 04:51:35
[2025-07-18 04:51:36] Heartbeat: 18/07/2025 04:51:35
[MQTT] Mensagem recebida - Tópico: monitoramento/umidade | Payload: 42.50
[MQTT] Mensagem recebida - Tópico: monitoramento/heartbeat | Payload: 18/07/2025 05:01:35
[2025-07-18 05:01:35] Heartbeat: 18/07/2025 05:01:35
[MQTT] Mensagem recebida - Tópico: monitoramento/temperatura | Payload: 39.20
2025-07-18 05:01:36.131468 - Dado inserido: T=39.20, U=42.50
[2025-07-18 05:01:35] Dados salvos: T=39.20, U=42.50
[MQTT] Mensagem recebida - Tópico: monitoramento/heartbeat | Payload: 18/07/2025 05:01:35
[2025-07-18 05:01:36] Heartbeat: 18/07/2025 05:01:35
[MQTT] Mensagem recebida - Tópico: monitoramento/umidade | Payload: 42.60
2025-07-18 05:11:36.042482 - Dado inserido: T=39.20, U=42.60
[2025-07-18 05:11:35] Dados salvos: T=39.20, U=42.60
[MQTT] Mensagem recebida - Tópico: monitoramento/heartbeat | Payload: 18/07/2025 05:11:35
[2025-07-18 05:11:36] Heartbeat: 18/07/2025 05:11:35
[MQTT] Mensagem recebida - Tópico: monitoramento/temperatura | Payload: 39.30
2025-07-18 05:11:36.373379 - Dado inserido: T=39.30, U=42.60
[2025-07-18 05:11:36] Dados salvos: T=39.30, U=42.60
[MQTT] Mensagem recebida - Tópico: monitoramento/heartbeat | Payload: 18/07/2025 05:11:35
[2025-07-18 05:11:36] Heartbeat: 18/07/2025 05:11:35
[MQTT] Mensagem recebida - Tópico: monitoramento/umidade | Payload: 42.30
2025-07-18 05:21:36.075505 - Dado inserido: T=39.30, U=42.30
[2025-07-18 05:21:35] Dados salvos: T=39.30, U=42.30
[MQTT] Mensagem recebida - Tópico: monitoramento/heartbeat | Payload: 18/07/2025 05:21:35
[2025-07-18 05:21:36] Heartbeat: 18/07/2025 05:21:35
[MQTT] Mensagem recebida - Tópico: monitoramento/temperatura | Payload: 39.20
2025-07-18 05:21:36.406346 - Dado inserido: T=39.20, U=42.30
[2025-07-18 05:21:36] Dados salvos: T=39.20, U=42.30
[MQTT] Mensagem recebida - Tópico: monitoramento/heartbeat | Payload: 18/07/2025 05:21:35
[2025-07-18 05:21:36] Heartbeat: 18/07/2025 05:21:35
[MQTT] Mensagem recebida - Tópico: monitoramento/umidade | Payload: 42.20
2025-07-18 05:28:52.906508 - Dado inserido: T=39.20, U=42.20
[2025-07-18 05:28:52] Dados salvos: T=39.20, U=42.20
[MQTT] Mensagem recebida - Tópico: monitoramento/heartbeat | Payload: 18/07/2025 05:28:52
[2025-07-18 05:28:52] Heartbeat: 18/07/2025 05:28:52
[MQTT] Mensagem recebida - Tópico: monitoramento/temperatura | Payload: 39.30
2025-07-18 05:28:53.237084 - Dado inserido: T=39.30, U=42.20
2025-07-18 05:28:56.805181 - Duplicatas removidas com sucesso
[2025-07-18 05:28:52] Dados salvos: T=39.30, U=42.20
[MQTT] Mensagem recebida - Tópico: monitoramento/heartbeat | Payload: 18/07/2025 05:28:52
[2025-07-18 05:28:56] Heartbeat: 18/07/2025 05:28:52
[MQTT] Mensagem recebida - Tópico: monitoramento/umidade | Payload: 42.20
[MQTT] Mensagem recebida - Tópico: monitoramento/heartbeat | Payload: 18/07/2025 05:38:52
[2025-07-18 05:38:52] Heartbeat: 18/07/2025 05:38:52
[MQTT] Mensagem recebida - Tópico: monitoramento/temperatura | Payload: 39.30
[MQTT] Mensagem recebida - Tópico: monitoramento/heartbeat | Payload: 18/07/2025 05:38:52
[2025-07-18 05:38:52] Heartbeat: 18/07/2025 05:38:52
[MQTT] Mensagem recebida - Tópico: monitoramento/umidade | Payload: 42.50
2025-07-18 05:48:52.986294 - Dado inserido: T=39.30, U=42.50
[2025-07-18 05:48:52] Dados salvos: T=39.30, U=42.50
[MQTT] Mensagem recebida - Tópico: monitoramento/heartbeat | Payload: 18/07/2025 05:48:52
[2025-07-18 05:48:52] Heartbeat: 18/07/2025 05:48:52
[MQTT] Mensagem recebida - Tópico: monitoramento/temperatura | Payload: 39.30
[MQTT] Mensagem recebida - Tópico: monitoramento/heartbeat | Payload: 18/07/2025 05:48:52
[2025-07-18 05:48:52] Heartbeat: 18/07/2025 05:48:52
[MQTT] Mensagem recebida - Tópico: monitoramento/temperatura | Payload: Erro ao ler temperatura
2025-07-18 05:53:05.559407 - Erro ao inserir no banco: Incorrect double value: 'Erro ao ler temperatura' for column `monitoramento`.`valores`.`temperatura` at row 1
2025-07-18 05:53:05.560485 - Conectado ao banco com sucesso
[2025-07-18 05:53:05] Dados salvos: T=Erro ao ler temperatura, U=42.50
[MQTT] Mensagem recebida - Tópico: monitoramento/umidade | Payload: Erro ao ler umidade
2025-07-18 05:53:05.885953 - Erro ao inserir no banco: Incorrect double value: 'Erro ao ler temperatura' for column `monitoramento`.`valores`.`temperatura` at row 1
2025-07-18 05:53:05.887018 - Conectado ao banco com sucesso
[2025-07-18 05:53:05] Dados salvos: T=Erro ao ler temperatura, U=Erro ao ler umidade
[MQTT] Mensagem recebida - Tópico: monitoramento/heartbeat | Payload: 18/07/2025 05:53:05
[2025-07-18 05:53:05] Heartbeat: 18/07/2025 05:53:05
[MQTT] Mensagem recebida - Tópico: monitoramento/temperatura | Payload: Erro ao ler temperatura
[MQTT] Mensagem recebida - Tópico: monitoramento/umidade | Payload: Erro ao ler umidade
[MQTT] Mensagem recebida - Tópico: monitoramento/heartbeat | Payload: 18/07/2025 05:53:05
[2025-07-18 05:53:05] Heartbeat: 18/07/2025 05:53:05
[MQTT] Mensagem recebida - Tópico: monitoramento/temperatura | Payload: Erro ao ler temperatura
[MQTT] Mensagem recebida - Tópico: monitoramento/umidade | Payload: Erro ao ler umidade
[MQTT] Mensagem recebida - Tópico: monitoramento/heartbeat | Payload: 18/07/2025 05:53:05
[2025-07-18 05:53:05] Heartbeat: 18/07/2025 05:53:05
[MQTT] Mensagem recebida - Tópico: monitoramento/temperatura | Payload: Erro ao ler temperatura
[MQTT] Mensagem recebida - Tópico: monitoramento/umidade | Payload: Erro ao ler umidade
[MQTT] Mensagem recebida - Tópico: monitoramento/heartbeat | Payload: 18/07/2025 05:53:05
[2025-07-18 05:53:05] Heartbeat: 18/07/2025 05:53:05
[MQTT] Mensagem recebida - Tópico: monitoramento/temperatura | Payload: Erro ao ler temperatura
[MQTT] Mensagem recebida - Tópico: monitoramento/umidade | Payload: Erro ao ler umidade
[MQTT] Mensagem recebida - Tópico: monitoramento/heartbeat | Payload: 18/07/2025 05:53:05
[2025-07-18 05:53:05] Heartbeat: 18/07/2025 05:53:05
[MQTT] Mensagem recebida - Tópico: monitoramento/temperatura | Payload: Erro ao ler temperatura
[MQTT] Mensagem recebida - Tópico: monitoramento/umidade | Payload: Erro ao ler umidade
[MQTT] Mensagem recebida - Tópico: monitoramento/heartbeat | Payload: 18/07/2025 05:53:05
[2025-07-18 05:53:05] Heartbeat: 18/07/2025 05:53:05
[MQTT] Mensagem recebida - Tópico: monitoramento/temperatura | Payload: Erro ao ler temperatura
[MQTT] Mensagem recebida - Tópico: monitoramento/umidade | Payload: Erro ao ler umidade
[MQTT] Mensagem recebida - Tópico: monitoramento/heartbeat | Payload: 18/07/2025 05:53:05
[2025-07-18 05:53:05] Heartbeat: 18/07/2025 05:53:05
[MQTT] Mensagem recebida - Tópico: monitoramento/temperatura | Payload: Erro ao ler temperatura
[MQTT] Mensagem recebida - Tópico: monitoramento/umidade | Payload: Erro ao ler umidade
[MQTT] Mensagem recebida - Tópico: monitoramento/heartbeat | Payload: 18/07/2025 05:53:05
[2025-07-18 05:53:05] Heartbeat: 18/07/2025 05:53:05
[MQTT] Mensagem recebida - Tópico: monitoramento/temperatura | Payload: Erro ao ler temperatura
[MQTT] Mensagem recebida - Tópico: monitoramento/umidade | Payload: Erro ao ler umidade
[MQTT] Mensagem recebida - Tópico: monitoramento/heartbeat | Payload: 18/07/2025 05:53:05
[2025-07-18 05:53:05] Heartbeat: 18/07/2025 05:53:05
[MQTT] Mensagem recebida - Tópico: monitoramento/temperatura | Payload: Erro ao ler temperatura
[MQTT] Mensagem recebida - Tópico: monitoramento/umidade | Payload: Erro ao ler umidade
[MQTT] Mensagem recebida - Tópico: monitoramento/heartbeat | Payload: 18/07/2025 05:53:05
[2025-07-18 05:53:05] Heartbeat: 18/07/2025 05:53:05
[MQTT] Mensagem recebida - Tópico: monitoramento/temperatura | Payload: Erro ao ler temperatura
[MQTT] Mensagem recebida - Tópico: monitoramento/umidade | Payload: Erro ao ler umidade
[MQTT] Mensagem recebida - Tópico: monitoramento/heartbeat | Payload: 18/07/2025 05:53:05
[2025-07-18 05:53:05] Heartbeat: 18/07/2025 05:53:05
[MQTT] Mensagem recebida - Tópico: monitoramento/temperatura | Payload: Erro ao ler temperatura
[MQTT] Mensagem recebida - Tópico: monitoramento/umidade | Payload: Erro ao ler umidade
[MQTT] Mensagem recebida - Tópico: monitoramento/heartbeat | Payload: 18/07/2025 05:53:05
[2025-07-18 05:53:05] Heartbeat: 18/07/2025 05:53:05
[MQTT] Mensagem recebida - Tópico: monitoramento/temperatura | Payload: Erro ao ler temperatura
[MQTT] Mensagem recebida - Tópico: monitoramento/umidade | Payload: Erro ao ler umidade
[MQTT] Mensagem recebida - Tópico: monitoramento/heartbeat | Payload: 18/07/2025 05:53:05
[2025-07-18 05:53:05] Heartbeat: 18/07/2025 05:53:05
[MQTT] Mensagem recebida - Tópico: monitoramento/temperatura | Payload: Erro ao ler temperatura
[MQTT] Mensagem recebida - Tópico: monitoramento/umidade | Payload: Erro ao ler umidade
[MQTT] Mensagem recebida - Tópico: monitoramento/heartbeat | Payload: 18/07/2025 05:53:05
[2025-07-18 05:53:05] Heartbeat: 18/07/2025 05:53:05
[MQTT] Mensagem recebida - Tópico: monitoramento/temperatura | Payload: Erro ao ler temperatura
[MQTT] Mensagem recebida - Tópico: monitoramento/umidade | Payload: Erro ao ler umidade
[MQTT] Mensagem recebida - Tópico: monitoramento/heartbeat | Payload: 18/07/2025 05:53:05
[2025-07-18 05:53:05] Heartbeat: 18/07/2025 05:53:05
[MQTT] Mensagem recebida - Tópico: monitoramento/temperatura | Payload: Erro ao ler temperatura
[MQTT] Mensagem recebida - Tópico: monitoramento/umidade | Payload: Erro ao ler umidade
[MQTT] Mensagem recebida - Tópico: monitoramento/heartbeat | Payload: 18/07/2025 05:53:05
[2025-07-18 05:53:05] Heartbeat: 18/07/2025 05:53:05
[MQTT] Mensagem recebida - Tópico: monitoramento/temperatura | Payload: Erro ao ler temperatura
[MQTT] Mensagem recebida - Tópico: monitoramento/umidade | Payload: Erro ao ler umidade
[MQTT] Mensagem recebida - Tópico: monitoramento/heartbeat | Payload: 18/07/2025 05:53:05
[2025-07-18 05:53:05] Heartbeat: 18/07/2025 05:53:05
[MQTT] Mensagem recebida - Tópico: monitoramento/temperatura | Payload: Erro ao ler temperatura
[MQTT] Mensagem recebida - Tópico: monitoramento/umidade | Payload: Erro ao ler umidade
[MQTT] Mensagem recebida - Tópico: monitoramento/heartbeat | Payload: 18/07/2025 05:53:05
[2025-07-18 05:53:05] Heartbeat: 18/07/2025 05:53:05
[MQTT] Mensagem recebida - Tópico: monitoramento/temperatura | Payload: Erro ao ler temperatura
[MQTT] Mensagem recebida - Tópico: monitoramento/umidade | Payload: Erro ao ler umidade
[MQTT] Mensagem recebida - Tópico: monitoramento/heartbeat | Payload: 18/07/2025 05:53:05
[2025-07-18 05:53:05] Heartbeat: 18/07/2025 05:53:05
[MQTT] Mensagem recebida - Tópico: monitoramento/temperatura | Payload: Erro ao ler temperatura
[MQTT] Mensagem recebida - Tópico: monitoramento/umidade | Payload: Erro ao ler umidade
[MQTT] Mensagem recebida - Tópico: monitoramento/heartbeat | Payload: 18/07/2025 05:53:05
[2025-07-18 05:53:05] Heartbeat: 18/07/2025 05:53:05
[MQTT] Mensagem recebida - Tópico: monitoramento/temperatura | Payload: Erro ao ler temperatura
[MQTT] Mensagem recebida - Tópico: monitoramento/umidade | Payload: Erro ao ler umidade
[MQTT] Mensagem recebida - Tópico: monitoramento/heartbeat | Payload: 18/07/2025 05:53:05
[2025-07-18 05:53:05] Heartbeat: 18/07/2025 05:53:05
[MQTT] Mensagem recebida - Tópico: monitoramento/temperatura | Payload: Erro ao ler temperatura
[MQTT] Mensagem recebida - Tópico: monitoramento/umidade | Payload: Erro ao ler umidade
[MQTT] Mensagem recebida - Tópico: monitoramento/heartbeat | Payload: 18/07/2025 05:53:05
[2025-07-18 05:53:05] Heartbeat: 18/07/2025 05:53:05
[MQTT] Mensagem recebida - Tópico: monitoramento/temperatura | Payload: Erro ao ler temperatura
[MQTT] Mensagem recebida - Tópico: monitoramento/umidade | Payload: Erro ao ler umidade
[MQTT] Mensagem recebida - Tópico: monitoramento/heartbeat | Payload: 18/07/2025 05:53:05
[2025-07-18 05:53:06] Heartbeat: 18/07/2025 05:53:05
[MQTT] Mensagem recebida - Tópico: monitoramento/temperatura | Payload: Erro ao ler temperatura
[MQTT] Mensagem recebida - Tópico: monitoramento/umidade | Payload: Erro ao ler umidade
[MQTT] Mensagem recebida - Tópico: monitoramento/heartbeat | Payload: 18/07/2025 05:53:05
[2025-07-18 05:53:06] Heartbeat: 18/07/2025 05:53:05
[MQTT] Mensagem recebida - Tópico: monitoramento/temperatura | Payload: Erro ao ler temperatura
[MQTT] Mensagem recebida - Tópico: monitoramento/umidade | Payload: Erro ao ler umidade
[MQTT] Mensagem recebida - Tópico: monitoramento/heartbeat | Payload: 18/07/2025 05:53:05
[2025-07-18 05:53:06] Heartbeat: 18/07/2025 05:53:05
[MQTT] Mensagem recebida - Tópico: monitoramento/temperatura | Payload: Erro ao ler temperatura
[MQTT] Mensagem recebida - Tópico: monitoramento/umidade | Payload: Erro ao ler umidade
[MQTT] Mensagem recebida - Tópico: monitoramento/heartbeat | Payload: 18/07/2025 05:53:05
[2025-07-18 05:53:06] Heartbeat: 18/07/2025 05:53:05
[MQTT] Mensagem recebida - Tópico: monitoramento/temperatura | Payload: Erro ao ler temperatura
[MQTT] Mensagem recebida - Tópico: monitoramento/umidade | Payload: Erro ao ler umidade
[MQTT] Mensagem recebida - Tópico: monitoramento/heartbeat | Payload: 18/07/2025 05:53:05
[2025-07-18 05:53:06] Heartbeat: 18/07/2025 05:53:05
[MQTT] Mensagem recebida - Tópico: monitoramento/temperatura | Payload: Erro ao ler temperatura
[MQTT] Mensagem recebida - Tópico: monitoramento/umidade | Payload: Erro ao ler umidade
[MQTT] Mensagem recebida - Tópico: monitoramento/heartbeat | Payload: 18/07/2025 05:53:05
[2025-07-18 05:53:06] Heartbeat: 18/07/2025 05:53:05
[MQTT] Mensagem recebida - Tópico: monitoramento/temperatura | Payload: Erro ao ler temperatura
[MQTT] Mensagem recebida - Tópico: monitoramento/umidade | Payload: Erro ao ler umidade
[MQTT] Mensagem recebida - Tópico: monitoramento/heartbeat | Payload: 18/07/2025 05:53:05
[2025-07-18 05:53:06] Heartbeat: 18/07/2025 05:53:05
[MQTT] Mensagem recebida - Tópico: monitoramento/temperatura | Payload: Erro ao ler temperatura
[MQTT] Mensagem recebida - Tópico: monitoramento/umidade | Payload: Erro ao ler umidade
[MQTT] Mensagem recebida - Tópico: monitoramento/heartbeat | Payload: 18/07/2025 05:53:06
[2025-07-18 05:53:06] Heartbeat: 18/07/2025 05:53:06
[MQTT] Mensagem recebida - Tópico: monitoramento/temperatura | Payload: Erro ao ler temperatura
[MQTT] Mensagem recebida - Tópico: monitoramento/umidade | Payload: Erro ao ler umidade
[MQTT] Mensagem recebida - Tópico: monitoramento/heartbeat | Payload: 18/07/2025 05:53:06
[2025-07-18 05:53:06] Heartbeat: 18/07/2025 05:53:06
[MQTT] Mensagem recebida - Tópico: monitoramento/temperatura | Payload: Erro ao ler temperatura
[MQTT] Mensagem recebida - Tópico: monitoramento/umidade | Payload: Erro ao ler umidade
[MQTT] Mensagem recebida - Tópico: monitoramento/heartbeat | Payload: 18/07/2025 05:53:06
[2025-07-18 05:53:06] Heartbeat: 18/07/2025 05:53:06
[MQTT] Mensagem recebida - Tópico: monitoramento/temperatura | Payload: Erro ao ler temperatura
[MQTT] Mensagem recebida - Tópico: monitoramento/umidade | Payload: Erro ao ler umidade
[MQTT] Mensagem recebida - Tópico: monitoramento/heartbeat | Payload: 18/07/2025 05:53:06
[2025-07-18 05:53:06] Heartbeat: 18/07/2025 05:53:06
[MQTT] Mensagem recebida - Tópico: monitoramento/temperatura | Payload: Erro ao ler temperatura
[MQTT] Mensagem recebida - Tópico: monitoramento/umidade | Payload: Erro ao ler umidade
[MQTT] Mensagem recebida - Tópico: monitoramento/heartbeat | Payload: 18/07/2025 05:53:06
[2025-07-18 05:53:06] Heartbeat: 18/07/2025 05:53:06
[MQTT] Mensagem recebida - Tópico: monitoramento/temperatura | Payload: Erro ao ler temperatura
[MQTT] Mensagem recebida - Tópico: monitoramento/umidade | Payload: Erro ao ler umidade
[MQTT] Mensagem recebida - Tópico: monitoramento/heartbeat | Payload: 18/07/2025 05:53:06
[2025-07-18 05:53:06] Heartbeat: 18/07/2025 05:53:06
[MQTT] Mensagem recebida - Tópico: monitoramento/temperatura | Payload: Erro ao ler temperatura
[MQTT] Mensagem recebida - Tópico: monitoramento/umidade | Payload: Erro ao ler umidade
[MQTT] Mensagem recebida - Tópico: monitoramento/heartbeat | Payload: 18/07/2025 05:53:06
[2025-07-18 05:53:06] Heartbeat: 18/07/2025 05:53:06
[MQTT] Mensagem recebida - Tópico: monitoramento/temperatura | Payload: Erro ao ler temperatura
[MQTT] Mensagem recebida - Tópico: monitoramento/umidade | Payload: Erro ao ler umidade
[MQTT] Mensagem recebida - Tópico: monitoramento/heartbeat | Payload: 18/07/2025 05:53:06
[2025-07-18 05:53:06] Heartbeat: 18/07/2025 05:53:06
[MQTT] Mensagem recebida - Tópico: monitoramento/temperatura | Payload: Erro ao ler temperatura
[MQTT] Mensagem recebida - Tópico: monitoramento/umidade | Payload: Erro ao ler umidade
[MQTT] Mensagem recebida - Tópico: monitoramento/heartbeat | Payload: 18/07/2025 05:53:06
[2025-07-18 05:53:06] Heartbeat: 18/07/2025 05:53:06
[MQTT] Mensagem recebida - Tópico: monitoramento/temperatura | Payload: Erro ao ler temperatura
[MQTT] Mensagem recebida - Tópico: monitoramento/umidade | Payload: Erro ao ler umidade
[MQTT] Mensagem recebida - Tópico: monitoramento/heartbeat | Payload: 18/07/2025 05:53:06
[2025-07-18 05:53:06] Heartbeat: 18/07/2025 05:53:06
[MQTT] Mensagem recebida - Tópico: monitoramento/temperatura | Payload: Erro ao ler temperatura
[MQTT] Mensagem recebida - Tópico: monitoramento/umidade | Payload: Erro ao ler umidade
[MQTT] Mensagem recebida - Tópico: monitoramento/heartbeat | Payload: 18/07/2025 05:53:06
[2025-07-18 05:53:06] Heartbeat: 18/07/2025 05:53:06
[MQTT] Mensagem recebida - Tópico: monitoramento/temperatura | Payload: Erro ao ler temperatura
[MQTT] Mensagem recebida - Tópico: monitoramento/umidade | Payload: Erro ao ler umidade
[MQTT] Mensagem recebida - Tópico: monitoramento/heartbeat | Payload: 18/07/2025 05:53:06
[2025-07-18 05:53:06] Heartbeat: 18/07/2025 05:53:06
[MQTT] Mensagem recebida - Tópico: monitoramento/temperatura | Payload: Erro ao ler temperatura
[MQTT] Mensagem recebida - Tópico: monitoramento/umidade | Payload: Erro ao ler umidade
[MQTT] Mensagem recebida - Tópico: monitoramento/heartbeat | Payload: 18/07/2025 05:53:06
[2025-07-18 05:53:06] Heartbeat: 18/07/2025 05:53:06
[MQTT] Mensagem recebida - Tópico: monitoramento/temperatura | Payload: Erro ao ler temperatura
[MQTT] Mensagem recebida - Tópico: monitoramento/umidade | Payload: Erro ao ler umidade
[MQTT] Mensagem recebida - Tópico: monitoramento/heartbeat | Payload: 18/07/2025 05:53:06
[2025-07-18 05:53:06] Heartbeat: 18/07/2025 05:53:06
[MQTT] Mensagem recebida - Tópico: monitoramento/temperatura | Payload: Erro ao ler temperatura
[MQTT] Mensagem recebida - Tópico: monitoramento/umidade | Payload: Erro ao ler umidade
[MQTT] Mensagem recebida - Tópico: monitoramento/heartbeat | Payload: 18/07/2025 05:53:06
[2025-07-18 05:53:06] Heartbeat: 18/07/2025 05:53:06
[MQTT] Mensagem recebida - Tópico: monitoramento/temperatura | Payload: Erro ao ler temperatura
[MQTT] Mensagem recebida - Tópico: monitoramento/umidade | Payload: Erro ao ler umidade
[MQTT] Mensagem recebida - Tópico: monitoramento/heartbeat | Payload: 18/07/2025 05:53:06
[2025-07-18 05:53:06] Heartbeat: 18/07/2025 05:53:06
[MQTT] Mensagem recebida - Tópico: monitoramento/temperatura | Payload: Erro ao ler temperatura
[MQTT] Mensagem recebida - Tópico: monitoramento/umidade | Payload: Erro ao ler umidade
[MQTT] Mensagem recebida - Tópico: monitoramento/heartbeat | Payload: 18/07/2025 05:53:06
[2025-07-18 05:53:06] Heartbeat: 18/07/2025 05:53:06
[MQTT] Mensagem recebida - Tópico: monitoramento/temperatura | Payload: Erro ao ler temperatura
[MQTT] Mensagem recebida - Tópico: monitoramento/umidade | Payload: Erro ao ler umidade
[MQTT] Mensagem recebida - Tópico: monitoramento/heartbeat | Payload: 18/07/2025 05:53:06
[2025-07-18 05:53:06] Heartbeat: 18/07/2025 05:53:06
[MQTT] Mensagem recebida - Tópico: monitoramento/temperatura | Payload: Erro ao ler temperatura
[MQTT] Mensagem recebida - Tópico: monitoramento/umidade | Payload: Erro ao ler umidade
[MQTT] Mensagem recebida - Tópico: monitoramento/heartbeat | Payload: 18/07/2025 05:53:06
[2025-07-18 05:53:06] Heartbeat: 18/07/2025 05:53:06
[MQTT] Mensagem recebida - Tópico: monitoramento/umidade | Payload: 42.70
2025-07-18 05:58:53.007482 - Erro ao inserir no banco: Incorrect double value: 'Erro ao ler temperatura' for column `monitoramento`.`valores`.`temperatura` at row 1
2025-07-18 05:58:53.008588 - Conectado ao banco com sucesso
[2025-07-18 05:58:52] Dados salvos: T=Erro ao ler temperatura, U=42.70
[MQTT] Mensagem recebida - Tópico: monitoramento/heartbeat | Payload: 18/07/2025 05:58:52
[2025-07-18 05:58:53] Heartbeat: 18/07/2025 05:58:52
[MQTT] Mensagem recebida - Tópico: monitoramento/temperatura | Payload: 39.30
2025-07-18 05:58:53.345062 - Dado inserido: T=39.30, U=42.70
[2025-07-18 05:58:53] Dados salvos: T=39.30, U=42.70
[MQTT] Mensagem recebida - Tópico: monitoramento/heartbeat | Payload: 18/07/2025 05:58:52
[2025-07-18 05:58:53] Heartbeat: 18/07/2025 05:58:52
[MQTT] Mensagem recebida - Tópico: monitoramento/umidade | Payload: 42.60
2025-07-18 06:05:58.864989 - Dado inserido: T=39.30, U=42.60
[2025-07-18 06:05:58] Dados salvos: T=39.30, U=42.60
[MQTT] Mensagem recebida - Tópico: monitoramento/heartbeat | Payload: 18/07/2025 06:05:58
[2025-07-18 06:05:58] Heartbeat: 18/07/2025 06:05:58
[MQTT] Mensagem recebida - Tópico: monitoramento/temperatura | Payload: 39.20
2025-07-18 06:05:59.201227 - Dado inserido: T=39.20, U=42.60
[2025-07-18 06:05:58] Dados salvos: T=39.20, U=42.60
[MQTT] Mensagem recebida - Tópico: monitoramento/heartbeat | Payload: 18/07/2025 06:05:58
[2025-07-18 06:05:59] Heartbeat: 18/07/2025 06:05:58
[MQTT] Mensagem recebida - Tópico: monitoramento/umidade | Payload: 42.50
2025-07-18 06:15:59.018509 - Dado inserido: T=39.20, U=42.50
[2025-07-18 06:15:58] Dados salvos: T=39.20, U=42.50
[MQTT] Mensagem recebida - Tópico: monitoramento/heartbeat | Payload: 18/07/2025 06:15:58
[2025-07-18 06:15:59] Heartbeat: 18/07/2025 06:15:58
[MQTT] Mensagem recebida - Tópico: monitoramento/temperatura | Payload: 39.30
2025-07-18 06:15:59.354307 - Dado inserido: T=39.30, U=42.50
[2025-07-18 06:15:59] Dados salvos: T=39.30, U=42.50
[MQTT] Mensagem recebida - Tópico: monitoramento/heartbeat | Payload: 18/07/2025 06:15:58
[2025-07-18 06:15:59] Heartbeat: 18/07/2025 06:15:58
[MQTT] Mensagem recebida - Tópico: monitoramento/umidade | Payload: 42.60
2025-07-18 06:25:58.947385 - Dado inserido: T=39.30, U=42.60
[2025-07-18 06:25:58] Dados salvos: T=39.30, U=42.60
[MQTT] Mensagem recebida - Tópico: monitoramento/heartbeat | Payload: 18/07/2025 06:25:58
[2025-07-18 06:25:58] Heartbeat: 18/07/2025 06:25:58
[MQTT] Mensagem recebida - Tópico: monitoramento/temperatura | Payload: 39.20
2025-07-18 06:25:59.283628 - Dado inserido: T=39.20, U=42.60
[2025-07-18 06:25:58] Dados salvos: T=39.20, U=42.60
[MQTT] Mensagem recebida - Tópico: monitoramento/heartbeat | Payload: 18/07/2025 06:25:58
[2025-07-18 06:25:59] Heartbeat: 18/07/2025 06:25:58
[MQTT] Mensagem recebida - Tópico: monitoramento/umidade | Payload: 42.30
2025-07-18 06:35:59.024034 - Dado inserido: T=39.20, U=42.30
[2025-07-18 06:35:58] Dados salvos: T=39.20, U=42.30
[MQTT] Mensagem recebida - Tópico: monitoramento/heartbeat | Payload: 18/07/2025 06:35:58
[2025-07-18 06:35:59] Heartbeat: 18/07/2025 06:35:58
[MQTT] Mensagem recebida - Tópico: monitoramento/temperatura | Payload: 39.30
2025-07-18 06:35:59.359503 - Dado inserido: T=39.30, U=42.30
[2025-07-18 06:35:59] Dados salvos: T=39.30, U=42.30
[MQTT] Mensagem recebida - Tópico: monitoramento/heartbeat | Payload: 18/07/2025 06:35:58
[2025-07-18 06:35:59] Heartbeat: 18/07/2025 06:35:58
[MQTT] Mensagem recebida - Tópico: monitoramento/umidade | Payload: 42.60
2025-07-18 06:45:59.001146 - Dado inserido: T=39.30, U=42.60
[2025-07-18 06:45:58] Dados salvos: T=39.30, U=42.60
[MQTT] Mensagem recebida - Tópico: monitoramento/heartbeat | Payload: 18/07/2025 06:45:58
[2025-07-18 06:45:59] Heartbeat: 18/07/2025 06:45:58
[MQTT] Mensagem recebida - Tópico: monitoramento/temperatura | Payload: 39.30
[MQTT] Mensagem recebida - Tópico: monitoramento/heartbeat | Payload: 18/07/2025 06:45:58
[2025-07-18 06:45:59] Heartbeat: 18/07/2025 06:45:58
[MQTT] Mensagem recebida - Tópico: monitoramento/umidade | Payload: 42.50
2025-07-18 06:55:59.041497 - Dado inserido: T=39.30, U=42.50
[2025-07-18 06:55:58] Dados salvos: T=39.30, U=42.50
[MQTT] Mensagem recebida - Tópico: monitoramento/heartbeat | Payload: 18/07/2025 06:55:58
[2025-07-18 06:55:59] Heartbeat: 18/07/2025 06:55:58
[MQTT] Mensagem recebida - Tópico: monitoramento/temperatura | Payload: 39.30
[MQTT] Mensagem recebida - Tópico: monitoramento/heartbeat | Payload: 18/07/2025 06:55:58
[2025-07-18 06:55:59] Heartbeat: 18/07/2025 06:55:58
[MQTT] Mensagem recebida - Tópico: monitoramento/umidade | Payload: 42.30
2025-07-18 06:56:11.778955 - Dado inserido: T=39.30, U=42.30
[2025-07-18 06:56:11] Dados salvos: T=39.30, U=42.30
[MQTT] Mensagem recebida - Tópico: monitoramento/heartbeat | Payload: 18/07/2025 06:56:11
[2025-07-18 06:56:11] Heartbeat: 18/07/2025 06:56:11
[MQTT] Mensagem recebida - Tópico: monitoramento/temperatura | Payload: 39.30
[MQTT] Mensagem recebida - Tópico: monitoramento/heartbeat | Payload: 18/07/2025 06:56:11
[2025-07-18 06:56:11] Heartbeat: 18/07/2025 06:56:11
[MQTT] Mensagem recebida - Tópico: monitoramento/umidade | Payload: 42.40
2025-07-18 07:06:11.825212 - Dado inserido: T=39.30, U=42.40
[2025-07-18 07:06:11] Dados salvos: T=39.30, U=42.40
[MQTT] Mensagem recebida - Tópico: monitoramento/heartbeat | Payload: 18/07/2025 07:06:11
[2025-07-18 07:06:11] Heartbeat: 18/07/2025 07:06:11
[MQTT] Mensagem recebida - Tópico: monitoramento/temperatura | Payload: 39.30
[MQTT] Mensagem recebida - Tópico: monitoramento/heartbeat | Payload: 18/07/2025 07:06:11
[2025-07-18 07:06:11] Heartbeat: 18/07/2025 07:06:11
[MQTT] Mensagem recebida - Tópico: monitoramento/umidade | Payload: 42.30
2025-07-18 07:16:11.893738 - Dado inserido: T=39.30, U=42.30
[2025-07-18 07:16:11] Dados salvos: T=39.30, U=42.30
[MQTT] Mensagem recebida - Tópico: monitoramento/heartbeat | Payload: 18/07/2025 07:16:11
[2025-07-18 07:16:11] Heartbeat: 18/07/2025 07:16:11
[MQTT] Mensagem recebida - Tópico: monitoramento/temperatura | Payload: 39.30
[MQTT] Mensagem recebida - Tópico: monitoramento/heartbeat | Payload: 18/07/2025 07:16:11
[2025-07-18 07:16:11] Heartbeat: 18/07/2025 07:16:11
[MQTT] Mensagem recebida - Tópico: monitoramento/umidade | Payload: 42.10
2025-07-18 07:26:11.839791 - Dado inserido: T=39.30, U=42.10
[2025-07-18 07:26:11] Dados salvos: T=39.30, U=42.10
[MQTT] Mensagem recebida - Tópico: monitoramento/heartbeat | Payload: 18/07/2025 07:26:11
[2025-07-18 07:26:11] Heartbeat: 18/07/2025 07:26:11
[MQTT] Mensagem recebida - Tópico: monitoramento/temperatura | Payload: 39.30
[MQTT] Mensagem recebida - Tópico: monitoramento/heartbeat | Payload: 18/07/2025 07:26:11
[2025-07-18 07:26:11] Heartbeat: 18/07/2025 07:26:11
[MQTT] Mensagem recebida - Tópico: monitoramento/umidade | Payload: 42.20
2025-07-18 07:36:11.871970 - Dado inserido: T=39.30, U=42.20
[2025-07-18 07:36:11] Dados salvos: T=39.30, U=42.20
[MQTT] Mensagem recebida - Tópico: monitoramento/heartbeat | Payload: 18/07/2025 07:36:11
[2025-07-18 07:36:11] Heartbeat: 18/07/2025 07:36:11
[MQTT] Mensagem recebida - Tópico: monitoramento/temperatura | Payload: 39.40
2025-07-18 07:36:12.207329 - Dado inserido: T=39.40, U=42.20
[2025-07-18 07:36:11] Dados salvos: T=39.40, U=42.20
[MQTT] Mensagem recebida - Tópico: monitoramento/heartbeat | Payload: 18/07/2025 07:36:11
[2025-07-18 07:36:12] Heartbeat: 18/07/2025 07:36:11
[MQTT] Mensagem recebida - Tópico: monitoramento/umidade | Payload: 42.00
2025-07-18 07:37:29.685266 - Dado inserido: T=39.40, U=42.00
[2025-07-18 07:37:29] Dados salvos: T=39.40, U=42.00
[MQTT] Mensagem recebida - Tópico: monitoramento/heartbeat | Payload: 18/07/2025 07:37:29
[2025-07-18 07:37:29] Heartbeat: 18/07/2025 07:37:29
[MQTT] Mensagem recebida - Tópico: monitoramento/temperatura | Payload: 39.40
[MQTT] Mensagem recebida - Tópico: monitoramento/heartbeat | Payload: 18/07/2025 07:37:29
[2025-07-18 07:37:29] Heartbeat: 18/07/2025 07:37:29
[MQTT] Mensagem recebida - Tópico: monitoramento/umidade | Payload: 42.20
2025-07-18 07:47:29.704819 - Dado inserido: T=39.40, U=42.20
[2025-07-18 07:47:29] Dados salvos: T=39.40, U=42.20
[MQTT] Mensagem recebida - Tópico: monitoramento/heartbeat | Payload: 18/07/2025 07:47:29
[2025-07-18 07:47:29] Heartbeat: 18/07/2025 07:47:29
[MQTT] Mensagem recebida - Tópico: monitoramento/temperatura | Payload: 39.50
2025-07-18 07:47:30.040852 - Dado inserido: T=39.50, U=42.20
[2025-07-18 07:47:29] Dados salvos: T=39.50, U=42.20
[MQTT] Mensagem recebida - Tópico: monitoramento/heartbeat | Payload: 18/07/2025 07:47:29
[2025-07-18 07:47:30] Heartbeat: 18/07/2025 07:47:29
[MQTT] Mensagem recebida - Tópico: monitoramento/umidade | Payload: 42.00
2025-07-18 07:57:29.759796 - Dado inserido: T=39.50, U=42.00
[2025-07-18 07:57:29] Dados salvos: T=39.50, U=42.00
[MQTT] Mensagem recebida - Tópico: monitoramento/heartbeat | Payload: 18/07/2025 07:57:29
[2025-07-18 07:57:29] Heartbeat: 18/07/2025 07:57:29
[MQTT] Mensagem recebida - Tópico: monitoramento/temperatura | Payload: 39.50
[MQTT] Mensagem recebida - Tópico: monitoramento/heartbeat | Payload: 18/07/2025 07:57:29
[2025-07-18 07:57:29] Heartbeat: 18/07/2025 07:57:29
[MQTT] Mensagem recebida - Tópico: monitoramento/umidade | Payload: 42.00
[MQTT] Mensagem recebida - Tópico: monitoramento/heartbeat | Payload: 18/07/2025 08:07:29
[2025-07-18 08:07:29] Heartbeat: 18/07/2025 08:07:29
[MQTT] Mensagem recebida - Tópico: monitoramento/temperatura | Payload: 39.50
[MQTT] Mensagem recebida - Tópico: monitoramento/heartbeat | Payload: 18/07/2025 08:07:29
[2025-07-18 08:07:29] Heartbeat: 18/07/2025 08:07:29
[MQTT] Mensagem recebida - Tópico: monitoramento/temperatura | Payload: Erro ao ler temperatura
2025-07-18 08:11:11.104549 - Erro ao inserir no banco: Incorrect double value: 'Erro ao ler temperatura' for column `monitoramento`.`valores`.`temperatura` at row 1
2025-07-18 08:11:11.105459 - Conectado ao banco com sucesso
[2025-07-18 08:11:10] Dados salvos: T=Erro ao ler temperatura, U=42.00
[MQTT] Mensagem recebida - Tópico: monitoramento/umidade | Payload: Erro ao ler umidade
2025-07-18 08:11:11.425910 - Erro ao inserir no banco: Incorrect double value: 'Erro ao ler temperatura' for column `monitoramento`.`valores`.`temperatura` at row 1
2025-07-18 08:11:11.426827 - Conectado ao banco com sucesso
[2025-07-18 08:11:11] Dados salvos: T=Erro ao ler temperatura, U=Erro ao ler umidade
[MQTT] Mensagem recebida - Tópico: monitoramento/heartbeat | Payload: 18/07/2025 08:11:10
[2025-07-18 08:11:11] Heartbeat: 18/07/2025 08:11:10
[MQTT] Mensagem recebida - Tópico: monitoramento/temperatura | Payload: Erro ao ler temperatura
[MQTT] Mensagem recebida - Tópico: monitoramento/umidade | Payload: Erro ao ler umidade
[MQTT] Mensagem recebida - Tópico: monitoramento/heartbeat | Payload: 18/07/2025 08:11:10
[2025-07-18 08:11:11] Heartbeat: 18/07/2025 08:11:10
[MQTT] Mensagem recebida - Tópico: monitoramento/temperatura | Payload: Erro ao ler temperatura
[MQTT] Mensagem recebida - Tópico: monitoramento/umidade | Payload: Erro ao ler umidade
[MQTT] Mensagem recebida - Tópico: monitoramento/heartbeat | Payload: 18/07/2025 08:11:10
[2025-07-18 08:11:11] Heartbeat: 18/07/2025 08:11:10
[MQTT] Mensagem recebida - Tópico: monitoramento/temperatura | Payload: Erro ao ler temperatura
[MQTT] Mensagem recebida - Tópico: monitoramento/umidade | Payload: Erro ao ler umidade
[MQTT] Mensagem recebida - Tópico: monitoramento/heartbeat | Payload: 18/07/2025 08:11:10
[2025-07-18 08:11:11] Heartbeat: 18/07/2025 08:11:10
[MQTT] Mensagem recebida - Tópico: monitoramento/temperatura | Payload: Erro ao ler temperatura
[MQTT] Mensagem recebida - Tópico: monitoramento/umidade | Payload: Erro ao ler umidade
[MQTT] Mensagem recebida - Tópico: monitoramento/heartbeat | Payload: 18/07/2025 08:11:10
[2025-07-18 08:11:11] Heartbeat: 18/07/2025 08:11:10
[MQTT] Mensagem recebida - Tópico: monitoramento/temperatura | Payload: Erro ao ler temperatura
[MQTT] Mensagem recebida - Tópico: monitoramento/umidade | Payload: Erro ao ler umidade
[MQTT] Mensagem recebida - Tópico: monitoramento/heartbeat | Payload: 18/07/2025 08:11:10
[2025-07-18 08:11:11] Heartbeat: 18/07/2025 08:11:10
[MQTT] Mensagem recebida - Tópico: monitoramento/temperatura | Payload: Erro ao ler temperatura
[MQTT] Mensagem recebida - Tópico: monitoramento/umidade | Payload: Erro ao ler umidade
[MQTT] Mensagem recebida - Tópico: monitoramento/heartbeat | Payload: 18/07/2025 08:11:10
[2025-07-18 08:11:11] Heartbeat: 18/07/2025 08:11:10
[MQTT] Mensagem recebida - Tópico: monitoramento/temperatura | Payload: Erro ao ler temperatura
[MQTT] Mensagem recebida - Tópico: monitoramento/umidade | Payload: Erro ao ler umidade
[MQTT] Mensagem recebida - Tópico: monitoramento/heartbeat | Payload: 18/07/2025 08:11:10
[2025-07-18 08:11:11] Heartbeat: 18/07/2025 08:11:10
[MQTT] Mensagem recebida - Tópico: monitoramento/temperatura | Payload: Erro ao ler temperatura
[MQTT] Mensagem recebida - Tópico: monitoramento/umidade | Payload: Erro ao ler umidade
[MQTT] Mensagem recebida - Tópico: monitoramento/heartbeat | Payload: 18/07/2025 08:11:10
[2025-07-18 08:11:11] Heartbeat: 18/07/2025 08:11:10
[MQTT] Mensagem recebida - Tópico: monitoramento/temperatura | Payload: Erro ao ler temperatura
[MQTT] Mensagem recebida - Tópico: monitoramento/umidade | Payload: Erro ao ler umidade
[MQTT] Mensagem recebida - Tópico: monitoramento/heartbeat | Payload: 18/07/2025 08:11:10
[2025-07-18 08:11:11] Heartbeat: 18/07/2025 08:11:10
[MQTT] Mensagem recebida - Tópico: monitoramento/temperatura | Payload: Erro ao ler temperatura
[MQTT] Mensagem recebida - Tópico: monitoramento/umidade | Payload: Erro ao ler umidade
[MQTT] Mensagem recebida - Tópico: monitoramento/heartbeat | Payload: 18/07/2025 08:11:10
[2025-07-18 08:11:11] Heartbeat: 18/07/2025 08:11:10
[MQTT] Mensagem recebida - Tópico: monitoramento/temperatura | Payload: Erro ao ler temperatura
[MQTT] Mensagem recebida - Tópico: monitoramento/umidade | Payload: Erro ao ler umidade
[MQTT] Mensagem recebida - Tópico: monitoramento/heartbeat | Payload: 18/07/2025 08:11:10
[2025-07-18 08:11:11] Heartbeat: 18/07/2025 08:11:10
[MQTT] Mensagem recebida - Tópico: monitoramento/temperatura | Payload: Erro ao ler temperatura
[MQTT] Mensagem recebida - Tópico: monitoramento/umidade | Payload: Erro ao ler umidade
[MQTT] Mensagem recebida - Tópico: monitoramento/heartbeat | Payload: 18/07/2025 08:11:10
[2025-07-18 08:11:11] Heartbeat: 18/07/2025 08:11:10
[MQTT] Mensagem recebida - Tópico: monitoramento/temperatura | Payload: Erro ao ler temperatura
[MQTT] Mensagem recebida - Tópico: monitoramento/umidade | Payload: Erro ao ler umidade
[MQTT] Mensagem recebida - Tópico: monitoramento/heartbeat | Payload: 18/07/2025 08:11:10
[2025-07-18 08:11:11] Heartbeat: 18/07/2025 08:11:10
[MQTT] Mensagem recebida - Tópico: monitoramento/temperatura | Payload: Erro ao ler temperatura
[MQTT] Mensagem recebida - Tópico: monitoramento/umidade | Payload: Erro ao ler umidade
[MQTT] Mensagem recebida - Tópico: monitoramento/heartbeat | Payload: 18/07/2025 08:11:10
[2025-07-18 08:11:11] Heartbeat: 18/07/2025 08:11:10
[MQTT] Mensagem recebida - Tópico: monitoramento/temperatura | Payload: Erro ao ler temperatura
[MQTT] Mensagem recebida - Tópico: monitoramento/umidade | Payload: Erro ao ler umidade
[MQTT] Mensagem recebida - Tópico: monitoramento/heartbeat | Payload: 18/07/2025 08:11:10
[2025-07-18 08:11:11] Heartbeat: 18/07/2025 08:11:10
[MQTT] Mensagem recebida - Tópico: monitoramento/temperatura | Payload: Erro ao ler temperatura
[MQTT] Mensagem recebida - Tópico: monitoramento/umidade | Payload: Erro ao ler umidade
[MQTT] Mensagem recebida - Tópico: monitoramento/heartbeat | Payload: 18/07/2025 08:11:10
[2025-07-18 08:11:11] Heartbeat: 18/07/2025 08:11:10
[MQTT] Mensagem recebida - Tópico: monitoramento/temperatura | Payload: Erro ao ler temperatura
[MQTT] Mensagem recebida - Tópico: monitoramento/umidade | Payload: Erro ao ler umidade
[MQTT] Mensagem recebida - Tópico: monitoramento/heartbeat | Payload: 18/07/2025 08:11:10
[2025-07-18 08:11:11] Heartbeat: 18/07/2025 08:11:10
[MQTT] Mensagem recebida - Tópico: monitoramento/temperatura | Payload: Erro ao ler temperatura
[MQTT] Mensagem recebida - Tópico: monitoramento/umidade | Payload: Erro ao ler umidade
[MQTT] Mensagem recebida - Tópico: monitoramento/heartbeat | Payload: 18/07/2025 08:11:10
[2025-07-18 08:11:11] Heartbeat: 18/07/2025 08:11:10
[MQTT] Mensagem recebida - Tópico: monitoramento/temperatura | Payload: Erro ao ler temperatura
[MQTT] Mensagem recebida - Tópico: monitoramento/umidade | Payload: Erro ao ler umidade
[MQTT] Mensagem recebida - Tópico: monitoramento/heartbeat | Payload: 18/07/2025 08:11:10
[2025-07-18 08:11:11] Heartbeat: 18/07/2025 08:11:10
[MQTT] Mensagem recebida - Tópico: monitoramento/temperatura | Payload: Erro ao ler temperatura
[MQTT] Mensagem recebida - Tópico: monitoramento/umidade | Payload: Erro ao ler umidade
[MQTT] Mensagem recebida - Tópico: monitoramento/heartbeat | Payload: 18/07/2025 08:11:10
[2025-07-18 08:11:11] Heartbeat: 18/07/2025 08:11:10
[MQTT] Mensagem recebida - Tópico: monitoramento/temperatura | Payload: Erro ao ler temperatura
[MQTT] Mensagem recebida - Tópico: monitoramento/umidade | Payload: Erro ao ler umidade
[MQTT] Mensagem recebida - Tópico: monitoramento/heartbeat | Payload: 18/07/2025 08:11:10
[2025-07-18 08:11:11] Heartbeat: 18/07/2025 08:11:10
[MQTT] Mensagem recebida - Tópico: monitoramento/temperatura | Payload: Erro ao ler temperatura
[MQTT] Mensagem recebida - Tópico: monitoramento/umidade | Payload: Erro ao ler umidade
[MQTT] Mensagem recebida - Tópico: monitoramento/heartbeat | Payload: 18/07/2025 08:11:10
[2025-07-18 08:11:11] Heartbeat: 18/07/2025 08:11:10
[MQTT] Mensagem recebida - Tópico: monitoramento/temperatura | Payload: Erro ao ler temperatura
[MQTT] Mensagem recebida - Tópico: monitoramento/umidade | Payload: Erro ao ler umidade
[MQTT] Mensagem recebida - Tópico: monitoramento/heartbeat | Payload: 18/07/2025 08:11:10
[2025-07-18 08:11:11] Heartbeat: 18/07/2025 08:11:10
[MQTT] Mensagem recebida - Tópico: monitoramento/temperatura | Payload: Erro ao ler temperatura
[MQTT] Mensagem recebida - Tópico: monitoramento/umidade | Payload: Erro ao ler umidade
[MQTT] Mensagem recebida - Tópico: monitoramento/heartbeat | Payload: 18/07/2025 08:11:10
[2025-07-18 08:11:11] Heartbeat: 18/07/2025 08:11:10
[MQTT] Mensagem recebida - Tópico: monitoramento/temperatura | Payload: Erro ao ler temperatura
[MQTT] Mensagem recebida - Tópico: monitoramento/umidade | Payload: Erro ao ler umidade
[MQTT] Mensagem recebida - Tópico: monitoramento/heartbeat | Payload: 18/07/2025 08:11:10
[2025-07-18 08:11:11] Heartbeat: 18/07/2025 08:11:10
[MQTT] Mensagem recebida - Tópico: monitoramento/temperatura | Payload: Erro ao ler temperatura
[MQTT] Mensagem recebida - Tópico: monitoramento/umidade | Payload: Erro ao ler umidade
[MQTT] Mensagem recebida - Tópico: monitoramento/heartbeat | Payload: 18/07/2025 08:11:10
[2025-07-18 08:11:11] Heartbeat: 18/07/2025 08:11:10
[MQTT] Mensagem recebida - Tópico: monitoramento/temperatura | Payload: Erro ao ler temperatura
[MQTT] Mensagem recebida - Tópico: monitoramento/umidade | Payload: Erro ao ler umidade
[MQTT] Mensagem recebida - Tópico: monitoramento/heartbeat | Payload: 18/07/2025 08:11:10
[2025-07-18 08:11:11] Heartbeat: 18/07/2025 08:11:10
[MQTT] Mensagem recebida - Tópico: monitoramento/temperatura | Payload: Erro ao ler temperatura
[MQTT] Mensagem recebida - Tópico: monitoramento/umidade | Payload: Erro ao ler umidade
[MQTT] Mensagem recebida - Tópico: monitoramento/heartbeat | Payload: 18/07/2025 08:11:10
[2025-07-18 08:11:11] Heartbeat: 18/07/2025 08:11:10
[MQTT] Mensagem recebida - Tópico: monitoramento/temperatura | Payload: Erro ao ler temperatura
[MQTT] Mensagem recebida - Tópico: monitoramento/umidade | Payload: Erro ao ler umidade
[MQTT] Mensagem recebida - Tópico: monitoramento/heartbeat | Payload: 18/07/2025 08:11:10
[2025-07-18 08:11:11] Heartbeat: 18/07/2025 08:11:10
[MQTT] Mensagem recebida - Tópico: monitoramento/temperatura | Payload: Erro ao ler temperatura
[MQTT] Mensagem recebida - Tópico: monitoramento/umidade | Payload: Erro ao ler umidade
[MQTT] Mensagem recebida - Tópico: monitoramento/heartbeat | Payload: 18/07/2025 08:11:11
[2025-07-18 08:11:11] Heartbeat: 18/07/2025 08:11:11
[MQTT] Mensagem recebida - Tópico: monitoramento/temperatura | Payload: Erro ao ler temperatura
[MQTT] Mensagem recebida - Tópico: monitoramento/umidade | Payload: Erro ao ler umidade
[MQTT] Mensagem recebida - Tópico: monitoramento/heartbeat | Payload: 18/07/2025 08:11:11
[2025-07-18 08:11:11] Heartbeat: 18/07/2025 08:11:11
[MQTT] Mensagem recebida - Tópico: monitoramento/temperatura | Payload: Erro ao ler temperatura
[MQTT] Mensagem recebida - Tópico: monitoramento/umidade | Payload: Erro ao ler umidade
[MQTT] Mensagem recebida - Tópico: monitoramento/heartbeat | Payload: 18/07/2025 08:11:11
[2025-07-18 08:11:11] Heartbeat: 18/07/2025 08:11:11
[MQTT] Mensagem recebida - Tópico: monitoramento/temperatura | Payload: Erro ao ler temperatura
[MQTT] Mensagem recebida - Tópico: monitoramento/umidade | Payload: Erro ao ler umidade
[MQTT] Mensagem recebida - Tópico: monitoramento/heartbeat | Payload: 18/07/2025 08:11:11
[2025-07-18 08:11:11] Heartbeat: 18/07/2025 08:11:11
[MQTT] Mensagem recebida - Tópico: monitoramento/temperatura | Payload: Erro ao ler temperatura
[MQTT] Mensagem recebida - Tópico: monitoramento/umidade | Payload: Erro ao ler umidade
[MQTT] Mensagem recebida - Tópico: monitoramento/heartbeat | Payload: 18/07/2025 08:11:11
[2025-07-18 08:11:11] Heartbeat: 18/07/2025 08:11:11
[MQTT] Mensagem recebida - Tópico: monitoramento/temperatura | Payload: Erro ao ler temperatura
[MQTT] Mensagem recebida - Tópico: monitoramento/umidade | Payload: Erro ao ler umidade
[MQTT] Mensagem recebida - Tópico: monitoramento/heartbeat | Payload: 18/07/2025 08:11:11
[2025-07-18 08:11:11] Heartbeat: 18/07/2025 08:11:11
[MQTT] Mensagem recebida - Tópico: monitoramento/temperatura | Payload: Erro ao ler temperatura
[MQTT] Mensagem recebida - Tópico: monitoramento/umidade | Payload: Erro ao ler umidade
[MQTT] Mensagem recebida - Tópico: monitoramento/heartbeat | Payload: 18/07/2025 08:11:11
[2025-07-18 08:11:11] Heartbeat: 18/07/2025 08:11:11
[MQTT] Mensagem recebida - Tópico: monitoramento/temperatura | Payload: Erro ao ler temperatura
[MQTT] Mensagem recebida - Tópico: monitoramento/umidade | Payload: Erro ao ler umidade
[MQTT] Mensagem recebida - Tópico: monitoramento/heartbeat | Payload: 18/07/2025 08:11:11
[2025-07-18 08:11:11] Heartbeat: 18/07/2025 08:11:11
[MQTT] Mensagem recebida - Tópico: monitoramento/temperatura | Payload: Erro ao ler temperatura
[MQTT] Mensagem recebida - Tópico: monitoramento/umidade | Payload: Erro ao ler umidade
[MQTT] Mensagem recebida - Tópico: monitoramento/heartbeat | Payload: 18/07/2025 08:11:11
[2025-07-18 08:11:11] Heartbeat: 18/07/2025 08:11:11
[MQTT] Mensagem recebida - Tópico: monitoramento/temperatura | Payload: Erro ao ler temperatura
[MQTT] Mensagem recebida - Tópico: monitoramento/umidade | Payload: Erro ao ler umidade
[MQTT] Mensagem recebida - Tópico: monitoramento/heartbeat | Payload: 18/07/2025 08:11:11
[2025-07-18 08:11:11] Heartbeat: 18/07/2025 08:11:11
[MQTT] Mensagem recebida - Tópico: monitoramento/temperatura | Payload: Erro ao ler temperatura
[MQTT] Mensagem recebida - Tópico: monitoramento/umidade | Payload: Erro ao ler umidade
[MQTT] Mensagem recebida - Tópico: monitoramento/heartbeat | Payload: 18/07/2025 08:11:11
[2025-07-18 08:11:12] Heartbeat: 18/07/2025 08:11:11
[MQTT] Mensagem recebida - Tópico: monitoramento/temperatura | Payload: Erro ao ler temperatura
[MQTT] Mensagem recebida - Tópico: monitoramento/umidade | Payload: Erro ao ler umidade
[MQTT] Mensagem recebida - Tópico: monitoramento/heartbeat | Payload: 18/07/2025 08:11:11
[2025-07-18 08:11:12] Heartbeat: 18/07/2025 08:11:11
[MQTT] Mensagem recebida - Tópico: monitoramento/temperatura | Payload: Erro ao ler temperatura
[MQTT] Mensagem recebida - Tópico: monitoramento/umidade | Payload: Erro ao ler umidade
[MQTT] Mensagem recebida - Tópico: monitoramento/heartbeat | Payload: 18/07/2025 08:11:11
[2025-07-18 08:11:12] Heartbeat: 18/07/2025 08:11:11
[MQTT] Mensagem recebida - Tópico: monitoramento/temperatura | Payload: Erro ao ler temperatura
[MQTT] Mensagem recebida - Tópico: monitoramento/umidade | Payload: Erro ao ler umidade
[MQTT] Mensagem recebida - Tópico: monitoramento/heartbeat | Payload: 18/07/2025 08:11:11
[2025-07-18 08:11:12] Heartbeat: 18/07/2025 08:11:11
[MQTT] Mensagem recebida - Tópico: monitoramento/temperatura | Payload: Erro ao ler temperatura
[MQTT] Mensagem recebida - Tópico: monitoramento/umidade | Payload: Erro ao ler umidade
[MQTT] Mensagem recebida - Tópico: monitoramento/heartbeat | Payload: 18/07/2025 08:11:11
[2025-07-18 08:11:12] Heartbeat: 18/07/2025 08:11:11
[MQTT] Mensagem recebida - Tópico: monitoramento/temperatura | Payload: Erro ao ler temperatura
[MQTT] Mensagem recebida - Tópico: monitoramento/umidade | Payload: Erro ao ler umidade
[MQTT] Mensagem recebida - Tópico: monitoramento/heartbeat | Payload: 18/07/2025 08:11:11
[2025-07-18 08:11:12] Heartbeat: 18/07/2025 08:11:11
[MQTT] Mensagem recebida - Tópico: monitoramento/temperatura | Payload: Erro ao ler temperatura
[MQTT] Mensagem recebida - Tópico: monitoramento/umidade | Payload: Erro ao ler umidade
[MQTT] Mensagem recebida - Tópico: monitoramento/heartbeat | Payload: 18/07/2025 08:11:11
[2025-07-18 08:11:12] Heartbeat: 18/07/2025 08:11:11
[MQTT] Mensagem recebida - Tópico: monitoramento/temperatura | Payload: Erro ao ler temperatura
[MQTT] Mensagem recebida - Tópico: monitoramento/umidade | Payload: Erro ao ler umidade
[MQTT] Mensagem recebida - Tópico: monitoramento/heartbeat | Payload: 18/07/2025 08:11:11
[2025-07-18 08:11:12] Heartbeat: 18/07/2025 08:11:11
[MQTT] Mensagem recebida - Tópico: monitoramento/temperatura | Payload: Erro ao ler temperatura
[MQTT] Mensagem recebida - Tópico: monitoramento/umidade | Payload: Erro ao ler umidade
[MQTT] Mensagem recebida - Tópico: monitoramento/heartbeat | Payload: 18/07/2025 08:11:11
[2025-07-18 08:11:12] Heartbeat: 18/07/2025 08:11:11
[MQTT] Mensagem recebida - Tópico: monitoramento/umidade | Payload: 41.90
2025-07-18 08:17:29.796782 - Erro ao inserir no banco: Incorrect double value: 'Erro ao ler temperatura' for column `monitoramento`.`valores`.`temperatura` at row 1
2025-07-18 08:17:29.797697 - Conectado ao banco com sucesso
[2025-07-18 08:17:29] Dados salvos: T=Erro ao ler temperatura, U=41.90
[MQTT] Mensagem recebida - Tópico: monitoramento/heartbeat | Payload: 18/07/2025 08:17:29
[2025-07-18 08:17:29] Heartbeat: 18/07/2025 08:17:29
[MQTT] Mensagem recebida - Tópico: monitoramento/temperatura | Payload: 39.60
2025-07-18 08:17:30.120000 - Dado inserido: T=39.60, U=41.90
[2025-07-18 08:17:29] Dados salvos: T=39.60, U=41.90
[MQTT] Mensagem recebida - Tópico: monitoramento/heartbeat | Payload: 18/07/2025 08:17:29
[2025-07-18 08:17:30] Heartbeat: 18/07/2025 08:17:29
[MQTT] Mensagem recebida - Tópico: monitoramento/umidade | Payload: 41.70
2025-07-18 08:27:29.729547 - Dado inserido: T=39.60, U=41.70
[2025-07-18 08:27:29] Dados salvos: T=39.60, U=41.70
[MQTT] Mensagem recebida - Tópico: monitoramento/heartbeat | Payload: 18/07/2025 08:27:29
[2025-07-18 08:27:29] Heartbeat: 18/07/2025 08:27:29
[MQTT] Mensagem recebida - Tópico: monitoramento/temperatura | Payload: 39.60
[MQTT] Mensagem recebida - Tópico: monitoramento/heartbeat | Payload: 18/07/2025 08:27:29
[2025-07-18 08:27:29] Heartbeat: 18/07/2025 08:27:29
[MQTT] Mensagem recebida - Tópico: monitoramento/temperatura | Payload: Erro ao ler temperatura
2025-07-18 08:28:10.814374 - Erro ao inserir no banco: Incorrect double value: 'Erro ao ler temperatura' for column `monitoramento`.`valores`.`temperatura` at row 1
2025-07-18 08:28:10.815399 - Conectado ao banco com sucesso
[2025-07-18 08:28:10] Dados salvos: T=Erro ao ler temperatura, U=41.70
[MQTT] Mensagem recebida - Tópico: monitoramento/umidade | Payload: Erro ao ler umidade
2025-07-18 08:28:11.143759 - Erro ao inserir no banco: Incorrect double value: 'Erro ao ler temperatura' for column `monitoramento`.`valores`.`temperatura` at row 1
2025-07-18 08:28:11.144827 - Conectado ao banco com sucesso
[2025-07-18 08:28:10] Dados salvos: T=Erro ao ler temperatura, U=Erro ao ler umidade
[MQTT] Mensagem recebida - Tópico: monitoramento/heartbeat | Payload: 18/07/2025 08:28:09
[2025-07-18 08:28:11] Heartbeat: 18/07/2025 08:28:09
[MQTT] Mensagem recebida - Tópico: monitoramento/temperatura | Payload: Erro ao ler temperatura
[MQTT] Mensagem recebida - Tópico: monitoramento/umidade | Payload: Erro ao ler umidade
[MQTT] Mensagem recebida - Tópico: monitoramento/heartbeat | Payload: 18/07/2025 08:28:09
[2025-07-18 08:28:11] Heartbeat: 18/07/2025 08:28:09
[MQTT] Mensagem recebida - Tópico: monitoramento/temperatura | Payload: Erro ao ler temperatura
[MQTT] Mensagem recebida - Tópico: monitoramento/umidade | Payload: Erro ao ler umidade
[MQTT] Mensagem recebida - Tópico: monitoramento/heartbeat | Payload: 18/07/2025 08:28:09
[2025-07-18 08:28:11] Heartbeat: 18/07/2025 08:28:09
[MQTT] Mensagem recebida - Tópico: monitoramento/temperatura | Payload: Erro ao ler temperatura
[MQTT] Mensagem recebida - Tópico: monitoramento/umidade | Payload: Erro ao ler umidade
[MQTT] Mensagem recebida - Tópico: monitoramento/heartbeat | Payload: 18/07/2025 08:28:09
[2025-07-18 08:28:11] Heartbeat: 18/07/2025 08:28:09
[MQTT] Mensagem recebida - Tópico: monitoramento/temperatura | Payload: Erro ao ler temperatura
[MQTT] Mensagem recebida - Tópico: monitoramento/umidade | Payload: Erro ao ler umidade
[MQTT] Mensagem recebida - Tópico: monitoramento/heartbeat | Payload: 18/07/2025 08:28:09
[2025-07-18 08:28:11] Heartbeat: 18/07/2025 08:28:09
[MQTT] Mensagem recebida - Tópico: monitoramento/temperatura | Payload: Erro ao ler temperatura
[MQTT] Mensagem recebida - Tópico: monitoramento/umidade | Payload: Erro ao ler umidade
[MQTT] Mensagem recebida - Tópico: monitoramento/heartbeat | Payload: 18/07/2025 08:28:09
[2025-07-18 08:28:11] Heartbeat: 18/07/2025 08:28:09
[MQTT] Mensagem recebida - Tópico: monitoramento/temperatura | Payload: Erro ao ler temperatura
[MQTT] Mensagem recebida - Tópico: monitoramento/umidade | Payload: Erro ao ler umidade
[MQTT] Mensagem recebida - Tópico: monitoramento/heartbeat | Payload: 18/07/2025 08:28:10
[2025-07-18 08:28:11] Heartbeat: 18/07/2025 08:28:10
[MQTT] Mensagem recebida - Tópico: monitoramento/temperatura | Payload: Erro ao ler temperatura
[MQTT] Mensagem recebida - Tópico: monitoramento/umidade | Payload: Erro ao ler umidade
[MQTT] Mensagem recebida - Tópico: monitoramento/heartbeat | Payload: 18/07/2025 08:28:10
[2025-07-18 08:28:11] Heartbeat: 18/07/2025 08:28:10
[MQTT] Mensagem recebida - Tópico: monitoramento/temperatura | Payload: Erro ao ler temperatura
[MQTT] Mensagem recebida - Tópico: monitoramento/umidade | Payload: Erro ao ler umidade
[MQTT] Mensagem recebida - Tópico: monitoramento/heartbeat | Payload: 18/07/2025 08:28:10
[2025-07-18 08:28:11] Heartbeat: 18/07/2025 08:28:10
[MQTT] Mensagem recebida - Tópico: monitoramento/temperatura | Payload: Erro ao ler temperatura
[MQTT] Mensagem recebida - Tópico: monitoramento/umidade | Payload: Erro ao ler umidade
[MQTT] Mensagem recebida - Tópico: monitoramento/heartbeat | Payload: 18/07/2025 08:28:10
[2025-07-18 08:28:11] Heartbeat: 18/07/2025 08:28:10
[MQTT] Mensagem recebida - Tópico: monitoramento/temperatura | Payload: Erro ao ler temperatura
[MQTT] Mensagem recebida - Tópico: monitoramento/umidade | Payload: Erro ao ler umidade
[MQTT] Mensagem recebida - Tópico: monitoramento/heartbeat | Payload: 18/07/2025 08:28:10
[2025-07-18 08:28:11] Heartbeat: 18/07/2025 08:28:10
[MQTT] Mensagem recebida - Tópico: monitoramento/temperatura | Payload: Erro ao ler temperatura
[MQTT] Mensagem recebida - Tópico: monitoramento/umidade | Payload: Erro ao ler umidade
[MQTT] Mensagem recebida - Tópico: monitoramento/heartbeat | Payload: 18/07/2025 08:28:10
[2025-07-18 08:28:11] Heartbeat: 18/07/2025 08:28:10
[MQTT] Mensagem recebida - Tópico: monitoramento/temperatura | Payload: Erro ao ler temperatura
[MQTT] Mensagem recebida - Tópico: monitoramento/umidade | Payload: Erro ao ler umidade
[MQTT] Mensagem recebida - Tópico: monitoramento/heartbeat | Payload: 18/07/2025 08:28:10
[2025-07-18 08:28:11] Heartbeat: 18/07/2025 08:28:10
[MQTT] Mensagem recebida - Tópico: monitoramento/temperatura | Payload: Erro ao ler temperatura
[MQTT] Mensagem recebida - Tópico: monitoramento/umidade | Payload: Erro ao ler umidade
[MQTT] Mensagem recebida - Tópico: monitoramento/heartbeat | Payload: 18/07/2025 08:28:10
[2025-07-18 08:28:11] Heartbeat: 18/07/2025 08:28:10
[MQTT] Mensagem recebida - Tópico: monitoramento/temperatura | Payload: Erro ao ler temperatura
[MQTT] Mensagem recebida - Tópico: monitoramento/umidade | Payload: Erro ao ler umidade
[MQTT] Mensagem recebida - Tópico: monitoramento/heartbeat | Payload: 18/07/2025 08:28:10
[2025-07-18 08:28:11] Heartbeat: 18/07/2025 08:28:10
[MQTT] Mensagem recebida - Tópico: monitoramento/temperatura | Payload: Erro ao ler temperatura
[MQTT] Mensagem recebida - Tópico: monitoramento/umidade | Payload: Erro ao ler umidade
[MQTT] Mensagem recebida - Tópico: monitoramento/heartbeat | Payload: 18/07/2025 08:28:10
[2025-07-18 08:28:11] Heartbeat: 18/07/2025 08:28:10
[MQTT] Mensagem recebida - Tópico: monitoramento/temperatura | Payload: Erro ao ler temperatura
[MQTT] Mensagem recebida - Tópico: monitoramento/umidade | Payload: Erro ao ler umidade
[MQTT] Mensagem recebida - Tópico: monitoramento/heartbeat | Payload: 18/07/2025 08:28:10
[2025-07-18 08:28:11] Heartbeat: 18/07/2025 08:28:10
[MQTT] Mensagem recebida - Tópico: monitoramento/temperatura | Payload: Erro ao ler temperatura
[MQTT] Mensagem recebida - Tópico: monitoramento/umidade | Payload: Erro ao ler umidade
[MQTT] Mensagem recebida - Tópico: monitoramento/heartbeat | Payload: 18/07/2025 08:28:10
[2025-07-18 08:28:11] Heartbeat: 18/07/2025 08:28:10
[MQTT] Mensagem recebida - Tópico: monitoramento/temperatura | Payload: Erro ao ler temperatura
[MQTT] Mensagem recebida - Tópico: monitoramento/umidade | Payload: Erro ao ler umidade
[MQTT] Mensagem recebida - Tópico: monitoramento/heartbeat | Payload: 18/07/2025 08:28:10
[2025-07-18 08:28:11] Heartbeat: 18/07/2025 08:28:10
[MQTT] Mensagem recebida - Tópico: monitoramento/temperatura | Payload: Erro ao ler temperatura
[MQTT] Mensagem recebida - Tópico: monitoramento/umidade | Payload: Erro ao ler umidade
[MQTT] Mensagem recebida - Tópico: monitoramento/heartbeat | Payload: 18/07/2025 08:28:10
[2025-07-18 08:28:11] Heartbeat: 18/07/2025 08:28:10
[MQTT] Mensagem recebida - Tópico: monitoramento/temperatura | Payload: Erro ao ler temperatura
[MQTT] Mensagem recebida - Tópico: monitoramento/umidade | Payload: Erro ao ler umidade
[MQTT] Mensagem recebida - Tópico: monitoramento/heartbeat | Payload: 18/07/2025 08:28:10
[2025-07-18 08:28:11] Heartbeat: 18/07/2025 08:28:10
[MQTT] Mensagem recebida - Tópico: monitoramento/temperatura | Payload: Erro ao ler temperatura
[MQTT] Mensagem recebida - Tópico: monitoramento/umidade | Payload: Erro ao ler umidade
[MQTT] Mensagem recebida - Tópico: monitoramento/heartbeat | Payload: 18/07/2025 08:28:10
[2025-07-18 08:28:11] Heartbeat: 18/07/2025 08:28:10
[MQTT] Mensagem recebida - Tópico: monitoramento/temperatura | Payload: Erro ao ler temperatura
[MQTT] Mensagem recebida - Tópico: monitoramento/umidade | Payload: Erro ao ler umidade
[MQTT] Mensagem recebida - Tópico: monitoramento/heartbeat | Payload: 18/07/2025 08:28:10
[2025-07-18 08:28:11] Heartbeat: 18/07/2025 08:28:10
[MQTT] Mensagem recebida - Tópico: monitoramento/temperatura | Payload: Erro ao ler temperatura
[MQTT] Mensagem recebida - Tópico: monitoramento/umidade | Payload: Erro ao ler umidade
[MQTT] Mensagem recebida - Tópico: monitoramento/heartbeat | Payload: 18/07/2025 08:28:10
[2025-07-18 08:28:11] Heartbeat: 18/07/2025 08:28:10
[MQTT] Mensagem recebida - Tópico: monitoramento/temperatura | Payload: Erro ao ler temperatura
[MQTT] Mensagem recebida - Tópico: monitoramento/umidade | Payload: Erro ao ler umidade
[MQTT] Mensagem recebida - Tópico: monitoramento/heartbeat | Payload: 18/07/2025 08:28:10
[2025-07-18 08:28:11] Heartbeat: 18/07/2025 08:28:10
[MQTT] Mensagem recebida - Tópico: monitoramento/temperatura | Payload: Erro ao ler temperatura
[MQTT] Mensagem recebida - Tópico: monitoramento/umidade | Payload: Erro ao ler umidade
[MQTT] Mensagem recebida - Tópico: monitoramento/heartbeat | Payload: 18/07/2025 08:28:10
[2025-07-18 08:28:11] Heartbeat: 18/07/2025 08:28:10
[MQTT] Mensagem recebida - Tópico: monitoramento/temperatura | Payload: Erro ao ler temperatura
[MQTT] Mensagem recebida - Tópico: monitoramento/umidade | Payload: Erro ao ler umidade
[MQTT] Mensagem recebida - Tópico: monitoramento/heartbeat | Payload: 18/07/2025 08:28:10
[2025-07-18 08:28:11] Heartbeat: 18/07/2025 08:28:10
[MQTT] Mensagem recebida - Tópico: monitoramento/temperatura | Payload: Erro ao ler temperatura
[MQTT] Mensagem recebida - Tópico: monitoramento/umidade | Payload: Erro ao ler umidade
[MQTT] Mensagem recebida - Tópico: monitoramento/heartbeat | Payload: 18/07/2025 08:28:10
[2025-07-18 08:28:11] Heartbeat: 18/07/2025 08:28:10
[MQTT] Mensagem recebida - Tópico: monitoramento/temperatura | Payload: Erro ao ler temperatura
[MQTT] Mensagem recebida - Tópico: monitoramento/umidade | Payload: Erro ao ler umidade
[MQTT] Mensagem recebida - Tópico: monitoramento/heartbeat | Payload: 18/07/2025 08:28:10
[2025-07-18 08:28:11] Heartbeat: 18/07/2025 08:28:10
[MQTT] Mensagem recebida - Tópico: monitoramento/temperatura | Payload: Erro ao ler temperatura
[MQTT] Mensagem recebida - Tópico: monitoramento/umidade | Payload: Erro ao ler umidade
[MQTT] Mensagem recebida - Tópico: monitoramento/heartbeat | Payload: 18/07/2025 08:28:10
[2025-07-18 08:28:11] Heartbeat: 18/07/2025 08:28:10
[MQTT] Mensagem recebida - Tópico: monitoramento/temperatura | Payload: Erro ao ler temperatura
[MQTT] Mensagem recebida - Tópico: monitoramento/umidade | Payload: Erro ao ler umidade
[MQTT] Mensagem recebida - Tópico: monitoramento/heartbeat | Payload: 18/07/2025 08:28:10
[2025-07-18 08:28:11] Heartbeat: 18/07/2025 08:28:10
[MQTT] Mensagem recebida - Tópico: monitoramento/temperatura | Payload: Erro ao ler temperatura
[MQTT] Mensagem recebida - Tópico: monitoramento/umidade | Payload: Erro ao ler umidade
[MQTT] Mensagem recebida - Tópico: monitoramento/heartbeat | Payload: 18/07/2025 08:28:10
[2025-07-18 08:28:11] Heartbeat: 18/07/2025 08:28:10
[MQTT] Mensagem recebida - Tópico: monitoramento/temperatura | Payload: Erro ao ler temperatura
[MQTT] Mensagem recebida - Tópico: monitoramento/umidade | Payload: Erro ao ler umidade
[MQTT] Mensagem recebida - Tópico: monitoramento/heartbeat | Payload: 18/07/2025 08:28:10
[2025-07-18 08:28:11] Heartbeat: 18/07/2025 08:28:10
[MQTT] Mensagem recebida - Tópico: monitoramento/temperatura | Payload: Erro ao ler temperatura
[MQTT] Mensagem recebida - Tópico: monitoramento/umidade | Payload: Erro ao ler umidade
[MQTT] Mensagem recebida - Tópico: monitoramento/heartbeat | Payload: 18/07/2025 08:28:10
[2025-07-18 08:28:11] Heartbeat: 18/07/2025 08:28:10
[MQTT] Mensagem recebida - Tópico: monitoramento/temperatura | Payload: Erro ao ler temperatura
[MQTT] Mensagem recebida - Tópico: monitoramento/umidade | Payload: Erro ao ler umidade
[MQTT] Mensagem recebida - Tópico: monitoramento/heartbeat | Payload: 18/07/2025 08:28:10
[2025-07-18 08:28:11] Heartbeat: 18/07/2025 08:28:10
[MQTT] Mensagem recebida - Tópico: monitoramento/temperatura | Payload: Erro ao ler temperatura
[MQTT] Mensagem recebida - Tópico: monitoramento/umidade | Payload: Erro ao ler umidade
[MQTT] Mensagem recebida - Tópico: monitoramento/heartbeat | Payload: 18/07/2025 08:28:10
[2025-07-18 08:28:11] Heartbeat: 18/07/2025 08:28:10
[MQTT] Mensagem recebida - Tópico: monitoramento/temperatura | Payload: Erro ao ler temperatura
[MQTT] Mensagem recebida - Tópico: monitoramento/umidade | Payload: Erro ao ler umidade
[MQTT] Mensagem recebida - Tópico: monitoramento/heartbeat | Payload: 18/07/2025 08:28:11
[2025-07-18 08:28:11] Heartbeat: 18/07/2025 08:28:11
[MQTT] Mensagem recebida - Tópico: monitoramento/temperatura | Payload: Erro ao ler temperatura
[MQTT] Mensagem recebida - Tópico: monitoramento/umidade | Payload: Erro ao ler umidade
[MQTT] Mensagem recebida - Tópico: monitoramento/heartbeat | Payload: 18/07/2025 08:28:11
[2025-07-18 08:28:11] Heartbeat: 18/07/2025 08:28:11
[MQTT] Mensagem recebida - Tópico: monitoramento/temperatura | Payload: Erro ao ler temperatura
[MQTT] Mensagem recebida - Tópico: monitoramento/umidade | Payload: Erro ao ler umidade
[MQTT] Mensagem recebida - Tópico: monitoramento/heartbeat | Payload: 18/07/2025 08:28:11
[2025-07-18 08:28:11] Heartbeat: 18/07/2025 08:28:11
[MQTT] Mensagem recebida - Tópico: monitoramento/temperatura | Payload: Erro ao ler temperatura
[MQTT] Mensagem recebida - Tópico: monitoramento/umidade | Payload: Erro ao ler umidade
[MQTT] Mensagem recebida - Tópico: monitoramento/heartbeat | Payload: 18/07/2025 08:28:11
[2025-07-18 08:28:11] Heartbeat: 18/07/2025 08:28:11
[MQTT] Mensagem recebida - Tópico: monitoramento/temperatura | Payload: Erro ao ler temperatura
[MQTT] Mensagem recebida - Tópico: monitoramento/umidade | Payload: Erro ao ler umidade
[MQTT] Mensagem recebida - Tópico: monitoramento/heartbeat | Payload: 18/07/2025 08:28:11
[2025-07-18 08:28:11] Heartbeat: 18/07/2025 08:28:11
[MQTT] Mensagem recebida - Tópico: monitoramento/temperatura | Payload: Erro ao ler temperatura
[MQTT] Mensagem recebida - Tópico: monitoramento/umidade | Payload: Erro ao ler umidade
[MQTT] Mensagem recebida - Tópico: monitoramento/heartbeat | Payload: 18/07/2025 08:28:11
[2025-07-18 08:28:11] Heartbeat: 18/07/2025 08:28:11
[MQTT] Mensagem recebida - Tópico: monitoramento/temperatura | Payload: Erro ao ler temperatura
[MQTT] Mensagem recebida - Tópico: monitoramento/umidade | Payload: Erro ao ler umidade
[MQTT] Mensagem recebida - Tópico: monitoramento/heartbeat | Payload: 18/07/2025 08:28:11
[2025-07-18 08:28:11] Heartbeat: 18/07/2025 08:28:11
[MQTT] Mensagem recebida - Tópico: monitoramento/temperatura | Payload: Erro ao ler temperatura
[MQTT] Mensagem recebida - Tópico: monitoramento/umidade | Payload: Erro ao ler umidade
[MQTT] Mensagem recebida - Tópico: monitoramento/heartbeat | Payload: 18/07/2025 08:28:11
[2025-07-18 08:28:11] Heartbeat: 18/07/2025 08:28:11
[MQTT] Mensagem recebida - Tópico: monitoramento/temperatura | Payload: Erro ao ler temperatura
[MQTT] Mensagem recebida - Tópico: monitoramento/umidade | Payload: Erro ao ler umidade
[MQTT] Mensagem recebida - Tópico: monitoramento/heartbeat | Payload: 18/07/2025 08:28:11
[2025-07-18 08:28:11] Heartbeat: 18/07/2025 08:28:11
[MQTT] Mensagem recebida - Tópico: monitoramento/temperatura | Payload: Erro ao ler temperatura
[MQTT] Mensagem recebida - Tópico: monitoramento/umidade | Payload: Erro ao ler umidade
[MQTT] Mensagem recebida - Tópico: monitoramento/heartbeat | Payload: 18/07/2025 08:28:11
[2025-07-18 08:28:11] Heartbeat: 18/07/2025 08:28:11
[MQTT] Mensagem recebida - Tópico: monitoramento/temperatura | Payload: Erro ao ler temperatura
[MQTT] Mensagem recebida - Tópico: monitoramento/umidade | Payload: Erro ao ler umidade
[MQTT] Mensagem recebida - Tópico: monitoramento/heartbeat | Payload: 18/07/2025 08:28:11
[2025-07-18 08:28:11] Heartbeat: 18/07/2025 08:28:11
[MQTT] Mensagem recebida - Tópico: monitoramento/temperatura | Payload: Erro ao ler temperatura
[MQTT] Mensagem recebida - Tópico: monitoramento/umidade | Payload: Erro ao ler umidade
[MQTT] Mensagem recebida - Tópico: monitoramento/heartbeat | Payload: 18/07/2025 08:28:11
[2025-07-18 08:28:11] Heartbeat: 18/07/2025 08:28:11
[MQTT] Mensagem recebida - Tópico: monitoramento/temperatura | Payload: Erro ao ler temperatura
[MQTT] Mensagem recebida - Tópico: monitoramento/umidade | Payload: Erro ao ler umidade
[MQTT] Mensagem recebida - Tópico: monitoramento/heartbeat | Payload: 18/07/2025 08:28:11
[2025-07-18 08:28:11] Heartbeat: 18/07/2025 08:28:11
[MQTT] Mensagem recebida - Tópico: monitoramento/temperatura | Payload: Erro ao ler temperatura
[MQTT] Mensagem recebida - Tópico: monitoramento/umidade | Payload: Erro ao ler umidade
[MQTT] Mensagem recebida - Tópico: monitoramento/heartbeat | Payload: 18/07/2025 08:28:11
[2025-07-18 08:28:12] Heartbeat: 18/07/2025 08:28:11
[MQTT] Mensagem recebida - Tópico: monitoramento/temperatura | Payload: Erro ao ler temperatura
[MQTT] Mensagem recebida - Tópico: monitoramento/umidade | Payload: Erro ao ler umidade
[MQTT] Mensagem recebida - Tópico: monitoramento/heartbeat | Payload: 18/07/2025 08:28:11
[2025-07-18 08:28:12] Heartbeat: 18/07/2025 08:28:11
[MQTT] Mensagem recebida - Tópico: monitoramento/temperatura | Payload: Erro ao ler temperatura
[MQTT] Mensagem recebida - Tópico: monitoramento/umidade | Payload: Erro ao ler umidade
[MQTT] Mensagem recebida - Tópico: monitoramento/heartbeat | Payload: 18/07/2025 08:28:11
[2025-07-18 08:28:12] Heartbeat: 18/07/2025 08:28:11
[MQTT] Mensagem recebida - Tópico: monitoramento/umidade | Payload: 41.80
2025-07-18 08:37:29.814794 - Erro ao inserir no banco: Incorrect double value: 'Erro ao ler temperatura' for column `monitoramento`.`valores`.`temperatura` at row 1
2025-07-18 08:37:29.816017 - Conectado ao banco com sucesso
[2025-07-18 08:37:29] Dados salvos: T=Erro ao ler temperatura, U=41.80
[MQTT] Mensagem recebida - Tópico: monitoramento/heartbeat | Payload: 18/07/2025 08:37:29
[2025-07-18 08:37:29] Heartbeat: 18/07/2025 08:37:29
[MQTT] Mensagem recebida - Tópico: monitoramento/temperatura | Payload: 39.60
2025-07-18 08:37:30.150017 - Dado inserido: T=39.60, U=41.80
[2025-07-18 08:37:29] Dados salvos: T=39.60, U=41.80
[MQTT] Mensagem recebida - Tópico: monitoramento/heartbeat | Payload: 18/07/2025 08:37:29
[2025-07-18 08:37:30] Heartbeat: 18/07/2025 08:37:29
[MQTT] Mensagem recebida - Tópico: monitoramento/umidade | Payload: 41.70
2025-07-18 08:39:48.532304 - Dado inserido: T=39.60, U=41.70
[2025-07-18 08:39:48] Dados salvos: T=39.60, U=41.70
[MQTT] Mensagem recebida - Tópico: monitoramento/heartbeat | Payload: 18/07/2025 08:39:48
[2025-07-18 08:39:48] Heartbeat: 18/07/2025 08:39:48
[MQTT] Mensagem recebida - Tópico: monitoramento/temperatura | Payload: 39.70
2025-07-18 08:39:48.866087 - Dado inserido: T=39.70, U=41.70
[2025-07-18 08:39:48] Dados salvos: T=39.70, U=41.70
[MQTT] Mensagem recebida - Tópico: monitoramento/heartbeat | Payload: 18/07/2025 08:39:48
[2025-07-18 08:39:48] Heartbeat: 18/07/2025 08:39:48
[MQTT] Mensagem recebida - Tópico: monitoramento/umidade | Payload: 41.70
[MQTT] Mensagem recebida - Tópico: monitoramento/heartbeat | Payload: 18/07/2025 08:49:48
[2025-07-18 08:49:48] Heartbeat: 18/07/2025 08:49:48
[MQTT] Mensagem recebida - Tópico: monitoramento/temperatura | Payload: 39.60
2025-07-18 08:49:48.863187 - Dado inserido: T=39.60, U=41.70
[2025-07-18 08:49:48] Dados salvos: T=39.60, U=41.70
[MQTT] Mensagem recebida - Tópico: monitoramento/heartbeat | Payload: 18/07/2025 08:49:48
[2025-07-18 08:49:48] Heartbeat: 18/07/2025 08:49:48
[MQTT] Mensagem recebida - Tópico: monitoramento/temperatura | Payload: Erro ao ler temperatura
2025-07-18 08:52:32.256441 - Erro ao inserir no banco: Incorrect double value: 'Erro ao ler temperatura' for column `monitoramento`.`valores`.`temperatura` at row 1
2025-07-18 08:52:32.257434 - Conectado ao banco com sucesso
[2025-07-18 08:52:31] Dados salvos: T=Erro ao ler temperatura, U=41.70
[MQTT] Mensagem recebida - Tópico: monitoramento/umidade | Payload: Erro ao ler umidade
2025-07-18 08:52:32.580449 - Erro ao inserir no banco: Incorrect double value: 'Erro ao ler temperatura' for column `monitoramento`.`valores`.`temperatura` at row 1
2025-07-18 08:52:32.581560 - Conectado ao banco com sucesso
[2025-07-18 08:52:32] Dados salvos: T=Erro ao ler temperatura, U=Erro ao ler umidade
[MQTT] Mensagem recebida - Tópico: monitoramento/heartbeat | Payload: 18/07/2025 08:52:31
[2025-07-18 08:52:32] Heartbeat: 18/07/2025 08:52:31
[MQTT] Mensagem recebida - Tópico: monitoramento/temperatura | Payload: Erro ao ler temperatura
[MQTT] Mensagem recebida - Tópico: monitoramento/umidade | Payload: Erro ao ler umidade
[MQTT] Mensagem recebida - Tópico: monitoramento/heartbeat | Payload: 18/07/2025 08:52:31
[2025-07-18 08:52:32] Heartbeat: 18/07/2025 08:52:31
[MQTT] Mensagem recebida - Tópico: monitoramento/temperatura | Payload: Erro ao ler temperatura
[MQTT] Mensagem recebida - Tópico: monitoramento/umidade | Payload: Erro ao ler umidade
[MQTT] Mensagem recebida - Tópico: monitoramento/heartbeat | Payload: 18/07/2025 08:52:31
[2025-07-18 08:52:32] Heartbeat: 18/07/2025 08:52:31
[MQTT] Mensagem recebida - Tópico: monitoramento/temperatura | Payload: Erro ao ler temperatura
[MQTT] Mensagem recebida - Tópico: monitoramento/umidade | Payload: Erro ao ler umidade
[MQTT] Mensagem recebida - Tópico: monitoramento/heartbeat | Payload: 18/07/2025 08:52:31
[2025-07-18 08:52:32] Heartbeat: 18/07/2025 08:52:31
[MQTT] Mensagem recebida - Tópico: monitoramento/temperatura | Payload: Erro ao ler temperatura
[MQTT] Mensagem recebida - Tópico: monitoramento/umidade | Payload: Erro ao ler umidade
[MQTT] Mensagem recebida - Tópico: monitoramento/heartbeat | Payload: 18/07/2025 08:52:31
[2025-07-18 08:52:32] Heartbeat: 18/07/2025 08:52:31
[MQTT] Mensagem recebida - Tópico: monitoramento/temperatura | Payload: Erro ao ler temperatura
[MQTT] Mensagem recebida - Tópico: monitoramento/umidade | Payload: Erro ao ler umidade
[MQTT] Mensagem recebida - Tópico: monitoramento/heartbeat | Payload: 18/07/2025 08:52:31
[2025-07-18 08:52:32] Heartbeat: 18/07/2025 08:52:31
[MQTT] Mensagem recebida - Tópico: monitoramento/temperatura | Payload: Erro ao ler temperatura
[MQTT] Mensagem recebida - Tópico: monitoramento/umidade | Payload: Erro ao ler umidade
[MQTT] Mensagem recebida - Tópico: monitoramento/heartbeat | Payload: 18/07/2025 08:52:31
[2025-07-18 08:52:32] Heartbeat: 18/07/2025 08:52:31
[MQTT] Mensagem recebida - Tópico: monitoramento/temperatura | Payload: Erro ao ler temperatura
[MQTT] Mensagem recebida - Tópico: monitoramento/umidade | Payload: Erro ao ler umidade
[MQTT] Mensagem recebida - Tópico: monitoramento/heartbeat | Payload: 18/07/2025 08:52:31
[2025-07-18 08:52:32] Heartbeat: 18/07/2025 08:52:31
[MQTT] Mensagem recebida - Tópico: monitoramento/temperatura | Payload: Erro ao ler temperatura
[MQTT] Mensagem recebida - Tópico: monitoramento/umidade | Payload: Erro ao ler umidade
[MQTT] Mensagem recebida - Tópico: monitoramento/heartbeat | Payload: 18/07/2025 08:52:31
[2025-07-18 08:52:32] Heartbeat: 18/07/2025 08:52:31
[MQTT] Mensagem recebida - Tópico: monitoramento/temperatura | Payload: Erro ao ler temperatura
[MQTT] Mensagem recebida - Tópico: monitoramento/umidade | Payload: Erro ao ler umidade
[MQTT] Mensagem recebida - Tópico: monitoramento/heartbeat | Payload: 18/07/2025 08:52:31
[2025-07-18 08:52:32] Heartbeat: 18/07/2025 08:52:31
[MQTT] Mensagem recebida - Tópico: monitoramento/temperatura | Payload: Erro ao ler temperatura
[MQTT] Mensagem recebida - Tópico: monitoramento/umidade | Payload: Erro ao ler umidade
[MQTT] Mensagem recebida - Tópico: monitoramento/heartbeat | Payload: 18/07/2025 08:52:31
[2025-07-18 08:52:32] Heartbeat: 18/07/2025 08:52:31
[MQTT] Mensagem recebida - Tópico: monitoramento/temperatura | Payload: Erro ao ler temperatura
[MQTT] Mensagem recebida - Tópico: monitoramento/umidade | Payload: Erro ao ler umidade
[MQTT] Mensagem recebida - Tópico: monitoramento/heartbeat | Payload: 18/07/2025 08:52:31
[2025-07-18 08:52:32] Heartbeat: 18/07/2025 08:52:31
[MQTT] Mensagem recebida - Tópico: monitoramento/temperatura | Payload: Erro ao ler temperatura
[MQTT] Mensagem recebida - Tópico: monitoramento/umidade | Payload: Erro ao ler umidade
[MQTT] Mensagem recebida - Tópico: monitoramento/heartbeat | Payload: 18/07/2025 08:52:31
[2025-07-18 08:52:32] Heartbeat: 18/07/2025 08:52:31
[MQTT] Mensagem recebida - Tópico: monitoramento/temperatura | Payload: Erro ao ler temperatura
[MQTT] Mensagem recebida - Tópico: monitoramento/umidade | Payload: Erro ao ler umidade
[MQTT] Mensagem recebida - Tópico: monitoramento/heartbeat | Payload: 18/07/2025 08:52:31
[2025-07-18 08:52:32] Heartbeat: 18/07/2025 08:52:31
[MQTT] Mensagem recebida - Tópico: monitoramento/temperatura | Payload: Erro ao ler temperatura
[MQTT] Mensagem recebida - Tópico: monitoramento/umidade | Payload: Erro ao ler umidade
[MQTT] Mensagem recebida - Tópico: monitoramento/heartbeat | Payload: 18/07/2025 08:52:31
[2025-07-18 08:52:32] Heartbeat: 18/07/2025 08:52:31
[MQTT] Mensagem recebida - Tópico: monitoramento/temperatura | Payload: Erro ao ler temperatura
[MQTT] Mensagem recebida - Tópico: monitoramento/umidade | Payload: Erro ao ler umidade
[MQTT] Mensagem recebida - Tópico: monitoramento/heartbeat | Payload: 18/07/2025 08:52:31
[2025-07-18 08:52:32] Heartbeat: 18/07/2025 08:52:31
[MQTT] Mensagem recebida - Tópico: monitoramento/temperatura | Payload: Erro ao ler temperatura
[MQTT] Mensagem recebida - Tópico: monitoramento/umidade | Payload: Erro ao ler umidade
[MQTT] Mensagem recebida - Tópico: monitoramento/heartbeat | Payload: 18/07/2025 08:52:31
[2025-07-18 08:52:32] Heartbeat: 18/07/2025 08:52:31
[MQTT] Mensagem recebida - Tópico: monitoramento/temperatura | Payload: Erro ao ler temperatura
[MQTT] Mensagem recebida - Tópico: monitoramento/umidade | Payload: Erro ao ler umidade
[MQTT] Mensagem recebida - Tópico: monitoramento/heartbeat | Payload: 18/07/2025 08:52:31
[2025-07-18 08:52:32] Heartbeat: 18/07/2025 08:52:31
[MQTT] Mensagem recebida - Tópico: monitoramento/temperatura | Payload: Erro ao ler temperatura
[MQTT] Mensagem recebida - Tópico: monitoramento/umidade | Payload: Erro ao ler umidade
[MQTT] Mensagem recebida - Tópico: monitoramento/heartbeat | Payload: 18/07/2025 08:52:31
[2025-07-18 08:52:32] Heartbeat: 18/07/2025 08:52:31
[MQTT] Mensagem recebida - Tópico: monitoramento/temperatura | Payload: Erro ao ler temperatura
[MQTT] Mensagem recebida - Tópico: monitoramento/umidade | Payload: Erro ao ler umidade
[MQTT] Mensagem recebida - Tópico: monitoramento/heartbeat | Payload: 18/07/2025 08:52:31
[2025-07-18 08:52:32] Heartbeat: 18/07/2025 08:52:31
[MQTT] Mensagem recebida - Tópico: monitoramento/temperatura | Payload: Erro ao ler temperatura
[MQTT] Mensagem recebida - Tópico: monitoramento/umidade | Payload: Erro ao ler umidade
[MQTT] Mensagem recebida - Tópico: monitoramento/heartbeat | Payload: 18/07/2025 08:52:31
[2025-07-18 08:52:32] Heartbeat: 18/07/2025 08:52:31
[MQTT] Mensagem recebida - Tópico: monitoramento/temperatura | Payload: Erro ao ler temperatura
[MQTT] Mensagem recebida - Tópico: monitoramento/umidade | Payload: Erro ao ler umidade
[MQTT] Mensagem recebida - Tópico: monitoramento/heartbeat | Payload: 18/07/2025 08:52:31
[2025-07-18 08:52:32] Heartbeat: 18/07/2025 08:52:31
[MQTT] Mensagem recebida - Tópico: monitoramento/temperatura | Payload: Erro ao ler temperatura
[MQTT] Mensagem recebida - Tópico: monitoramento/umidade | Payload: Erro ao ler umidade
[MQTT] Mensagem recebida - Tópico: monitoramento/heartbeat | Payload: 18/07/2025 08:52:31
[2025-07-18 08:52:32] Heartbeat: 18/07/2025 08:52:31
[MQTT] Mensagem recebida - Tópico: monitoramento/temperatura | Payload: Erro ao ler temperatura
[MQTT] Mensagem recebida - Tópico: monitoramento/umidade | Payload: Erro ao ler umidade
[MQTT] Mensagem recebida - Tópico: monitoramento/heartbeat | Payload: 18/07/2025 08:52:31
[2025-07-18 08:52:32] Heartbeat: 18/07/2025 08:52:31
[MQTT] Mensagem recebida - Tópico: monitoramento/temperatura | Payload: Erro ao ler temperatura
[MQTT] Mensagem recebida - Tópico: monitoramento/umidade | Payload: Erro ao ler umidade
[MQTT] Mensagem recebida - Tópico: monitoramento/heartbeat | Payload: 18/07/2025 08:52:31
[2025-07-18 08:52:32] Heartbeat: 18/07/2025 08:52:31
[MQTT] Mensagem recebida - Tópico: monitoramento/temperatura | Payload: Erro ao ler temperatura
[MQTT] Mensagem recebida - Tópico: monitoramento/umidade | Payload: Erro ao ler umidade
[MQTT] Mensagem recebida - Tópico: monitoramento/heartbeat | Payload: 18/07/2025 08:52:31
[2025-07-18 08:52:32] Heartbeat: 18/07/2025 08:52:31
[MQTT] Mensagem recebida - Tópico: monitoramento/temperatura | Payload: Erro ao ler temperatura
[MQTT] Mensagem recebida - Tópico: monitoramento/umidade | Payload: Erro ao ler umidade
[MQTT] Mensagem recebida - Tópico: monitoramento/heartbeat | Payload: 18/07/2025 08:52:31
[2025-07-18 08:52:32] Heartbeat: 18/07/2025 08:52:31
[MQTT] Mensagem recebida - Tópico: monitoramento/temperatura | Payload: Erro ao ler temperatura
[MQTT] Mensagem recebida - Tópico: monitoramento/umidade | Payload: Erro ao ler umidade
[MQTT] Mensagem recebida - Tópico: monitoramento/heartbeat | Payload: 18/07/2025 08:52:31
[2025-07-18 08:52:32] Heartbeat: 18/07/2025 08:52:31
[MQTT] Mensagem recebida - Tópico: monitoramento/temperatura | Payload: Erro ao ler temperatura
[MQTT] Mensagem recebida - Tópico: monitoramento/umidade | Payload: Erro ao ler umidade
[MQTT] Mensagem recebida - Tópico: monitoramento/heartbeat | Payload: 18/07/2025 08:52:31
[2025-07-18 08:52:32] Heartbeat: 18/07/2025 08:52:31
[MQTT] Mensagem recebida - Tópico: monitoramento/temperatura | Payload: Erro ao ler temperatura
[MQTT] Mensagem recebida - Tópico: monitoramento/umidade | Payload: Erro ao ler umidade
[MQTT] Mensagem recebida - Tópico: monitoramento/heartbeat | Payload: 18/07/2025 08:52:31
[2025-07-18 08:52:32] Heartbeat: 18/07/2025 08:52:31
[MQTT] Mensagem recebida - Tópico: monitoramento/temperatura | Payload: Erro ao ler temperatura
[MQTT] Mensagem recebida - Tópico: monitoramento/umidade | Payload: Erro ao ler umidade
[MQTT] Mensagem recebida - Tópico: monitoramento/heartbeat | Payload: 18/07/2025 08:52:32
[2025-07-18 08:52:32] Heartbeat: 18/07/2025 08:52:32
[MQTT] Mensagem recebida - Tópico: monitoramento/temperatura | Payload: Erro ao ler temperatura
[MQTT] Mensagem recebida - Tópico: monitoramento/umidade | Payload: Erro ao ler umidade
[MQTT] Mensagem recebida - Tópico: monitoramento/heartbeat | Payload: 18/07/2025 08:52:32
[2025-07-18 08:52:32] Heartbeat: 18/07/2025 08:52:32
[MQTT] Mensagem recebida - Tópico: monitoramento/temperatura | Payload: Erro ao ler temperatura
[MQTT] Mensagem recebida - Tópico: monitoramento/umidade | Payload: Erro ao ler umidade
[MQTT] Mensagem recebida - Tópico: monitoramento/heartbeat | Payload: 18/07/2025 08:52:32
[2025-07-18 08:52:33] Heartbeat: 18/07/2025 08:52:32
[MQTT] Mensagem recebida - Tópico: monitoramento/temperatura | Payload: Erro ao ler temperatura
[MQTT] Mensagem recebida - Tópico: monitoramento/umidade | Payload: Erro ao ler umidade
[MQTT] Mensagem recebida - Tópico: monitoramento/heartbeat | Payload: 18/07/2025 08:52:32
[2025-07-18 08:52:33] Heartbeat: 18/07/2025 08:52:32
[MQTT] Mensagem recebida - Tópico: monitoramento/temperatura | Payload: Erro ao ler temperatura
[MQTT] Mensagem recebida - Tópico: monitoramento/umidade | Payload: Erro ao ler umidade
[MQTT] Mensagem recebida - Tópico: monitoramento/heartbeat | Payload: 18/07/2025 08:52:32
[2025-07-18 08:52:33] Heartbeat: 18/07/2025 08:52:32
[MQTT] Mensagem recebida - Tópico: monitoramento/temperatura | Payload: Erro ao ler temperatura
[MQTT] Mensagem recebida - Tópico: monitoramento/umidade | Payload: Erro ao ler umidade
[MQTT] Mensagem recebida - Tópico: monitoramento/heartbeat | Payload: 18/07/2025 08:52:32
[2025-07-18 08:52:33] Heartbeat: 18/07/2025 08:52:32
[MQTT] Mensagem recebida - Tópico: monitoramento/temperatura | Payload: Erro ao ler temperatura
[MQTT] Mensagem recebida - Tópico: monitoramento/umidade | Payload: Erro ao ler umidade
[MQTT] Mensagem recebida - Tópico: monitoramento/heartbeat | Payload: 18/07/2025 08:52:32
[2025-07-18 08:52:33] Heartbeat: 18/07/2025 08:52:32
[MQTT] Mensagem recebida - Tópico: monitoramento/temperatura | Payload: Erro ao ler temperatura
[MQTT] Mensagem recebida - Tópico: monitoramento/umidade | Payload: Erro ao ler umidade
[MQTT] Mensagem recebida - Tópico: monitoramento/heartbeat | Payload: 18/07/2025 08:52:32
[2025-07-18 08:52:33] Heartbeat: 18/07/2025 08:52:32
[MQTT] Mensagem recebida - Tópico: monitoramento/temperatura | Payload: Erro ao ler temperatura
[MQTT] Mensagem recebida - Tópico: monitoramento/umidade | Payload: Erro ao ler umidade
[MQTT] Mensagem recebida - Tópico: monitoramento/heartbeat | Payload: 18/07/2025 08:52:32
[2025-07-18 08:52:33] Heartbeat: 18/07/2025 08:52:32
[MQTT] Mensagem recebida - Tópico: monitoramento/temperatura | Payload: Erro ao ler temperatura
[MQTT] Mensagem recebida - Tópico: monitoramento/umidade | Payload: Erro ao ler umidade
[MQTT] Mensagem recebida - Tópico: monitoramento/heartbeat | Payload: 18/07/2025 08:52:32
[2025-07-18 08:52:33] Heartbeat: 18/07/2025 08:52:32
[MQTT] Mensagem recebida - Tópico: monitoramento/temperatura | Payload: Erro ao ler temperatura
[MQTT] Mensagem recebida - Tópico: monitoramento/umidade | Payload: Erro ao ler umidade
[MQTT] Mensagem recebida - Tópico: monitoramento/heartbeat | Payload: 18/07/2025 08:52:32
[2025-07-18 08:52:33] Heartbeat: 18/07/2025 08:52:32
[MQTT] Mensagem recebida - Tópico: monitoramento/temperatura | Payload: Erro ao ler temperatura
[MQTT] Mensagem recebida - Tópico: monitoramento/umidade | Payload: Erro ao ler umidade
[MQTT] Mensagem recebida - Tópico: monitoramento/heartbeat | Payload: 18/07/2025 08:52:32
[2025-07-18 08:52:33] Heartbeat: 18/07/2025 08:52:32
[MQTT] Mensagem recebida - Tópico: monitoramento/temperatura | Payload: Erro ao ler temperatura
[MQTT] Mensagem recebida - Tópico: monitoramento/umidade | Payload: Erro ao ler umidade
[MQTT] Mensagem recebida - Tópico: monitoramento/heartbeat | Payload: 18/07/2025 08:52:32
[2025-07-18 08:52:33] Heartbeat: 18/07/2025 08:52:32
[MQTT] Mensagem recebida - Tópico: monitoramento/temperatura | Payload: Erro ao ler temperatura
[MQTT] Mensagem recebida - Tópico: monitoramento/umidade | Payload: Erro ao ler umidade
[MQTT] Mensagem recebida - Tópico: monitoramento/heartbeat | Payload: 18/07/2025 08:52:32
[2025-07-18 08:52:33] Heartbeat: 18/07/2025 08:52:32
[MQTT] Mensagem recebida - Tópico: monitoramento/temperatura | Payload: Erro ao ler temperatura
[MQTT] Mensagem recebida - Tópico: monitoramento/umidade | Payload: Erro ao ler umidade
[MQTT] Mensagem recebida - Tópico: monitoramento/heartbeat | Payload: 18/07/2025 08:52:32
[2025-07-18 08:52:33] Heartbeat: 18/07/2025 08:52:32
[MQTT] Mensagem recebida - Tópico: monitoramento/temperatura | Payload: Erro ao ler temperatura
[MQTT] Mensagem recebida - Tópico: monitoramento/umidade | Payload: Erro ao ler umidade
[MQTT] Mensagem recebida - Tópico: monitoramento/heartbeat | Payload: 18/07/2025 08:52:32
[2025-07-18 08:52:33] Heartbeat: 18/07/2025 08:52:32
[MQTT] Mensagem recebida - Tópico: monitoramento/temperatura | Payload: Erro ao ler temperatura
[MQTT] Mensagem recebida - Tópico: monitoramento/umidade | Payload: Erro ao ler umidade
[MQTT] Mensagem recebida - Tópico: monitoramento/heartbeat | Payload: 18/07/2025 08:52:32
[2025-07-18 08:52:33] Heartbeat: 18/07/2025 08:52:32
[MQTT] Mensagem recebida - Tópico: monitoramento/temperatura | Payload: Erro ao ler temperatura
[MQTT] Mensagem recebida - Tópico: monitoramento/umidade | Payload: Erro ao ler umidade
[MQTT] Mensagem recebida - Tópico: monitoramento/heartbeat | Payload: 18/07/2025 08:52:32
[2025-07-18 08:52:33] Heartbeat: 18/07/2025 08:52:32
[MQTT] Mensagem recebida - Tópico: monitoramento/temperatura | Payload: Erro ao ler temperatura
[MQTT] Mensagem recebida - Tópico: monitoramento/umidade | Payload: Erro ao ler umidade
[MQTT] Mensagem recebida - Tópico: monitoramento/heartbeat | Payload: 18/07/2025 08:52:32
[2025-07-18 08:52:33] Heartbeat: 18/07/2025 08:52:32
[MQTT] Mensagem recebida - Tópico: monitoramento/umidade | Payload: 41.80
2025-07-18 08:59:48.584689 - Erro ao inserir no banco: Incorrect double value: 'Erro ao ler temperatura' for column `monitoramento`.`valores`.`temperatura` at row 1
2025-07-18 08:59:48.585712 - Conectado ao banco com sucesso
[2025-07-18 08:59:48] Dados salvos: T=Erro ao ler temperatura, U=41.80
[MQTT] Mensagem recebida - Tópico: monitoramento/heartbeat | Payload: 18/07/2025 08:59:48
[2025-07-18 08:59:48] Heartbeat: 18/07/2025 08:59:48
[MQTT] Mensagem recebida - Tópico: monitoramento/temperatura | Payload: 39.60
2025-07-18 08:59:48.911590 - Dado inserido: T=39.60, U=41.80
[2025-07-18 08:59:48] Dados salvos: T=39.60, U=41.80
[MQTT] Mensagem recebida - Tópico: monitoramento/heartbeat | Payload: 18/07/2025 08:59:48
[2025-07-18 08:59:48] Heartbeat: 18/07/2025 08:59:48
[MQTT] Mensagem recebida - Tópico: monitoramento/umidade | Payload: 41.60
2025-07-18 09:09:48.542595 - Dado inserido: T=39.60, U=41.60
[2025-07-18 09:09:48] Dados salvos: T=39.60, U=41.60
[MQTT] Mensagem recebida - Tópico: monitoramento/heartbeat | Payload: 18/07/2025 09:09:48
[2025-07-18 09:09:48] Heartbeat: 18/07/2025 09:09:48
[MQTT] Mensagem recebida - Tópico: monitoramento/temperatura | Payload: 39.60
[MQTT] Mensagem recebida - Tópico: monitoramento/heartbeat | Payload: 18/07/2025 09:09:48
[2025-07-18 09:09:48] Heartbeat: 18/07/2025 09:09:48
[MQTT] Mensagem recebida - Tópico: monitoramento/umidade | Payload: 41.60
[MQTT] Mensagem recebida - Tópico: monitoramento/heartbeat | Payload: 18/07/2025 09:19:48
[2025-07-18 09:19:48] Heartbeat: 18/07/2025 09:19:48
[MQTT] Mensagem recebida - Tópico: monitoramento/temperatura | Payload: 39.70
2025-07-18 09:19:48.665079 - Dado inserido: T=39.70, U=41.60
[2025-07-18 09:19:48] Dados salvos: T=39.70, U=41.60
[MQTT] Mensagem recebida - Tópico: monitoramento/heartbeat | Payload: 18/07/2025 09:19:48
[2025-07-18 09:19:48] Heartbeat: 18/07/2025 09:19:48
[MQTT] Mensagem recebida - Tópico: monitoramento/umidade | Payload: 41.30
2025-07-18 09:29:48.689177 - Dado inserido: T=39.70, U=41.30
[2025-07-18 09:29:48] Dados salvos: T=39.70, U=41.30
[MQTT] Mensagem recebida - Tópico: monitoramento/heartbeat | Payload: 18/07/2025 09:29:48
[2025-07-18 09:29:48] Heartbeat: 18/07/2025 09:29:48
[MQTT] Mensagem recebida - Tópico: monitoramento/temperatura | Payload: 39.70
[MQTT] Mensagem recebida - Tópico: monitoramento/heartbeat | Payload: 18/07/2025 09:29:48
[2025-07-18 09:29:48] Heartbeat: 18/07/2025 09:29:48
[MQTT] Mensagem recebida - Tópico: monitoramento/temperatura | Payload: Erro ao ler temperatura
2025-07-18 09:36:26.606082 - Erro ao inserir no banco: Incorrect double value: 'Erro ao ler temperatura' for column `monitoramento`.`valores`.`temperatura` at row 1
2025-07-18 09:36:26.607137 - Conectado ao banco com sucesso
[2025-07-18 09:36:26] Dados salvos: T=Erro ao ler temperatura, U=41.30
[MQTT] Mensagem recebida - Tópico: monitoramento/umidade | Payload: Erro ao ler umidade
2025-07-18 09:36:26.927411 - Erro ao inserir no banco: Incorrect double value: 'Erro ao ler temperatura' for column `monitoramento`.`valores`.`temperatura` at row 1
2025-07-18 09:36:26.928493 - Conectado ao banco com sucesso
[2025-07-18 09:36:26] Dados salvos: T=Erro ao ler temperatura, U=Erro ao ler umidade
[MQTT] Mensagem recebida - Tópico: monitoramento/heartbeat | Payload: 18/07/2025 09:36:26
[2025-07-18 09:36:26] Heartbeat: 18/07/2025 09:36:26
[MQTT] Mensagem recebida - Tópico: monitoramento/temperatura | Payload: Erro ao ler temperatura
[MQTT] Mensagem recebida - Tópico: monitoramento/umidade | Payload: Erro ao ler umidade
[MQTT] Mensagem recebida - Tópico: monitoramento/heartbeat | Payload: 18/07/2025 09:36:26
[2025-07-18 09:36:26] Heartbeat: 18/07/2025 09:36:26
[MQTT] Mensagem recebida - Tópico: monitoramento/temperatura | Payload: Erro ao ler temperatura
[MQTT] Mensagem recebida - Tópico: monitoramento/umidade | Payload: Erro ao ler umidade
[MQTT] Mensagem recebida - Tópico: monitoramento/heartbeat | Payload: 18/07/2025 09:36:26
[2025-07-18 09:36:26] Heartbeat: 18/07/2025 09:36:26
[MQTT] Mensagem recebida - Tópico: monitoramento/temperatura | Payload: Erro ao ler temperatura
[MQTT] Mensagem recebida - Tópico: monitoramento/umidade | Payload: Erro ao ler umidade
[MQTT] Mensagem recebida - Tópico: monitoramento/heartbeat | Payload: 18/07/2025 09:36:26
[2025-07-18 09:36:26] Heartbeat: 18/07/2025 09:36:26
[MQTT] Mensagem recebida - Tópico: monitoramento/temperatura | Payload: Erro ao ler temperatura
[MQTT] Mensagem recebida - Tópico: monitoramento/umidade | Payload: Erro ao ler umidade
[MQTT] Mensagem recebida - Tópico: monitoramento/heartbeat | Payload: 18/07/2025 09:36:26
[2025-07-18 09:36:26] Heartbeat: 18/07/2025 09:36:26
[MQTT] Mensagem recebida - Tópico: monitoramento/temperatura | Payload: Erro ao ler temperatura
[MQTT] Mensagem recebida - Tópico: monitoramento/umidade | Payload: Erro ao ler umidade
[MQTT] Mensagem recebida - Tópico: monitoramento/heartbeat | Payload: 18/07/2025 09:36:26
[2025-07-18 09:36:26] Heartbeat: 18/07/2025 09:36:26
[MQTT] Mensagem recebida - Tópico: monitoramento/temperatura | Payload: Erro ao ler temperatura
[MQTT] Mensagem recebida - Tópico: monitoramento/umidade | Payload: Erro ao ler umidade
[MQTT] Mensagem recebida - Tópico: monitoramento/heartbeat | Payload: 18/07/2025 09:36:26
[2025-07-18 09:36:26] Heartbeat: 18/07/2025 09:36:26
[MQTT] Mensagem recebida - Tópico: monitoramento/temperatura | Payload: Erro ao ler temperatura
[MQTT] Mensagem recebida - Tópico: monitoramento/umidade | Payload: Erro ao ler umidade
[MQTT] Mensagem recebida - Tópico: monitoramento/heartbeat | Payload: 18/07/2025 09:36:26
[2025-07-18 09:36:26] Heartbeat: 18/07/2025 09:36:26
[MQTT] Mensagem recebida - Tópico: monitoramento/temperatura | Payload: Erro ao ler temperatura
[MQTT] Mensagem recebida - Tópico: monitoramento/umidade | Payload: Erro ao ler umidade
[MQTT] Mensagem recebida - Tópico: monitoramento/heartbeat | Payload: 18/07/2025 09:36:26
[2025-07-18 09:36:26] Heartbeat: 18/07/2025 09:36:26
[MQTT] Mensagem recebida - Tópico: monitoramento/temperatura | Payload: Erro ao ler temperatura
[MQTT] Mensagem recebida - Tópico: monitoramento/umidade | Payload: Erro ao ler umidade
[MQTT] Mensagem recebida - Tópico: monitoramento/heartbeat | Payload: 18/07/2025 09:36:26
[2025-07-18 09:36:26] Heartbeat: 18/07/2025 09:36:26
[MQTT] Mensagem recebida - Tópico: monitoramento/temperatura | Payload: Erro ao ler temperatura
[MQTT] Mensagem recebida - Tópico: monitoramento/umidade | Payload: Erro ao ler umidade
[MQTT] Mensagem recebida - Tópico: monitoramento/heartbeat | Payload: 18/07/2025 09:36:26
[2025-07-18 09:36:26] Heartbeat: 18/07/2025 09:36:26
[MQTT] Mensagem recebida - Tópico: monitoramento/temperatura | Payload: Erro ao ler temperatura
[MQTT] Mensagem recebida - Tópico: monitoramento/umidade | Payload: Erro ao ler umidade
[MQTT] Mensagem recebida - Tópico: monitoramento/heartbeat | Payload: 18/07/2025 09:36:26
[2025-07-18 09:36:26] Heartbeat: 18/07/2025 09:36:26
[MQTT] Mensagem recebida - Tópico: monitoramento/temperatura | Payload: Erro ao ler temperatura
[MQTT] Mensagem recebida - Tópico: monitoramento/umidade | Payload: Erro ao ler umidade
[MQTT] Mensagem recebida - Tópico: monitoramento/heartbeat | Payload: 18/07/2025 09:36:26
[2025-07-18 09:36:26] Heartbeat: 18/07/2025 09:36:26
[MQTT] Mensagem recebida - Tópico: monitoramento/temperatura | Payload: Erro ao ler temperatura
[MQTT] Mensagem recebida - Tópico: monitoramento/umidade | Payload: Erro ao ler umidade
[MQTT] Mensagem recebida - Tópico: monitoramento/heartbeat | Payload: 18/07/2025 09:36:26
[2025-07-18 09:36:26] Heartbeat: 18/07/2025 09:36:26
[MQTT] Mensagem recebida - Tópico: monitoramento/temperatura | Payload: Erro ao ler temperatura
[MQTT] Mensagem recebida - Tópico: monitoramento/umidade | Payload: Erro ao ler umidade
[MQTT] Mensagem recebida - Tópico: monitoramento/heartbeat | Payload: 18/07/2025 09:36:26
[2025-07-18 09:36:26] Heartbeat: 18/07/2025 09:36:26
[MQTT] Mensagem recebida - Tópico: monitoramento/temperatura | Payload: Erro ao ler temperatura
[MQTT] Mensagem recebida - Tópico: monitoramento/umidade | Payload: Erro ao ler umidade
[MQTT] Mensagem recebida - Tópico: monitoramento/heartbeat | Payload: 18/07/2025 09:36:26
[2025-07-18 09:36:26] Heartbeat: 18/07/2025 09:36:26
[MQTT] Mensagem recebida - Tópico: monitoramento/temperatura | Payload: Erro ao ler temperatura
[MQTT] Mensagem recebida - Tópico: monitoramento/umidade | Payload: Erro ao ler umidade
[MQTT] Mensagem recebida - Tópico: monitoramento/heartbeat | Payload: 18/07/2025 09:36:26
[2025-07-18 09:36:26] Heartbeat: 18/07/2025 09:36:26
[MQTT] Mensagem recebida - Tópico: monitoramento/temperatura | Payload: Erro ao ler temperatura
[MQTT] Mensagem recebida - Tópico: monitoramento/umidade | Payload: Erro ao ler umidade
[MQTT] Mensagem recebida - Tópico: monitoramento/heartbeat | Payload: 18/07/2025 09:36:26
[2025-07-18 09:36:26] Heartbeat: 18/07/2025 09:36:26
[MQTT] Mensagem recebida - Tópico: monitoramento/temperatura | Payload: Erro ao ler temperatura
[MQTT] Mensagem recebida - Tópico: monitoramento/umidade | Payload: Erro ao ler umidade
[MQTT] Mensagem recebida - Tópico: monitoramento/heartbeat | Payload: 18/07/2025 09:36:26
[2025-07-18 09:36:26] Heartbeat: 18/07/2025 09:36:26
[MQTT] Mensagem recebida - Tópico: monitoramento/temperatura | Payload: Erro ao ler temperatura
[MQTT] Mensagem recebida - Tópico: monitoramento/umidade | Payload: Erro ao ler umidade
[MQTT] Mensagem recebida - Tópico: monitoramento/heartbeat | Payload: 18/07/2025 09:36:26
[2025-07-18 09:36:26] Heartbeat: 18/07/2025 09:36:26
[MQTT] Mensagem recebida - Tópico: monitoramento/temperatura | Payload: Erro ao ler temperatura
[MQTT] Mensagem recebida - Tópico: monitoramento/umidade | Payload: Erro ao ler umidade
[MQTT] Mensagem recebida - Tópico: monitoramento/heartbeat | Payload: 18/07/2025 09:36:26
[2025-07-18 09:36:26] Heartbeat: 18/07/2025 09:36:26
[MQTT] Mensagem recebida - Tópico: monitoramento/temperatura | Payload: Erro ao ler temperatura
[MQTT] Mensagem recebida - Tópico: monitoramento/umidade | Payload: Erro ao ler umidade
[MQTT] Mensagem recebida - Tópico: monitoramento/heartbeat | Payload: 18/07/2025 09:36:26
[2025-07-18 09:36:26] Heartbeat: 18/07/2025 09:36:26
[MQTT] Mensagem recebida - Tópico: monitoramento/temperatura | Payload: Erro ao ler temperatura
[MQTT] Mensagem recebida - Tópico: monitoramento/umidade | Payload: Erro ao ler umidade
[MQTT] Mensagem recebida - Tópico: monitoramento/heartbeat | Payload: 18/07/2025 09:36:26
[2025-07-18 09:36:27] Heartbeat: 18/07/2025 09:36:26
[MQTT] Mensagem recebida - Tópico: monitoramento/temperatura | Payload: Erro ao ler temperatura
[MQTT] Mensagem recebida - Tópico: monitoramento/umidade | Payload: Erro ao ler umidade
[MQTT] Mensagem recebida - Tópico: monitoramento/heartbeat | Payload: 18/07/2025 09:36:26
[2025-07-18 09:36:27] Heartbeat: 18/07/2025 09:36:26
[MQTT] Mensagem recebida - Tópico: monitoramento/temperatura | Payload: Erro ao ler temperatura
[MQTT] Mensagem recebida - Tópico: monitoramento/umidade | Payload: Erro ao ler umidade
[MQTT] Mensagem recebida - Tópico: monitoramento/heartbeat | Payload: 18/07/2025 09:36:26
[2025-07-18 09:36:27] Heartbeat: 18/07/2025 09:36:26
[MQTT] Mensagem recebida - Tópico: monitoramento/temperatura | Payload: Erro ao ler temperatura
[MQTT] Mensagem recebida - Tópico: monitoramento/umidade | Payload: Erro ao ler umidade
[MQTT] Mensagem recebida - Tópico: monitoramento/heartbeat | Payload: 18/07/2025 09:36:26
[2025-07-18 09:36:27] Heartbeat: 18/07/2025 09:36:26
[MQTT] Mensagem recebida - Tópico: monitoramento/temperatura | Payload: Erro ao ler temperatura
[MQTT] Mensagem recebida - Tópico: monitoramento/umidade | Payload: Erro ao ler umidade
[MQTT] Mensagem recebida - Tópico: monitoramento/heartbeat | Payload: 18/07/2025 09:36:26
[2025-07-18 09:36:27] Heartbeat: 18/07/2025 09:36:26
[MQTT] Mensagem recebida - Tópico: monitoramento/temperatura | Payload: Erro ao ler temperatura
[MQTT] Mensagem recebida - Tópico: monitoramento/umidade | Payload: Erro ao ler umidade
[MQTT] Mensagem recebida - Tópico: monitoramento/heartbeat | Payload: 18/07/2025 09:36:26
[2025-07-18 09:36:27] Heartbeat: 18/07/2025 09:36:26
[MQTT] Mensagem recebida - Tópico: monitoramento/temperatura | Payload: Erro ao ler temperatura
[MQTT] Mensagem recebida - Tópico: monitoramento/umidade | Payload: Erro ao ler umidade
[MQTT] Mensagem recebida - Tópico: monitoramento/heartbeat | Payload: 18/07/2025 09:36:26
[2025-07-18 09:36:27] Heartbeat: 18/07/2025 09:36:26
[MQTT] Mensagem recebida - Tópico: monitoramento/temperatura | Payload: Erro ao ler temperatura
[MQTT] Mensagem recebida - Tópico: monitoramento/umidade | Payload: Erro ao ler umidade
[MQTT] Mensagem recebida - Tópico: monitoramento/heartbeat | Payload: 18/07/2025 09:36:27
[2025-07-18 09:36:27] Heartbeat: 18/07/2025 09:36:27
[MQTT] Mensagem recebida - Tópico: monitoramento/temperatura | Payload: Erro ao ler temperatura
[MQTT] Mensagem recebida - Tópico: monitoramento/umidade | Payload: Erro ao ler umidade
[MQTT] Mensagem recebida - Tópico: monitoramento/heartbeat | Payload: 18/07/2025 09:36:27
[2025-07-18 09:36:27] Heartbeat: 18/07/2025 09:36:27
[MQTT] Mensagem recebida - Tópico: monitoramento/temperatura | Payload: Erro ao ler temperatura
[MQTT] Mensagem recebida - Tópico: monitoramento/umidade | Payload: Erro ao ler umidade
[MQTT] Mensagem recebida - Tópico: monitoramento/heartbeat | Payload: 18/07/2025 09:36:27
[2025-07-18 09:36:27] Heartbeat: 18/07/2025 09:36:27
[MQTT] Mensagem recebida - Tópico: monitoramento/temperatura | Payload: Erro ao ler temperatura
[MQTT] Mensagem recebida - Tópico: monitoramento/umidade | Payload: Erro ao ler umidade
[MQTT] Mensagem recebida - Tópico: monitoramento/heartbeat | Payload: 18/07/2025 09:36:27
[2025-07-18 09:36:27] Heartbeat: 18/07/2025 09:36:27
[MQTT] Mensagem recebida - Tópico: monitoramento/temperatura | Payload: Erro ao ler temperatura
[MQTT] Mensagem recebida - Tópico: monitoramento/umidade | Payload: Erro ao ler umidade
[MQTT] Mensagem recebida - Tópico: monitoramento/heartbeat | Payload: 18/07/2025 09:36:27
[2025-07-18 09:36:27] Heartbeat: 18/07/2025 09:36:27
[MQTT] Mensagem recebida - Tópico: monitoramento/temperatura | Payload: Erro ao ler temperatura
[MQTT] Mensagem recebida - Tópico: monitoramento/umidade | Payload: Erro ao ler umidade
[MQTT] Mensagem recebida - Tópico: monitoramento/heartbeat | Payload: 18/07/2025 09:36:27
[2025-07-18 09:36:27] Heartbeat: 18/07/2025 09:36:27
[MQTT] Mensagem recebida - Tópico: monitoramento/temperatura | Payload: Erro ao ler temperatura
[MQTT] Mensagem recebida - Tópico: monitoramento/umidade | Payload: Erro ao ler umidade
[MQTT] Mensagem recebida - Tópico: monitoramento/heartbeat | Payload: 18/07/2025 09:36:27
[2025-07-18 09:36:27] Heartbeat: 18/07/2025 09:36:27
[MQTT] Mensagem recebida - Tópico: monitoramento/temperatura | Payload: Erro ao ler temperatura
[MQTT] Mensagem recebida - Tópico: monitoramento/umidade | Payload: Erro ao ler umidade
[MQTT] Mensagem recebida - Tópico: monitoramento/heartbeat | Payload: 18/07/2025 09:36:27
[2025-07-18 09:36:27] Heartbeat: 18/07/2025 09:36:27
[MQTT] Mensagem recebida - Tópico: monitoramento/temperatura | Payload: Erro ao ler temperatura
[MQTT] Mensagem recebida - Tópico: monitoramento/umidade | Payload: Erro ao ler umidade
[MQTT] Mensagem recebida - Tópico: monitoramento/heartbeat | Payload: 18/07/2025 09:36:27
[2025-07-18 09:36:27] Heartbeat: 18/07/2025 09:36:27
[MQTT] Mensagem recebida - Tópico: monitoramento/temperatura | Payload: Erro ao ler temperatura
[MQTT] Mensagem recebida - Tópico: monitoramento/umidade | Payload: Erro ao ler umidade
[MQTT] Mensagem recebida - Tópico: monitoramento/heartbeat | Payload: 18/07/2025 09:36:27
[2025-07-18 09:36:27] Heartbeat: 18/07/2025 09:36:27
[MQTT] Mensagem recebida - Tópico: monitoramento/temperatura | Payload: Erro ao ler temperatura
[MQTT] Mensagem recebida - Tópico: monitoramento/umidade | Payload: Erro ao ler umidade
[MQTT] Mensagem recebida - Tópico: monitoramento/heartbeat | Payload: 18/07/2025 09:36:27
[2025-07-18 09:36:27] Heartbeat: 18/07/2025 09:36:27
[MQTT] Mensagem recebida - Tópico: monitoramento/temperatura | Payload: Erro ao ler temperatura
[MQTT] Mensagem recebida - Tópico: monitoramento/umidade | Payload: Erro ao ler umidade
[MQTT] Mensagem recebida - Tópico: monitoramento/heartbeat | Payload: 18/07/2025 09:36:27
[2025-07-18 09:36:27] Heartbeat: 18/07/2025 09:36:27
[MQTT] Mensagem recebida - Tópico: monitoramento/temperatura | Payload: Erro ao ler temperatura
[MQTT] Mensagem recebida - Tópico: monitoramento/umidade | Payload: Erro ao ler umidade
[MQTT] Mensagem recebida - Tópico: monitoramento/heartbeat | Payload: 18/07/2025 09:36:27
[2025-07-18 09:36:27] Heartbeat: 18/07/2025 09:36:27
[MQTT] Mensagem recebida - Tópico: monitoramento/temperatura | Payload: Erro ao ler temperatura
[MQTT] Mensagem recebida - Tópico: monitoramento/umidade | Payload: Erro ao ler umidade
[MQTT] Mensagem recebida - Tópico: monitoramento/heartbeat | Payload: 18/07/2025 09:36:27
[2025-07-18 09:36:27] Heartbeat: 18/07/2025 09:36:27
[MQTT] Mensagem recebida - Tópico: monitoramento/temperatura | Payload: Erro ao ler temperatura
[MQTT] Mensagem recebida - Tópico: monitoramento/umidade | Payload: Erro ao ler umidade
[MQTT] Mensagem recebida - Tópico: monitoramento/heartbeat | Payload: 18/07/2025 09:36:27
[2025-07-18 09:36:27] Heartbeat: 18/07/2025 09:36:27
[MQTT] Mensagem recebida - Tópico: monitoramento/temperatura | Payload: Erro ao ler temperatura
[MQTT] Mensagem recebida - Tópico: monitoramento/umidade | Payload: Erro ao ler umidade
[MQTT] Mensagem recebida - Tópico: monitoramento/heartbeat | Payload: 18/07/2025 09:36:27
[2025-07-18 09:36:27] Heartbeat: 18/07/2025 09:36:27
[MQTT] Mensagem recebida - Tópico: monitoramento/temperatura | Payload: Erro ao ler temperatura
[MQTT] Mensagem recebida - Tópico: monitoramento/umidade | Payload: Erro ao ler umidade
[MQTT] Mensagem recebida - Tópico: monitoramento/heartbeat | Payload: 18/07/2025 09:36:27
[2025-07-18 09:36:27] Heartbeat: 18/07/2025 09:36:27
[MQTT] Mensagem recebida - Tópico: monitoramento/temperatura | Payload: Erro ao ler temperatura
[MQTT] Mensagem recebida - Tópico: monitoramento/umidade | Payload: Erro ao ler umidade
[MQTT] Mensagem recebida - Tópico: monitoramento/heartbeat | Payload: 18/07/2025 09:36:27
[2025-07-18 09:36:27] Heartbeat: 18/07/2025 09:36:27
[MQTT] Mensagem recebida - Tópico: monitoramento/temperatura | Payload: Erro ao ler temperatura
[MQTT] Mensagem recebida - Tópico: monitoramento/umidade | Payload: Erro ao ler umidade
[MQTT] Mensagem recebida - Tópico: monitoramento/heartbeat | Payload: 18/07/2025 09:36:27
[2025-07-18 09:36:27] Heartbeat: 18/07/2025 09:36:27
[MQTT] Mensagem recebida - Tópico: monitoramento/temperatura | Payload: Erro ao ler temperatura
[MQTT] Mensagem recebida - Tópico: monitoramento/umidade | Payload: Erro ao ler umidade
[MQTT] Mensagem recebida - Tópico: monitoramento/heartbeat | Payload: 18/07/2025 09:36:27
[2025-07-18 09:36:27] Heartbeat: 18/07/2025 09:36:27
[MQTT] Mensagem recebida - Tópico: monitoramento/umidade | Payload: 41.30
2025-07-18 09:39:48.642385 - Erro ao inserir no banco: Incorrect double value: 'Erro ao ler temperatura' for column `monitoramento`.`valores`.`temperatura` at row 1
2025-07-18 09:39:48.643439 - Conectado ao banco com sucesso
[2025-07-18 09:39:48] Dados salvos: T=Erro ao ler temperatura, U=41.30
[MQTT] Mensagem recebida - Tópico: monitoramento/heartbeat | Payload: 18/07/2025 09:39:48
[2025-07-18 09:39:48] Heartbeat: 18/07/2025 09:39:48
[MQTT] Mensagem recebida - Tópico: monitoramento/temperatura | Payload: 39.70
2025-07-18 09:39:48.967093 - Dado inserido: T=39.70, U=41.30
[2025-07-18 09:39:48] Dados salvos: T=39.70, U=41.30
[MQTT] Mensagem recebida - Tópico: monitoramento/heartbeat | Payload: 18/07/2025 09:39:48
[2025-07-18 09:39:48] Heartbeat: 18/07/2025 09:39:48
[MQTT] Mensagem recebida - Tópico: monitoramento/temperatura | Payload: Erro ao ler temperatura
2025-07-18 09:42:23.013462 - Erro ao inserir no banco: Incorrect double value: 'Erro ao ler temperatura' for column `monitoramento`.`valores`.`temperatura` at row 1
2025-07-18 09:42:23.014489 - Conectado ao banco com sucesso
[2025-07-18 09:42:22] Dados salvos: T=Erro ao ler temperatura, U=41.30
[MQTT] Mensagem recebida - Tópico: monitoramento/umidade | Payload: Erro ao ler umidade
2025-07-18 09:42:23.339660 - Erro ao inserir no banco: Incorrect double value: 'Erro ao ler temperatura' for column `monitoramento`.`valores`.`temperatura` at row 1
2025-07-18 09:42:23.340745 - Conectado ao banco com sucesso
[2025-07-18 09:42:23] Dados salvos: T=Erro ao ler temperatura, U=Erro ao ler umidade
[MQTT] Mensagem recebida - Tópico: monitoramento/heartbeat | Payload: 18/07/2025 09:42:22
[2025-07-18 09:42:23] Heartbeat: 18/07/2025 09:42:22
[MQTT] Mensagem recebida - Tópico: monitoramento/temperatura | Payload: Erro ao ler temperatura
[MQTT] Mensagem recebida - Tópico: monitoramento/umidade | Payload: Erro ao ler umidade
[MQTT] Mensagem recebida - Tópico: monitoramento/heartbeat | Payload: 18/07/2025 09:42:22
[2025-07-18 09:42:23] Heartbeat: 18/07/2025 09:42:22
[MQTT] Mensagem recebida - Tópico: monitoramento/temperatura | Payload: Erro ao ler temperatura
[MQTT] Mensagem recebida - Tópico: monitoramento/umidade | Payload: Erro ao ler umidade
[MQTT] Mensagem recebida - Tópico: monitoramento/heartbeat | Payload: 18/07/2025 09:42:22
[2025-07-18 09:42:23] Heartbeat: 18/07/2025 09:42:22
[MQTT] Mensagem recebida - Tópico: monitoramento/temperatura | Payload: Erro ao ler temperatura
[MQTT] Mensagem recebida - Tópico: monitoramento/umidade | Payload: Erro ao ler umidade
[MQTT] Mensagem recebida - Tópico: monitoramento/heartbeat | Payload: 18/07/2025 09:42:22
[2025-07-18 09:42:23] Heartbeat: 18/07/2025 09:42:22
[MQTT] Mensagem recebida - Tópico: monitoramento/temperatura | Payload: Erro ao ler temperatura
[MQTT] Mensagem recebida - Tópico: monitoramento/umidade | Payload: Erro ao ler umidade
[MQTT] Mensagem recebida - Tópico: monitoramento/heartbeat | Payload: 18/07/2025 09:42:22
[2025-07-18 09:42:23] Heartbeat: 18/07/2025 09:42:22
[MQTT] Mensagem recebida - Tópico: monitoramento/temperatura | Payload: Erro ao ler temperatura
[MQTT] Mensagem recebida - Tópico: monitoramento/umidade | Payload: Erro ao ler umidade
[MQTT] Mensagem recebida - Tópico: monitoramento/heartbeat | Payload: 18/07/2025 09:42:22
[2025-07-18 09:42:23] Heartbeat: 18/07/2025 09:42:22
[MQTT] Mensagem recebida - Tópico: monitoramento/temperatura | Payload: Erro ao ler temperatura
[MQTT] Mensagem recebida - Tópico: monitoramento/umidade | Payload: Erro ao ler umidade
[MQTT] Mensagem recebida - Tópico: monitoramento/heartbeat | Payload: 18/07/2025 09:42:22
[2025-07-18 09:42:23] Heartbeat: 18/07/2025 09:42:22
[MQTT] Mensagem recebida - Tópico: monitoramento/temperatura | Payload: Erro ao ler temperatura
[MQTT] Mensagem recebida - Tópico: monitoramento/umidade | Payload: Erro ao ler umidade
[MQTT] Mensagem recebida - Tópico: monitoramento/heartbeat | Payload: 18/07/2025 09:42:22
[2025-07-18 09:42:23] Heartbeat: 18/07/2025 09:42:22
[MQTT] Mensagem recebida - Tópico: monitoramento/temperatura | Payload: Erro ao ler temperatura
[MQTT] Mensagem recebida - Tópico: monitoramento/umidade | Payload: Erro ao ler umidade
[MQTT] Mensagem recebida - Tópico: monitoramento/heartbeat | Payload: 18/07/2025 09:42:22
[2025-07-18 09:42:23] Heartbeat: 18/07/2025 09:42:22
[MQTT] Mensagem recebida - Tópico: monitoramento/temperatura | Payload: Erro ao ler temperatura
[MQTT] Mensagem recebida - Tópico: monitoramento/umidade | Payload: Erro ao ler umidade
[MQTT] Mensagem recebida - Tópico: monitoramento/heartbeat | Payload: 18/07/2025 09:42:22
[2025-07-18 09:42:23] Heartbeat: 18/07/2025 09:42:22
[MQTT] Mensagem recebida - Tópico: monitoramento/temperatura | Payload: Erro ao ler temperatura
[MQTT] Mensagem recebida - Tópico: monitoramento/umidade | Payload: Erro ao ler umidade
[MQTT] Mensagem recebida - Tópico: monitoramento/heartbeat | Payload: 18/07/2025 09:42:22
[2025-07-18 09:42:23] Heartbeat: 18/07/2025 09:42:22
[MQTT] Mensagem recebida - Tópico: monitoramento/temperatura | Payload: Erro ao ler temperatura
[MQTT] Mensagem recebida - Tópico: monitoramento/umidade | Payload: Erro ao ler umidade
[MQTT] Mensagem recebida - Tópico: monitoramento/heartbeat | Payload: 18/07/2025 09:42:22
[2025-07-18 09:42:23] Heartbeat: 18/07/2025 09:42:22
[MQTT] Mensagem recebida - Tópico: monitoramento/temperatura | Payload: Erro ao ler temperatura
[MQTT] Mensagem recebida - Tópico: monitoramento/umidade | Payload: Erro ao ler umidade
[MQTT] Mensagem recebida - Tópico: monitoramento/heartbeat | Payload: 18/07/2025 09:42:22
[2025-07-18 09:42:23] Heartbeat: 18/07/2025 09:42:22
[MQTT] Mensagem recebida - Tópico: monitoramento/temperatura | Payload: Erro ao ler temperatura
[MQTT] Mensagem recebida - Tópico: monitoramento/umidade | Payload: Erro ao ler umidade
[MQTT] Mensagem recebida - Tópico: monitoramento/heartbeat | Payload: 18/07/2025 09:42:22
[2025-07-18 09:42:23] Heartbeat: 18/07/2025 09:42:22
[MQTT] Mensagem recebida - Tópico: monitoramento/temperatura | Payload: Erro ao ler temperatura
[MQTT] Mensagem recebida - Tópico: monitoramento/umidade | Payload: Erro ao ler umidade
[MQTT] Mensagem recebida - Tópico: monitoramento/heartbeat | Payload: 18/07/2025 09:42:22
[2025-07-18 09:42:23] Heartbeat: 18/07/2025 09:42:22
[MQTT] Mensagem recebida - Tópico: monitoramento/temperatura | Payload: Erro ao ler temperatura
[MQTT] Mensagem recebida - Tópico: monitoramento/umidade | Payload: Erro ao ler umidade
[MQTT] Mensagem recebida - Tópico: monitoramento/heartbeat | Payload: 18/07/2025 09:42:22
[2025-07-18 09:42:23] Heartbeat: 18/07/2025 09:42:22
[MQTT] Mensagem recebida - Tópico: monitoramento/temperatura | Payload: Erro ao ler temperatura
[MQTT] Mensagem recebida - Tópico: monitoramento/umidade | Payload: Erro ao ler umidade
[MQTT] Mensagem recebida - Tópico: monitoramento/heartbeat | Payload: 18/07/2025 09:42:22
[2025-07-18 09:42:23] Heartbeat: 18/07/2025 09:42:22
[MQTT] Mensagem recebida - Tópico: monitoramento/temperatura | Payload: Erro ao ler temperatura
[MQTT] Mensagem recebida - Tópico: monitoramento/umidade | Payload: Erro ao ler umidade
[MQTT] Mensagem recebida - Tópico: monitoramento/heartbeat | Payload: 18/07/2025 09:42:22
[2025-07-18 09:42:23] Heartbeat: 18/07/2025 09:42:22
[MQTT] Mensagem recebida - Tópico: monitoramento/temperatura | Payload: Erro ao ler temperatura
[MQTT] Mensagem recebida - Tópico: monitoramento/umidade | Payload: Erro ao ler umidade
[MQTT] Mensagem recebida - Tópico: monitoramento/heartbeat | Payload: 18/07/2025 09:42:22
[2025-07-18 09:42:23] Heartbeat: 18/07/2025 09:42:22
[MQTT] Mensagem recebida - Tópico: monitoramento/temperatura | Payload: Erro ao ler temperatura
[MQTT] Mensagem recebida - Tópico: monitoramento/umidade | Payload: Erro ao ler umidade
[MQTT] Mensagem recebida - Tópico: monitoramento/heartbeat | Payload: 18/07/2025 09:42:22
[2025-07-18 09:42:23] Heartbeat: 18/07/2025 09:42:22
[MQTT] Mensagem recebida - Tópico: monitoramento/temperatura | Payload: Erro ao ler temperatura
[MQTT] Mensagem recebida - Tópico: monitoramento/umidade | Payload: Erro ao ler umidade
[MQTT] Mensagem recebida - Tópico: monitoramento/heartbeat | Payload: 18/07/2025 09:42:22
[2025-07-18 09:42:23] Heartbeat: 18/07/2025 09:42:22
[MQTT] Mensagem recebida - Tópico: monitoramento/temperatura | Payload: Erro ao ler temperatura
[MQTT] Mensagem recebida - Tópico: monitoramento/umidade | Payload: Erro ao ler umidade
[MQTT] Mensagem recebida - Tópico: monitoramento/heartbeat | Payload: 18/07/2025 09:42:22
[2025-07-18 09:42:23] Heartbeat: 18/07/2025 09:42:22
[MQTT] Mensagem recebida - Tópico: monitoramento/temperatura | Payload: Erro ao ler temperatura
[MQTT] Mensagem recebida - Tópico: monitoramento/umidade | Payload: Erro ao ler umidade
[MQTT] Mensagem recebida - Tópico: monitoramento/heartbeat | Payload: 18/07/2025 09:42:22
[2025-07-18 09:42:23] Heartbeat: 18/07/2025 09:42:22
[MQTT] Mensagem recebida - Tópico: monitoramento/temperatura | Payload: Erro ao ler temperatura
[MQTT] Mensagem recebida - Tópico: monitoramento/umidade | Payload: Erro ao ler umidade
[MQTT] Mensagem recebida - Tópico: monitoramento/heartbeat | Payload: 18/07/2025 09:42:22
[2025-07-18 09:42:23] Heartbeat: 18/07/2025 09:42:22
[MQTT] Mensagem recebida - Tópico: monitoramento/temperatura | Payload: Erro ao ler temperatura
[MQTT] Mensagem recebida - Tópico: monitoramento/umidade | Payload: Erro ao ler umidade
[MQTT] Mensagem recebida - Tópico: monitoramento/heartbeat | Payload: 18/07/2025 09:42:22
[2025-07-18 09:42:23] Heartbeat: 18/07/2025 09:42:22
[MQTT] Mensagem recebida - Tópico: monitoramento/temperatura | Payload: Erro ao ler temperatura
[MQTT] Mensagem recebida - Tópico: monitoramento/umidade | Payload: Erro ao ler umidade
[MQTT] Mensagem recebida - Tópico: monitoramento/heartbeat | Payload: 18/07/2025 09:42:22
[2025-07-18 09:42:23] Heartbeat: 18/07/2025 09:42:22
[MQTT] Mensagem recebida - Tópico: monitoramento/temperatura | Payload: Erro ao ler temperatura
[MQTT] Mensagem recebida - Tópico: monitoramento/umidade | Payload: Erro ao ler umidade
[MQTT] Mensagem recebida - Tópico: monitoramento/heartbeat | Payload: 18/07/2025 09:42:22
[2025-07-18 09:42:23] Heartbeat: 18/07/2025 09:42:22
[MQTT] Mensagem recebida - Tópico: monitoramento/temperatura | Payload: Erro ao ler temperatura
[MQTT] Mensagem recebida - Tópico: monitoramento/umidade | Payload: Erro ao ler umidade
[MQTT] Mensagem recebida - Tópico: monitoramento/heartbeat | Payload: 18/07/2025 09:42:22
[2025-07-18 09:42:23] Heartbeat: 18/07/2025 09:42:22
[MQTT] Mensagem recebida - Tópico: monitoramento/temperatura | Payload: Erro ao ler temperatura
[MQTT] Mensagem recebida - Tópico: monitoramento/umidade | Payload: Erro ao ler umidade
[MQTT] Mensagem recebida - Tópico: monitoramento/heartbeat | Payload: 18/07/2025 09:42:22
[2025-07-18 09:42:23] Heartbeat: 18/07/2025 09:42:22
[MQTT] Mensagem recebida - Tópico: monitoramento/temperatura | Payload: Erro ao ler temperatura
[MQTT] Mensagem recebida - Tópico: monitoramento/umidade | Payload: Erro ao ler umidade
[MQTT] Mensagem recebida - Tópico: monitoramento/heartbeat | Payload: 18/07/2025 09:42:23
[2025-07-18 09:42:23] Heartbeat: 18/07/2025 09:42:23
[MQTT] Mensagem recebida - Tópico: monitoramento/temperatura | Payload: Erro ao ler temperatura
[MQTT] Mensagem recebida - Tópico: monitoramento/umidade | Payload: Erro ao ler umidade
[MQTT] Mensagem recebida - Tópico: monitoramento/heartbeat | Payload: 18/07/2025 09:42:23
[2025-07-18 09:42:23] Heartbeat: 18/07/2025 09:42:23
[MQTT] Mensagem recebida - Tópico: monitoramento/temperatura | Payload: Erro ao ler temperatura
[MQTT] Mensagem recebida - Tópico: monitoramento/umidade | Payload: Erro ao ler umidade
[MQTT] Mensagem recebida - Tópico: monitoramento/heartbeat | Payload: 18/07/2025 09:42:23
[2025-07-18 09:42:23] Heartbeat: 18/07/2025 09:42:23
[MQTT] Mensagem recebida - Tópico: monitoramento/temperatura | Payload: Erro ao ler temperatura
[MQTT] Mensagem recebida - Tópico: monitoramento/umidade | Payload: Erro ao ler umidade
[MQTT] Mensagem recebida - Tópico: monitoramento/heartbeat | Payload: 18/07/2025 09:42:23
[2025-07-18 09:42:23] Heartbeat: 18/07/2025 09:42:23
[MQTT] Mensagem recebida - Tópico: monitoramento/temperatura | Payload: Erro ao ler temperatura
[MQTT] Mensagem recebida - Tópico: monitoramento/umidade | Payload: Erro ao ler umidade
[MQTT] Mensagem recebida - Tópico: monitoramento/heartbeat | Payload: 18/07/2025 09:42:23
[2025-07-18 09:42:23] Heartbeat: 18/07/2025 09:42:23
[MQTT] Mensagem recebida - Tópico: monitoramento/temperatura | Payload: Erro ao ler temperatura
[MQTT] Mensagem recebida - Tópico: monitoramento/umidade | Payload: Erro ao ler umidade
[MQTT] Mensagem recebida - Tópico: monitoramento/heartbeat | Payload: 18/07/2025 09:42:23
[2025-07-18 09:42:23] Heartbeat: 18/07/2025 09:42:23
[MQTT] Mensagem recebida - Tópico: monitoramento/temperatura | Payload: Erro ao ler temperatura
[MQTT] Mensagem recebida - Tópico: monitoramento/umidade | Payload: Erro ao ler umidade
[MQTT] Mensagem recebida - Tópico: monitoramento/heartbeat | Payload: 18/07/2025 09:42:23
[2025-07-18 09:42:23] Heartbeat: 18/07/2025 09:42:23
[MQTT] Mensagem recebida - Tópico: monitoramento/temperatura | Payload: Erro ao ler temperatura
[MQTT] Mensagem recebida - Tópico: monitoramento/umidade | Payload: Erro ao ler umidade
[MQTT] Mensagem recebida - Tópico: monitoramento/heartbeat | Payload: 18/07/2025 09:42:23
[2025-07-18 09:42:23] Heartbeat: 18/07/2025 09:42:23
[MQTT] Mensagem recebida - Tópico: monitoramento/temperatura | Payload: Erro ao ler temperatura
[MQTT] Mensagem recebida - Tópico: monitoramento/umidade | Payload: Erro ao ler umidade
[MQTT] Mensagem recebida - Tópico: monitoramento/heartbeat | Payload: 18/07/2025 09:42:23
[2025-07-18 09:42:23] Heartbeat: 18/07/2025 09:42:23
[MQTT] Mensagem recebida - Tópico: monitoramento/temperatura | Payload: Erro ao ler temperatura
[MQTT] Mensagem recebida - Tópico: monitoramento/umidade | Payload: Erro ao ler umidade
[MQTT] Mensagem recebida - Tópico: monitoramento/heartbeat | Payload: 18/07/2025 09:42:23
[2025-07-18 09:42:24] Heartbeat: 18/07/2025 09:42:23
[MQTT] Mensagem recebida - Tópico: monitoramento/temperatura | Payload: Erro ao ler temperatura
[MQTT] Mensagem recebida - Tópico: monitoramento/umidade | Payload: Erro ao ler umidade
[MQTT] Mensagem recebida - Tópico: monitoramento/heartbeat | Payload: 18/07/2025 09:42:23
[2025-07-18 09:42:24] Heartbeat: 18/07/2025 09:42:23
[MQTT] Mensagem recebida - Tópico: monitoramento/temperatura | Payload: Erro ao ler temperatura
[MQTT] Mensagem recebida - Tópico: monitoramento/umidade | Payload: Erro ao ler umidade
[MQTT] Mensagem recebida - Tópico: monitoramento/heartbeat | Payload: 18/07/2025 09:42:23
[2025-07-18 09:42:24] Heartbeat: 18/07/2025 09:42:23
[MQTT] Mensagem recebida - Tópico: monitoramento/temperatura | Payload: Erro ao ler temperatura
[MQTT] Mensagem recebida - Tópico: monitoramento/umidade | Payload: Erro ao ler umidade
[MQTT] Mensagem recebida - Tópico: monitoramento/heartbeat | Payload: 18/07/2025 09:42:23
[2025-07-18 09:42:24] Heartbeat: 18/07/2025 09:42:23
[MQTT] Mensagem recebida - Tópico: monitoramento/temperatura | Payload: Erro ao ler temperatura
[MQTT] Mensagem recebida - Tópico: monitoramento/umidade | Payload: Erro ao ler umidade
[MQTT] Mensagem recebida - Tópico: monitoramento/heartbeat | Payload: 18/07/2025 09:42:23
[2025-07-18 09:42:24] Heartbeat: 18/07/2025 09:42:23
[MQTT] Mensagem recebida - Tópico: monitoramento/temperatura | Payload: Erro ao ler temperatura
[MQTT] Mensagem recebida - Tópico: monitoramento/umidade | Payload: Erro ao ler umidade
[MQTT] Mensagem recebida - Tópico: monitoramento/heartbeat | Payload: 18/07/2025 09:42:23
[2025-07-18 09:42:24] Heartbeat: 18/07/2025 09:42:23
[MQTT] Mensagem recebida - Tópico: monitoramento/temperatura | Payload: Erro ao ler temperatura
[MQTT] Mensagem recebida - Tópico: monitoramento/umidade | Payload: Erro ao ler umidade
[MQTT] Mensagem recebida - Tópico: monitoramento/heartbeat | Payload: 18/07/2025 09:42:23
[2025-07-18 09:42:24] Heartbeat: 18/07/2025 09:42:23
[MQTT] Mensagem recebida - Tópico: monitoramento/temperatura | Payload: Erro ao ler temperatura
[MQTT] Mensagem recebida - Tópico: monitoramento/umidade | Payload: Erro ao ler umidade
[MQTT] Mensagem recebida - Tópico: monitoramento/heartbeat | Payload: 18/07/2025 09:42:23
[2025-07-18 09:42:24] Heartbeat: 18/07/2025 09:42:23
[MQTT] Mensagem recebida - Tópico: monitoramento/temperatura | Payload: Erro ao ler temperatura
[MQTT] Mensagem recebida - Tópico: monitoramento/umidade | Payload: Erro ao ler umidade
[MQTT] Mensagem recebida - Tópico: monitoramento/heartbeat | Payload: 18/07/2025 09:42:23
[2025-07-18 09:42:24] Heartbeat: 18/07/2025 09:42:23
[MQTT] Mensagem recebida - Tópico: monitoramento/temperatura | Payload: Erro ao ler temperatura
[MQTT] Mensagem recebida - Tópico: monitoramento/umidade | Payload: Erro ao ler umidade
[MQTT] Mensagem recebida - Tópico: monitoramento/heartbeat | Payload: 18/07/2025 09:42:23
[2025-07-18 09:42:24] Heartbeat: 18/07/2025 09:42:23
[MQTT] Mensagem recebida - Tópico: monitoramento/temperatura | Payload: Erro ao ler temperatura
[MQTT] Mensagem recebida - Tópico: monitoramento/umidade | Payload: Erro ao ler umidade
[MQTT] Mensagem recebida - Tópico: monitoramento/heartbeat | Payload: 18/07/2025 09:42:23
[2025-07-18 09:42:24] Heartbeat: 18/07/2025 09:42:23
[MQTT] Mensagem recebida - Tópico: monitoramento/temperatura | Payload: Erro ao ler temperatura
[MQTT] Mensagem recebida - Tópico: monitoramento/umidade | Payload: Erro ao ler umidade
[MQTT] Mensagem recebida - Tópico: monitoramento/heartbeat | Payload: 18/07/2025 09:42:23
[2025-07-18 09:42:24] Heartbeat: 18/07/2025 09:42:23
[MQTT] Mensagem recebida - Tópico: monitoramento/temperatura | Payload: Erro ao ler temperatura
[MQTT] Mensagem recebida - Tópico: monitoramento/umidade | Payload: Erro ao ler umidade
[MQTT] Mensagem recebida - Tópico: monitoramento/heartbeat | Payload: 18/07/2025 09:42:23
[2025-07-18 09:42:24] Heartbeat: 18/07/2025 09:42:23
[MQTT] Mensagem recebida - Tópico: monitoramento/temperatura | Payload: Erro ao ler temperatura
[MQTT] Mensagem recebida - Tópico: monitoramento/umidade | Payload: Erro ao ler umidade
[MQTT] Mensagem recebida - Tópico: monitoramento/heartbeat | Payload: 18/07/2025 09:42:23
[2025-07-18 09:42:24] Heartbeat: 18/07/2025 09:42:23
[MQTT] Mensagem recebida - Tópico: monitoramento/umidade | Payload: 41.10
2025-07-18 09:49:48.700389 - Erro ao inserir no banco: Incorrect double value: 'Erro ao ler temperatura' for column `monitoramento`.`valores`.`temperatura` at row 1
2025-07-18 09:49:48.701426 - Conectado ao banco com sucesso
[2025-07-18 09:49:48] Dados salvos: T=Erro ao ler temperatura, U=41.10
[MQTT] Mensagem recebida - Tópico: monitoramento/heartbeat | Payload: 18/07/2025 09:49:48
[2025-07-18 09:49:48] Heartbeat: 18/07/2025 09:49:48
[MQTT] Mensagem recebida - Tópico: monitoramento/temperatura | Payload: 39.70
2025-07-18 09:49:49.036178 - Dado inserido: T=39.70, U=41.10
[2025-07-18 09:49:48] Dados salvos: T=39.70, U=41.10
[MQTT] Mensagem recebida - Tópico: monitoramento/heartbeat | Payload: 18/07/2025 09:49:48
[2025-07-18 09:49:49] Heartbeat: 18/07/2025 09:49:48
[MQTT] Mensagem recebida - Tópico: monitoramento/umidade | Payload: 41.10
[MQTT] Mensagem recebida - Tópico: monitoramento/heartbeat | Payload: 18/07/2025 09:59:48
[2025-07-18 09:59:48] Heartbeat: 18/07/2025 09:59:48
[MQTT] Mensagem recebida - Tópico: monitoramento/temperatura | Payload: 39.70
[MQTT] Mensagem recebida - Tópico: monitoramento/heartbeat | Payload: 18/07/2025 09:59:48
[2025-07-18 09:59:48] Heartbeat: 18/07/2025 09:59:48
[MQTT] Mensagem recebida - Tópico: monitoramento/umidade | Payload: 41.00
2025-07-18 10:01:53.038582 - Dado inserido: T=39.70, U=41.00
[2025-07-18 10:01:52] Dados salvos: T=39.70, U=41.00
[MQTT] Mensagem recebida - Tópico: monitoramento/heartbeat | Payload: 18/07/2025 10:01:52
[2025-07-18 10:01:53] Heartbeat: 18/07/2025 10:01:52
[MQTT] Mensagem recebida - Tópico: monitoramento/temperatura | Payload: 39.70
[MQTT] Mensagem recebida - Tópico: monitoramento/heartbeat | Payload: 18/07/2025 10:01:52
[2025-07-18 10:01:53] Heartbeat: 18/07/2025 10:01:52
[MQTT] Mensagem recebida - Tópico: monitoramento/umidade | Payload: 41.10
2025-07-18 10:11:53.161997 - Dado inserido: T=39.70, U=41.10
[2025-07-18 10:11:52] Dados salvos: T=39.70, U=41.10
[MQTT] Mensagem recebida - Tópico: monitoramento/heartbeat | Payload: 18/07/2025 10:11:52
[2025-07-18 10:11:53] Heartbeat: 18/07/2025 10:11:52
[MQTT] Mensagem recebida - Tópico: monitoramento/temperatura | Payload: 39.70
[MQTT] Mensagem recebida - Tópico: monitoramento/heartbeat | Payload: 18/07/2025 10:11:52
[2025-07-18 10:11:53] Heartbeat: 18/07/2025 10:11:52
[MQTT] Mensagem recebida - Tópico: monitoramento/umidade | Payload: 39.80
2025-07-18 10:18:01.188601 - Dado inserido: T=39.70, U=39.80
[2025-07-18 10:18:00] Dados salvos: T=39.70, U=39.80
[MQTT] Mensagem recebida - Tópico: monitoramento/heartbeat | Payload: 18/07/2025 10:18:00
[2025-07-18 10:18:01] Heartbeat: 18/07/2025 10:18:00
[MQTT] Mensagem recebida - Tópico: monitoramento/umidade | Payload: 38.60
2025-07-18 10:20:05.467401 - Dado inserido: T=39.70, U=38.60
[2025-07-18 10:20:05] Dados salvos: T=39.70, U=38.60
[MQTT] Mensagem recebida - Tópico: monitoramento/heartbeat | Payload: 18/07/2025 10:20:05
[2025-07-18 10:20:05] Heartbeat: 18/07/2025 10:20:05
[MQTT] Mensagem recebida - Tópico: monitoramento/temperatura | Payload: 38.50
2025-07-18 10:20:57.578095 - Dado inserido: T=38.50, U=38.60
[2025-07-18 10:20:57] Dados salvos: T=38.50, U=38.60
[MQTT] Mensagem recebida - Tópico: monitoramento/heartbeat | Payload: 18/07/2025 10:20:57
[2025-07-18 10:20:57] Heartbeat: 18/07/2025 10:20:57
[MQTT] Mensagem recebida - Tópico: monitoramento/umidade | Payload: 37.30
2025-07-18 10:22:17.741126 - Dado inserido: T=38.50, U=37.30
[2025-07-18 10:22:17] Dados salvos: T=38.50, U=37.30
[MQTT] Mensagem recebida - Tópico: monitoramento/heartbeat | Payload: 18/07/2025 10:22:17
[2025-07-18 10:22:17] Heartbeat: 18/07/2025 10:22:17
[MQTT] Mensagem recebida - Tópico: monitoramento/umidade | Payload: 35.70
2025-07-18 10:22:59.891095 - Dado inserido: T=38.50, U=35.70
[2025-07-18 10:22:59] Dados salvos: T=38.50, U=35.70
[MQTT] Mensagem recebida - Tópico: monitoramento/heartbeat | Payload: 18/07/2025 10:22:58
[2025-07-18 10:22:59] Heartbeat: 18/07/2025 10:22:58
[MQTT] Mensagem recebida - Tópico: monitoramento/umidade | Payload: 34.40
2025-07-18 10:23:01.799483 - Dado inserido: T=38.50, U=34.40
[2025-07-18 10:23:01] Dados salvos: T=38.50, U=34.40
[MQTT] Mensagem recebida - Tópico: monitoramento/heartbeat | Payload: 18/07/2025 10:23:00
[2025-07-18 10:23:01] Heartbeat: 18/07/2025 10:23:00
[MQTT] Mensagem recebida - Tópico: monitoramento/temperatura | Payload: 37.30
2025-07-18 10:23:09.907841 - Dado inserido: T=37.30, U=34.40
[2025-07-18 10:23:09] Dados salvos: T=37.30, U=34.40
[MQTT] Mensagem recebida - Tópico: monitoramento/heartbeat | Payload: 18/07/2025 10:23:08
[2025-07-18 10:23:09] Heartbeat: 18/07/2025 10:23:08
[MQTT] Mensagem recebida - Tópico: monitoramento/temperatura | Payload: 36.10
2025-07-18 10:23:23.960861 - Dado inserido: T=36.10, U=34.40
[2025-07-18 10:23:23] Dados salvos: T=36.10, U=34.40
[MQTT] Mensagem recebida - Tópico: monitoramento/heartbeat | Payload: 18/07/2025 10:23:23
[2025-07-18 10:23:23] Heartbeat: 18/07/2025 10:23:23
[MQTT] Mensagem recebida - Tópico: monitoramento/umidade | Payload: 35.60
2025-07-18 10:23:31.944157 - Dado inserido: T=36.10, U=35.60
[2025-07-18 10:23:31] Dados salvos: T=36.10, U=35.60
[MQTT] Mensagem recebida - Tópico: monitoramento/heartbeat | Payload: 18/07/2025 10:23:31
[2025-07-18 10:23:31] Heartbeat: 18/07/2025 10:23:31
[MQTT] Mensagem recebida - Tópico: monitoramento/umidade | Payload: 36.80
2025-07-18 10:23:41.927859 - Dado inserido: T=36.10, U=36.80
[2025-07-18 10:23:41] Dados salvos: T=36.10, U=36.80
[MQTT] Mensagem recebida - Tópico: monitoramento/heartbeat | Payload: 18/07/2025 10:23:41
[2025-07-18 10:23:41] Heartbeat: 18/07/2025 10:23:41
[MQTT] Mensagem recebida - Tópico: monitoramento/temperatura | Payload: 35.00
2025-07-18 10:23:42.261177 - Dado inserido: T=35.00, U=36.80
[2025-07-18 10:23:41] Dados salvos: T=35.00, U=36.80
[MQTT] Mensagem recebida - Tópico: monitoramento/heartbeat | Payload: 18/07/2025 10:23:41
[2025-07-18 10:23:42] Heartbeat: 18/07/2025 10:23:41
[MQTT] Mensagem recebida - Tópico: monitoramento/umidade | Payload: 38.00
2025-07-18 10:23:54.063237 - Dado inserido: T=35.00, U=38.00
[2025-07-18 10:23:53] Dados salvos: T=35.00, U=38.00
[MQTT] Mensagem recebida - Tópico: monitoramento/heartbeat | Payload: 18/07/2025 10:23:53
[2025-07-18 10:23:54] Heartbeat: 18/07/2025 10:23:53
[MQTT] Mensagem recebida - Tópico: monitoramento/temperatura | Payload: 36.10
2025-07-18 10:25:20.167553 - Dado inserido: T=36.10, U=38.00
[2025-07-18 10:25:19] Dados salvos: T=36.10, U=38.00
[MQTT] Mensagem recebida - Tópico: monitoramento/heartbeat | Payload: 18/07/2025 10:25:20
[2025-07-18 10:25:20] Heartbeat: 18/07/2025 10:25:20
[MQTT] Mensagem recebida - Tópico: monitoramento/umidade | Payload: 36.80
2025-07-18 10:25:30.200015 - Dado inserido: T=36.10, U=36.80
[2025-07-18 10:25:29] Dados salvos: T=36.10, U=36.80
[MQTT] Mensagem recebida - Tópico: monitoramento/heartbeat | Payload: 18/07/2025 10:25:29
[2025-07-18 10:25:30] Heartbeat: 18/07/2025 10:25:29
[MQTT] Mensagem recebida - Tópico: monitoramento/umidade | Payload: 35.60
2025-07-18 10:26:16.214566 - Dado inserido: T=36.10, U=35.60
[2025-07-18 10:26:15] Dados salvos: T=36.10, U=35.60
[MQTT] Mensagem recebida - Tópico: monitoramento/heartbeat | Payload: 18/07/2025 10:26:15
[2025-07-18 10:26:16] Heartbeat: 18/07/2025 10:26:15
[MQTT] Mensagem recebida - Tópico: monitoramento/umidade | Payload: 34.50
2025-07-18 10:27:28.384544 - Dado inserido: T=36.10, U=34.50
[2025-07-18 10:27:27] Dados salvos: T=36.10, U=34.50
[MQTT] Mensagem recebida - Tópico: monitoramento/heartbeat | Payload: 18/07/2025 10:27:27
[2025-07-18 10:27:28] Heartbeat: 18/07/2025 10:27:27
[MQTT] Mensagem recebida - Tópico: monitoramento/umidade | Payload: 33.40
2025-07-18 10:27:34.345434 - Dado inserido: T=36.10, U=33.40
[2025-07-18 10:27:33] Dados salvos: T=36.10, U=33.40
[MQTT] Mensagem recebida - Tópico: monitoramento/heartbeat | Payload: 18/07/2025 10:27:33
[2025-07-18 10:27:34] Heartbeat: 18/07/2025 10:27:33
[MQTT] Mensagem recebida - Tópico: monitoramento/temperatura | Payload: 35.00
2025-07-18 10:27:58.482806 - Dado inserido: T=35.00, U=33.40
[2025-07-18 10:27:58] Dados salvos: T=35.00, U=33.40
[MQTT] Mensagem recebida - Tópico: monitoramento/heartbeat | Payload: 18/07/2025 10:27:57
[2025-07-18 10:27:58] Heartbeat: 18/07/2025 10:27:57
[MQTT] Mensagem recebida - Tópico: monitoramento/umidade | Payload: 34.60
2025-07-18 10:28:12.393084 - Dado inserido: T=35.00, U=34.60
[2025-07-18 10:28:12] Dados salvos: T=35.00, U=34.60
[MQTT] Mensagem recebida - Tópico: monitoramento/heartbeat | Payload: 18/07/2025 10:28:11
[2025-07-18 10:28:12] Heartbeat: 18/07/2025 10:28:11
[MQTT] Mensagem recebida - Tópico: monitoramento/temperatura | Payload: 33.90
2025-07-18 10:28:14.343524 - Dado inserido: T=33.90, U=34.60
[2025-07-18 10:28:14] Dados salvos: T=33.90, U=34.60
[MQTT] Mensagem recebida - Tópico: monitoramento/heartbeat | Payload: 18/07/2025 10:28:13
[2025-07-18 10:28:14] Heartbeat: 18/07/2025 10:28:13
[MQTT] Mensagem recebida - Tópico: monitoramento/umidade | Payload: 35.80
2025-07-18 10:28:22.457037 - Dado inserido: T=33.90, U=35.80
[2025-07-18 10:28:22] Dados salvos: T=33.90, U=35.80
[MQTT] Mensagem recebida - Tópico: monitoramento/heartbeat | Payload: 18/07/2025 10:28:21
[2025-07-18 10:28:22] Heartbeat: 18/07/2025 10:28:21
[MQTT] Mensagem recebida - Tópico: monitoramento/temperatura | Payload: 32.80
2025-07-18 10:28:34.434985 - Dado inserido: T=32.80, U=35.80
[2025-07-18 10:28:34] Dados salvos: T=32.80, U=35.80
[MQTT] Mensagem recebida - Tópico: monitoramento/heartbeat | Payload: 18/07/2025 10:28:34
[2025-07-18 10:28:34] Heartbeat: 18/07/2025 10:28:34
[MQTT] Mensagem recebida - Tópico: monitoramento/umidade | Payload: 36.90
2025-07-18 10:28:36.390647 - Dado inserido: T=32.80, U=36.90
[2025-07-18 10:28:36] Dados salvos: T=32.80, U=36.90
[MQTT] Mensagem recebida - Tópico: monitoramento/heartbeat | Payload: 18/07/2025 10:28:35
[2025-07-18 10:28:36] Heartbeat: 18/07/2025 10:28:35
[MQTT] Mensagem recebida - Tópico: monitoramento/umidade | Payload: 38.20
2025-07-18 10:28:54.498003 - Dado inserido: T=32.80, U=38.20
[2025-07-18 10:28:54] Dados salvos: T=32.80, U=38.20
[MQTT] Mensagem recebida - Tópico: monitoramento/heartbeat | Payload: 18/07/2025 10:28:54
[2025-07-18 10:28:54] Heartbeat: 18/07/2025 10:28:54
[MQTT] Mensagem recebida - Tópico: monitoramento/temperatura | Payload: 31.80
2025-07-18 10:29:00.537154 - Dado inserido: T=31.80, U=38.20
[2025-07-18 10:29:00] Dados salvos: T=31.80, U=38.20
[MQTT] Mensagem recebida - Tópico: monitoramento/heartbeat | Payload: 18/07/2025 10:29:00
[2025-07-18 10:29:00] Heartbeat: 18/07/2025 10:29:00
[MQTT] Mensagem recebida - Tópico: monitoramento/umidade | Payload: 39.40
2025-07-18 10:29:12.506280 - Dado inserido: T=31.80, U=39.40
[2025-07-18 10:29:12] Dados salvos: T=31.80, U=39.40
[MQTT] Mensagem recebida - Tópico: monitoramento/heartbeat | Payload: 18/07/2025 10:29:12
[2025-07-18 10:29:12] Heartbeat: 18/07/2025 10:29:12
[MQTT] Mensagem recebida - Tópico: monitoramento/temperatura | Payload: 30.80
2025-07-18 10:29:30.641635 - Dado inserido: T=30.80, U=39.40
[2025-07-18 10:29:30] Dados salvos: T=30.80, U=39.40
[MQTT] Mensagem recebida - Tópico: monitoramento/heartbeat | Payload: 18/07/2025 10:29:30
[2025-07-18 10:29:30] Heartbeat: 18/07/2025 10:29:30
[MQTT] Mensagem recebida - Tópico: monitoramento/umidade | Payload: 40.70
2025-07-18 10:29:38.627913 - Dado inserido: T=30.80, U=40.70
[2025-07-18 10:29:38] Dados salvos: T=30.80, U=40.70
[MQTT] Mensagem recebida - Tópico: monitoramento/heartbeat | Payload: 18/07/2025 10:29:38
[2025-07-18 10:29:38] Heartbeat: 18/07/2025 10:29:38
[MQTT] Mensagem recebida - Tópico: monitoramento/umidade | Payload: 42.00
2025-07-18 10:30:08.746517 - Dado inserido: T=30.80, U=42.00
[2025-07-18 10:30:08] Dados salvos: T=30.80, U=42.00
[MQTT] Mensagem recebida - Tópico: monitoramento/heartbeat | Payload: 18/07/2025 10:30:07
[2025-07-18 10:30:08] Heartbeat: 18/07/2025 10:30:07
[MQTT] Mensagem recebida - Tópico: monitoramento/temperatura | Payload: 29.80
2025-07-18 10:30:42.733759 - Dado inserido: T=29.80, U=42.00
[2025-07-18 10:30:42] Dados salvos: T=29.80, U=42.00
[MQTT] Mensagem recebida - Tópico: monitoramento/heartbeat | Payload: 18/07/2025 10:30:42
[2025-07-18 10:30:42] Heartbeat: 18/07/2025 10:30:42
[MQTT] Mensagem recebida - Tópico: monitoramento/umidade | Payload: 43.30
2025-07-18 10:31:30.868565 - Dado inserido: T=29.80, U=43.30
[2025-07-18 10:31:30] Dados salvos: T=29.80, U=43.30
[MQTT] Mensagem recebida - Tópico: monitoramento/heartbeat | Payload: 18/07/2025 10:31:30
[2025-07-18 10:31:30] Heartbeat: 18/07/2025 10:31:30
[MQTT] Mensagem recebida - Tópico: monitoramento/temperatura | Payload: 30.70
2025-07-18 10:32:11.011411 - Dado inserido: T=30.70, U=43.30
[2025-07-18 10:32:10] Dados salvos: T=30.70, U=43.30
[MQTT] Mensagem recebida - Tópico: monitoramento/heartbeat | Payload: 18/07/2025 10:32:10
[2025-07-18 10:32:11] Heartbeat: 18/07/2025 10:32:10
[MQTT] Mensagem recebida - Tópico: monitoramento/umidade | Payload: 42.00
2025-07-18 10:32:14.853648 - Dado inserido: T=30.70, U=42.00
[2025-07-18 10:32:14] Dados salvos: T=30.70, U=42.00
[MQTT] Mensagem recebida - Tópico: monitoramento/heartbeat | Payload: 18/07/2025 10:32:13
[2025-07-18 10:32:14] Heartbeat: 18/07/2025 10:32:13
[MQTT] Mensagem recebida - Tópico: monitoramento/umidade | Payload: 40.70
2025-07-18 10:32:36.954828 - Dado inserido: T=30.70, U=40.70
[2025-07-18 10:32:36] Dados salvos: T=30.70, U=40.70
[MQTT] Mensagem recebida - Tópico: monitoramento/heartbeat | Payload: 18/07/2025 10:32:35
[2025-07-18 10:32:36] Heartbeat: 18/07/2025 10:32:35
[MQTT] Mensagem recebida - Tópico: monitoramento/temperatura | Payload: 31.70
2025-07-18 10:32:42.972293 - Dado inserido: T=31.70, U=40.70
[2025-07-18 10:32:42] Dados salvos: T=31.70, U=40.70
[MQTT] Mensagem recebida - Tópico: monitoramento/heartbeat | Payload: 18/07/2025 10:32:42
[2025-07-18 10:32:42] Heartbeat: 18/07/2025 10:32:42
[MQTT] Mensagem recebida - Tópico: monitoramento/umidade | Payload: 39.40
2025-07-18 10:33:02.987910 - Dado inserido: T=31.70, U=39.40
[2025-07-18 10:33:02] Dados salvos: T=31.70, U=39.40
[MQTT] Mensagem recebida - Tópico: monitoramento/heartbeat | Payload: 18/07/2025 10:33:02
[2025-07-18 10:33:02] Heartbeat: 18/07/2025 10:33:02
[MQTT] Mensagem recebida - Tópico: monitoramento/temperatura | Payload: 32.70
2025-07-18 10:33:27.053469 - Dado inserido: T=32.70, U=39.40
[2025-07-18 10:33:26] Dados salvos: T=32.70, U=39.40
[MQTT] Mensagem recebida - Tópico: monitoramento/heartbeat | Payload: 18/07/2025 10:33:26
[2025-07-18 10:33:27] Heartbeat: 18/07/2025 10:33:26
[MQTT] Mensagem recebida - Tópico: monitoramento/umidade | Payload: 38.20
2025-07-18 10:33:33.126637 - Dado inserido: T=32.70, U=38.20
[2025-07-18 10:33:32] Dados salvos: T=32.70, U=38.20
[MQTT] Mensagem recebida - Tópico: monitoramento/heartbeat | Payload: 18/07/2025 10:33:31
[2025-07-18 10:33:33] Heartbeat: 18/07/2025 10:33:31
[MQTT] Mensagem recebida - Tópico: monitoramento/umidade | Payload: 37.00
2025-07-18 10:34:27.163514 - Dado inserido: T=32.70, U=37.00
[2025-07-18 10:34:26] Dados salvos: T=32.70, U=37.00
[MQTT] Mensagem recebida - Tópico: monitoramento/heartbeat | Payload: 18/07/2025 10:34:26
[2025-07-18 10:34:27] Heartbeat: 18/07/2025 10:34:26
[MQTT] Mensagem recebida - Tópico: monitoramento/temperatura | Payload: 33.70
2025-07-18 10:34:57.216534 - Dado inserido: T=33.70, U=37.00
[2025-07-18 10:34:56] Dados salvos: T=33.70, U=37.00
[MQTT] Mensagem recebida - Tópico: monitoramento/heartbeat | Payload: 18/07/2025 10:34:56
[2025-07-18 10:34:57] Heartbeat: 18/07/2025 10:34:56
[MQTT] Mensagem recebida - Tópico: monitoramento/umidade | Payload: 35.80
2025-07-18 10:35:29.356833 - Dado inserido: T=33.70, U=35.80
[2025-07-18 10:35:28] Dados salvos: T=33.70, U=35.80
[MQTT] Mensagem recebida - Tópico: monitoramento/heartbeat | Payload: 18/07/2025 10:35:28
[2025-07-18 10:35:29] Heartbeat: 18/07/2025 10:35:28
[MQTT] Mensagem recebida - Tópico: monitoramento/umidade | Payload: 34.70
2025-07-18 10:37:03.446494 - Dado inserido: T=33.70, U=34.70
[2025-07-18 10:37:03] Dados salvos: T=33.70, U=34.70
[MQTT] Mensagem recebida - Tópico: monitoramento/heartbeat | Payload: 18/07/2025 10:37:03
[2025-07-18 10:37:03] Heartbeat: 18/07/2025 10:37:03
[MQTT] Mensagem recebida - Tópico: monitoramento/umidade | Payload: 33.60
2025-07-18 10:39:41.857418 - Dado inserido: T=33.70, U=33.60
[2025-07-18 10:39:41] Dados salvos: T=33.70, U=33.60
[MQTT] Mensagem recebida - Tópico: monitoramento/heartbeat | Payload: 18/07/2025 10:39:41
[2025-07-18 10:39:41] Heartbeat: 18/07/2025 10:39:41
[MQTT] Mensagem recebida - Tópico: monitoramento/umidade | Payload: 33.50
2025-07-18 10:42:08.464318 - Dado inserido: T=33.70, U=33.50
[2025-07-18 10:42:08] Dados salvos: T=33.70, U=33.50
[MQTT] Mensagem recebida - Tópico: monitoramento/heartbeat | Payload: 18/07/2025 10:42:08
[2025-07-18 10:42:08] Heartbeat: 18/07/2025 10:42:08
[MQTT] Mensagem recebida - Tópico: monitoramento/temperatura | Payload: 34.70
2025-07-18 10:42:08.803470 - Dado inserido: T=34.70, U=33.50
[2025-07-18 10:42:08] Dados salvos: T=34.70, U=33.50
[MQTT] Mensagem recebida - Tópico: monitoramento/heartbeat | Payload: 18/07/2025 10:42:08
[2025-07-18 10:42:08] Heartbeat: 18/07/2025 10:42:08
[MQTT] Mensagem recebida - Tópico: monitoramento/umidade | Payload: 32.40
2025-07-18 10:44:38.738462 - Dado inserido: T=34.70, U=32.40
[2025-07-18 10:44:38] Dados salvos: T=34.70, U=32.40
[MQTT] Mensagem recebida - Tópico: monitoramento/heartbeat | Payload: 18/07/2025 10:44:38
[2025-07-18 10:44:38] Heartbeat: 18/07/2025 10:44:38
[MQTT] Mensagem recebida - Tópico: monitoramento/umidade | Payload: 31.40
2025-07-18 10:50:59.269632 - Dado inserido: T=34.70, U=31.40
[2025-07-18 10:50:58] Dados salvos: T=34.70, U=31.40
[MQTT] Mensagem recebida - Tópico: monitoramento/heartbeat | Payload: 18/07/2025 10:50:58
[2025-07-18 10:50:59] Heartbeat: 18/07/2025 10:50:58
[MQTT] Mensagem recebida - Tópico: monitoramento/temperatura | Payload: 34.70
[MQTT] Mensagem recebida - Tópico: monitoramento/heartbeat | Payload: 18/07/2025 10:52:08
[2025-07-18 10:52:08] Heartbeat: 18/07/2025 10:52:08
[MQTT] Mensagem recebida - Tópico: monitoramento/umidade | Payload: 30.70
2025-07-18 11:00:59.318293 - Dado inserido: T=34.70, U=30.70
[2025-07-18 11:00:58] Dados salvos: T=34.70, U=30.70
[MQTT] Mensagem recebida - Tópico: monitoramento/heartbeat | Payload: 18/07/2025 11:00:58
[2025-07-18 11:00:59] Heartbeat: 18/07/2025 11:00:58
[MQTT] Mensagem recebida - Tópico: monitoramento/temperatura | Payload: 34.40
2025-07-18 11:02:08.527801 - Dado inserido: T=34.40, U=30.70
[2025-07-18 11:02:08] Dados salvos: T=34.40, U=30.70
[MQTT] Mensagem recebida - Tópico: monitoramento/heartbeat | Payload: 18/07/2025 11:02:08
[2025-07-18 11:02:08] Heartbeat: 18/07/2025 11:02:08
[MQTT] Mensagem recebida - Tópico: monitoramento/temperatura | Payload: Erro ao ler temperatura
2025-07-18 11:06:51.367136 - Erro ao inserir no banco: Incorrect double value: 'Erro ao ler temperatura' for column `monitoramento`.`valores`.`temperatura` at row 1
2025-07-18 11:06:51.368202 - Conectado ao banco com sucesso
[2025-07-18 11:06:50] Dados salvos: T=Erro ao ler temperatura, U=30.70
[MQTT] Mensagem recebida - Tópico: monitoramento/umidade | Payload: Erro ao ler umidade
2025-07-18 11:06:51.705847 - Erro ao inserir no banco: Incorrect double value: 'Erro ao ler temperatura' for column `monitoramento`.`valores`.`temperatura` at row 1
2025-07-18 11:06:51.706902 - Conectado ao banco com sucesso
[2025-07-18 11:06:51] Dados salvos: T=Erro ao ler temperatura, U=Erro ao ler umidade
[MQTT] Mensagem recebida - Tópico: monitoramento/heartbeat | Payload: 18/07/2025 11:06:51
[2025-07-18 11:06:51] Heartbeat: 18/07/2025 11:06:51
[MQTT] Mensagem recebida - Tópico: monitoramento/temperatura | Payload: Erro ao ler temperatura
[MQTT] Mensagem recebida - Tópico: monitoramento/umidade | Payload: Erro ao ler umidade
[MQTT] Mensagem recebida - Tópico: monitoramento/heartbeat | Payload: 18/07/2025 11:06:51
[2025-07-18 11:06:51] Heartbeat: 18/07/2025 11:06:51
[MQTT] Mensagem recebida - Tópico: monitoramento/temperatura | Payload: Erro ao ler temperatura
[MQTT] Mensagem recebida - Tópico: monitoramento/umidade | Payload: Erro ao ler umidade
[MQTT] Mensagem recebida - Tópico: monitoramento/heartbeat | Payload: 18/07/2025 11:06:51
[2025-07-18 11:06:51] Heartbeat: 18/07/2025 11:06:51
[MQTT] Mensagem recebida - Tópico: monitoramento/temperatura | Payload: Erro ao ler temperatura
[MQTT] Mensagem recebida - Tópico: monitoramento/umidade | Payload: Erro ao ler umidade
[MQTT] Mensagem recebida - Tópico: monitoramento/heartbeat | Payload: 18/07/2025 11:06:51
[2025-07-18 11:06:51] Heartbeat: 18/07/2025 11:06:51
[MQTT] Mensagem recebida - Tópico: monitoramento/temperatura | Payload: Erro ao ler temperatura
[MQTT] Mensagem recebida - Tópico: monitoramento/umidade | Payload: Erro ao ler umidade
[MQTT] Mensagem recebida - Tópico: monitoramento/heartbeat | Payload: 18/07/2025 11:06:51
[2025-07-18 11:06:51] Heartbeat: 18/07/2025 11:06:51
[MQTT] Mensagem recebida - Tópico: monitoramento/temperatura | Payload: Erro ao ler temperatura
[MQTT] Mensagem recebida - Tópico: monitoramento/umidade | Payload: Erro ao ler umidade
[MQTT] Mensagem recebida - Tópico: monitoramento/heartbeat | Payload: 18/07/2025 11:06:51
[2025-07-18 11:06:51] Heartbeat: 18/07/2025 11:06:51
[MQTT] Mensagem recebida - Tópico: monitoramento/temperatura | Payload: Erro ao ler temperatura
[MQTT] Mensagem recebida - Tópico: monitoramento/umidade | Payload: Erro ao ler umidade
[MQTT] Mensagem recebida - Tópico: monitoramento/heartbeat | Payload: 18/07/2025 11:06:51
[2025-07-18 11:06:51] Heartbeat: 18/07/2025 11:06:51
[MQTT] Mensagem recebida - Tópico: monitoramento/temperatura | Payload: Erro ao ler temperatura
[MQTT] Mensagem recebida - Tópico: monitoramento/umidade | Payload: Erro ao ler umidade
[MQTT] Mensagem recebida - Tópico: monitoramento/heartbeat | Payload: 18/07/2025 11:06:51
[2025-07-18 11:06:51] Heartbeat: 18/07/2025 11:06:51
[MQTT] Mensagem recebida - Tópico: monitoramento/temperatura | Payload: Erro ao ler temperatura
[MQTT] Mensagem recebida - Tópico: monitoramento/umidade | Payload: Erro ao ler umidade
[MQTT] Mensagem recebida - Tópico: monitoramento/heartbeat | Payload: 18/07/2025 11:06:51
[2025-07-18 11:06:51] Heartbeat: 18/07/2025 11:06:51
[MQTT] Mensagem recebida - Tópico: monitoramento/temperatura | Payload: Erro ao ler temperatura
[MQTT] Mensagem recebida - Tópico: monitoramento/umidade | Payload: Erro ao ler umidade
[MQTT] Mensagem recebida - Tópico: monitoramento/heartbeat | Payload: 18/07/2025 11:06:51
[2025-07-18 11:06:51] Heartbeat: 18/07/2025 11:06:51
[MQTT] Mensagem recebida - Tópico: monitoramento/temperatura | Payload: Erro ao ler temperatura
[MQTT] Mensagem recebida - Tópico: monitoramento/umidade | Payload: Erro ao ler umidade
[MQTT] Mensagem recebida - Tópico: monitoramento/heartbeat | Payload: 18/07/2025 11:06:51
[2025-07-18 11:06:51] Heartbeat: 18/07/2025 11:06:51
[MQTT] Mensagem recebida - Tópico: monitoramento/temperatura | Payload: Erro ao ler temperatura
[MQTT] Mensagem recebida - Tópico: monitoramento/umidade | Payload: Erro ao ler umidade
[MQTT] Mensagem recebida - Tópico: monitoramento/heartbeat | Payload: 18/07/2025 11:06:51
[2025-07-18 11:06:51] Heartbeat: 18/07/2025 11:06:51
[MQTT] Mensagem recebida - Tópico: monitoramento/temperatura | Payload: Erro ao ler temperatura
[MQTT] Mensagem recebida - Tópico: monitoramento/umidade | Payload: Erro ao ler umidade
[MQTT] Mensagem recebida - Tópico: monitoramento/heartbeat | Payload: 18/07/2025 11:06:51
[2025-07-18 11:06:51] Heartbeat: 18/07/2025 11:06:51
[MQTT] Mensagem recebida - Tópico: monitoramento/temperatura | Payload: Erro ao ler temperatura
[MQTT] Mensagem recebida - Tópico: monitoramento/umidade | Payload: Erro ao ler umidade
[MQTT] Mensagem recebida - Tópico: monitoramento/heartbeat | Payload: 18/07/2025 11:06:51
[2025-07-18 11:06:51] Heartbeat: 18/07/2025 11:06:51
[MQTT] Mensagem recebida - Tópico: monitoramento/temperatura | Payload: Erro ao ler temperatura
[MQTT] Mensagem recebida - Tópico: monitoramento/umidade | Payload: Erro ao ler umidade
[MQTT] Mensagem recebida - Tópico: monitoramento/heartbeat | Payload: 18/07/2025 11:06:51
[2025-07-18 11:06:51] Heartbeat: 18/07/2025 11:06:51
[MQTT] Mensagem recebida - Tópico: monitoramento/temperatura | Payload: Erro ao ler temperatura
[MQTT] Mensagem recebida - Tópico: monitoramento/umidade | Payload: Erro ao ler umidade
[MQTT] Mensagem recebida - Tópico: monitoramento/heartbeat | Payload: 18/07/2025 11:06:51
[2025-07-18 11:06:51] Heartbeat: 18/07/2025 11:06:51
[MQTT] Mensagem recebida - Tópico: monitoramento/temperatura | Payload: Erro ao ler temperatura
[MQTT] Mensagem recebida - Tópico: monitoramento/umidade | Payload: Erro ao ler umidade
[MQTT] Mensagem recebida - Tópico: monitoramento/heartbeat | Payload: 18/07/2025 11:06:51
[2025-07-18 11:06:51] Heartbeat: 18/07/2025 11:06:51
[MQTT] Mensagem recebida - Tópico: monitoramento/temperatura | Payload: Erro ao ler temperatura
[MQTT] Mensagem recebida - Tópico: monitoramento/umidade | Payload: Erro ao ler umidade
[MQTT] Mensagem recebida - Tópico: monitoramento/heartbeat | Payload: 18/07/2025 11:06:51
[2025-07-18 11:06:51] Heartbeat: 18/07/2025 11:06:51
[MQTT] Mensagem recebida - Tópico: monitoramento/temperatura | Payload: Erro ao ler temperatura
[MQTT] Mensagem recebida - Tópico: monitoramento/umidade | Payload: Erro ao ler umidade
[MQTT] Mensagem recebida - Tópico: monitoramento/heartbeat | Payload: 18/07/2025 11:06:51
[2025-07-18 11:06:51] Heartbeat: 18/07/2025 11:06:51
[MQTT] Mensagem recebida - Tópico: monitoramento/temperatura | Payload: Erro ao ler temperatura
[MQTT] Mensagem recebida - Tópico: monitoramento/umidade | Payload: Erro ao ler umidade
[MQTT] Mensagem recebida - Tópico: monitoramento/heartbeat | Payload: 18/07/2025 11:06:51
[2025-07-18 11:06:51] Heartbeat: 18/07/2025 11:06:51
[MQTT] Mensagem recebida - Tópico: monitoramento/temperatura | Payload: Erro ao ler temperatura
[MQTT] Mensagem recebida - Tópico: monitoramento/umidade | Payload: Erro ao ler umidade
[MQTT] Mensagem recebida - Tópico: monitoramento/heartbeat | Payload: 18/07/2025 11:06:51
[2025-07-18 11:06:51] Heartbeat: 18/07/2025 11:06:51
[MQTT] Mensagem recebida - Tópico: monitoramento/temperatura | Payload: Erro ao ler temperatura
[MQTT] Mensagem recebida - Tópico: monitoramento/umidade | Payload: Erro ao ler umidade
[MQTT] Mensagem recebida - Tópico: monitoramento/heartbeat | Payload: 18/07/2025 11:06:51
[2025-07-18 11:06:51] Heartbeat: 18/07/2025 11:06:51
[MQTT] Mensagem recebida - Tópico: monitoramento/temperatura | Payload: Erro ao ler temperatura
[MQTT] Mensagem recebida - Tópico: monitoramento/umidade | Payload: Erro ao ler umidade
[MQTT] Mensagem recebida - Tópico: monitoramento/heartbeat | Payload: 18/07/2025 11:06:51
[2025-07-18 11:06:51] Heartbeat: 18/07/2025 11:06:51
[MQTT] Mensagem recebida - Tópico: monitoramento/temperatura | Payload: Erro ao ler temperatura
[MQTT] Mensagem recebida - Tópico: monitoramento/umidade | Payload: Erro ao ler umidade
[MQTT] Mensagem recebida - Tópico: monitoramento/heartbeat | Payload: 18/07/2025 11:06:51
[2025-07-18 11:06:51] Heartbeat: 18/07/2025 11:06:51
[MQTT] Mensagem recebida - Tópico: monitoramento/temperatura | Payload: Erro ao ler temperatura
[MQTT] Mensagem recebida - Tópico: monitoramento/umidade | Payload: Erro ao ler umidade
[MQTT] Mensagem recebida - Tópico: monitoramento/heartbeat | Payload: 18/07/2025 11:06:51
[2025-07-18 11:06:51] Heartbeat: 18/07/2025 11:06:51
[MQTT] Mensagem recebida - Tópico: monitoramento/temperatura | Payload: Erro ao ler temperatura
[MQTT] Mensagem recebida - Tópico: monitoramento/umidade | Payload: Erro ao ler umidade
[MQTT] Mensagem recebida - Tópico: monitoramento/heartbeat | Payload: 18/07/2025 11:06:51
[2025-07-18 11:06:51] Heartbeat: 18/07/2025 11:06:51
[MQTT] Mensagem recebida - Tópico: monitoramento/temperatura | Payload: Erro ao ler temperatura
[MQTT] Mensagem recebida - Tópico: monitoramento/umidade | Payload: Erro ao ler umidade
[MQTT] Mensagem recebida - Tópico: monitoramento/heartbeat | Payload: 18/07/2025 11:06:51
[2025-07-18 11:06:51] Heartbeat: 18/07/2025 11:06:51
[MQTT] Mensagem recebida - Tópico: monitoramento/temperatura | Payload: Erro ao ler temperatura
[MQTT] Mensagem recebida - Tópico: monitoramento/umidade | Payload: Erro ao ler umidade
[MQTT] Mensagem recebida - Tópico: monitoramento/heartbeat | Payload: 18/07/2025 11:06:51
[2025-07-18 11:06:51] Heartbeat: 18/07/2025 11:06:51
[MQTT] Mensagem recebida - Tópico: monitoramento/temperatura | Payload: Erro ao ler temperatura
[MQTT] Mensagem recebida - Tópico: monitoramento/umidade | Payload: Erro ao ler umidade
[MQTT] Mensagem recebida - Tópico: monitoramento/heartbeat | Payload: 18/07/2025 11:06:51
[2025-07-18 11:06:51] Heartbeat: 18/07/2025 11:06:51
[MQTT] Mensagem recebida - Tópico: monitoramento/temperatura | Payload: Erro ao ler temperatura
[MQTT] Mensagem recebida - Tópico: monitoramento/umidade | Payload: Erro ao ler umidade
[MQTT] Mensagem recebida - Tópico: monitoramento/heartbeat | Payload: 18/07/2025 11:06:51
[2025-07-18 11:06:52] Heartbeat: 18/07/2025 11:06:51
[MQTT] Mensagem recebida - Tópico: monitoramento/temperatura | Payload: Erro ao ler temperatura
[MQTT] Mensagem recebida - Tópico: monitoramento/umidade | Payload: Erro ao ler umidade
[MQTT] Mensagem recebida - Tópico: monitoramento/heartbeat | Payload: 18/07/2025 11:06:52
[2025-07-18 11:06:52] Heartbeat: 18/07/2025 11:06:52
[MQTT] Mensagem recebida - Tópico: monitoramento/temperatura | Payload: Erro ao ler temperatura
[MQTT] Mensagem recebida - Tópico: monitoramento/umidade | Payload: Erro ao ler umidade
[MQTT] Mensagem recebida - Tópico: monitoramento/heartbeat | Payload: 18/07/2025 11:06:52
[2025-07-18 11:06:52] Heartbeat: 18/07/2025 11:06:52
[MQTT] Mensagem recebida - Tópico: monitoramento/temperatura | Payload: Erro ao ler temperatura
[MQTT] Mensagem recebida - Tópico: monitoramento/umidade | Payload: Erro ao ler umidade
[MQTT] Mensagem recebida - Tópico: monitoramento/heartbeat | Payload: 18/07/2025 11:06:52
[2025-07-18 11:06:52] Heartbeat: 18/07/2025 11:06:52
[MQTT] Mensagem recebida - Tópico: monitoramento/temperatura | Payload: Erro ao ler temperatura
[MQTT] Mensagem recebida - Tópico: monitoramento/umidade | Payload: Erro ao ler umidade
[MQTT] Mensagem recebida - Tópico: monitoramento/heartbeat | Payload: 18/07/2025 11:06:52
[2025-07-18 11:06:52] Heartbeat: 18/07/2025 11:06:52
[MQTT] Mensagem recebida - Tópico: monitoramento/temperatura | Payload: Erro ao ler temperatura
[MQTT] Mensagem recebida - Tópico: monitoramento/umidade | Payload: Erro ao ler umidade
[MQTT] Mensagem recebida - Tópico: monitoramento/heartbeat | Payload: 18/07/2025 11:06:52
[2025-07-18 11:06:52] Heartbeat: 18/07/2025 11:06:52
[MQTT] Mensagem recebida - Tópico: monitoramento/temperatura | Payload: Erro ao ler temperatura
[MQTT] Mensagem recebida - Tópico: monitoramento/umidade | Payload: Erro ao ler umidade
[MQTT] Mensagem recebida - Tópico: monitoramento/heartbeat | Payload: 18/07/2025 11:06:52
[2025-07-18 11:06:52] Heartbeat: 18/07/2025 11:06:52
[MQTT] Mensagem recebida - Tópico: monitoramento/temperatura | Payload: Erro ao ler temperatura
[MQTT] Mensagem recebida - Tópico: monitoramento/umidade | Payload: Erro ao ler umidade
[MQTT] Mensagem recebida - Tópico: monitoramento/heartbeat | Payload: 18/07/2025 11:06:52
[2025-07-18 11:06:52] Heartbeat: 18/07/2025 11:06:52
[MQTT] Mensagem recebida - Tópico: monitoramento/temperatura | Payload: Erro ao ler temperatura
[MQTT] Mensagem recebida - Tópico: monitoramento/umidade | Payload: Erro ao ler umidade
[MQTT] Mensagem recebida - Tópico: monitoramento/heartbeat | Payload: 18/07/2025 11:06:52
[2025-07-18 11:06:52] Heartbeat: 18/07/2025 11:06:52
[MQTT] Mensagem recebida - Tópico: monitoramento/temperatura | Payload: Erro ao ler temperatura
[MQTT] Mensagem recebida - Tópico: monitoramento/umidade | Payload: Erro ao ler umidade
[MQTT] Mensagem recebida - Tópico: monitoramento/heartbeat | Payload: 18/07/2025 11:06:52
[2025-07-18 11:06:52] Heartbeat: 18/07/2025 11:06:52
[MQTT] Mensagem recebida - Tópico: monitoramento/temperatura | Payload: Erro ao ler temperatura
[MQTT] Mensagem recebida - Tópico: monitoramento/umidade | Payload: Erro ao ler umidade
[MQTT] Mensagem recebida - Tópico: monitoramento/heartbeat | Payload: 18/07/2025 11:06:52
[2025-07-18 11:06:52] Heartbeat: 18/07/2025 11:06:52
[MQTT] Mensagem recebida - Tópico: monitoramento/temperatura | Payload: Erro ao ler temperatura
[MQTT] Mensagem recebida - Tópico: monitoramento/umidade | Payload: Erro ao ler umidade
[MQTT] Mensagem recebida - Tópico: monitoramento/heartbeat | Payload: 18/07/2025 11:06:52
[2025-07-18 11:06:52] Heartbeat: 18/07/2025 11:06:52
[MQTT] Mensagem recebida - Tópico: monitoramento/temperatura | Payload: Erro ao ler temperatura
[MQTT] Mensagem recebida - Tópico: monitoramento/umidade | Payload: Erro ao ler umidade
[MQTT] Mensagem recebida - Tópico: monitoramento/heartbeat | Payload: 18/07/2025 11:06:52
[2025-07-18 11:06:52] Heartbeat: 18/07/2025 11:06:52
[MQTT] Mensagem recebida - Tópico: monitoramento/temperatura | Payload: Erro ao ler temperatura
[MQTT] Mensagem recebida - Tópico: monitoramento/umidade | Payload: Erro ao ler umidade
[MQTT] Mensagem recebida - Tópico: monitoramento/heartbeat | Payload: 18/07/2025 11:06:52
[2025-07-18 11:06:52] Heartbeat: 18/07/2025 11:06:52
[MQTT] Mensagem recebida - Tópico: monitoramento/temperatura | Payload: Erro ao ler temperatura
[MQTT] Mensagem recebida - Tópico: monitoramento/umidade | Payload: Erro ao ler umidade
[MQTT] Mensagem recebida - Tópico: monitoramento/heartbeat | Payload: 18/07/2025 11:06:52
[2025-07-18 11:06:52] Heartbeat: 18/07/2025 11:06:52
[MQTT] Mensagem recebida - Tópico: monitoramento/temperatura | Payload: Erro ao ler temperatura
[MQTT] Mensagem recebida - Tópico: monitoramento/umidade | Payload: Erro ao ler umidade
[MQTT] Mensagem recebida - Tópico: monitoramento/heartbeat | Payload: 18/07/2025 11:06:52
[2025-07-18 11:06:52] Heartbeat: 18/07/2025 11:06:52
[MQTT] Mensagem recebida - Tópico: monitoramento/temperatura | Payload: Erro ao ler temperatura
[MQTT] Mensagem recebida - Tópico: monitoramento/umidade | Payload: Erro ao ler umidade
[MQTT] Mensagem recebida - Tópico: monitoramento/heartbeat | Payload: 18/07/2025 11:06:52
[2025-07-18 11:06:52] Heartbeat: 18/07/2025 11:06:52
[MQTT] Mensagem recebida - Tópico: monitoramento/temperatura | Payload: Erro ao ler temperatura
[MQTT] Mensagem recebida - Tópico: monitoramento/umidade | Payload: Erro ao ler umidade
[MQTT] Mensagem recebida - Tópico: monitoramento/heartbeat | Payload: 18/07/2025 11:06:52
[2025-07-18 11:06:52] Heartbeat: 18/07/2025 11:06:52
[MQTT] Mensagem recebida - Tópico: monitoramento/temperatura | Payload: Erro ao ler temperatura
[MQTT] Mensagem recebida - Tópico: monitoramento/umidade | Payload: Erro ao ler umidade
[MQTT] Mensagem recebida - Tópico: monitoramento/heartbeat | Payload: 18/07/2025 11:06:52
[2025-07-18 11:06:52] Heartbeat: 18/07/2025 11:06:52
[MQTT] Mensagem recebida - Tópico: monitoramento/temperatura | Payload: Erro ao ler temperatura
[MQTT] Mensagem recebida - Tópico: monitoramento/umidade | Payload: Erro ao ler umidade
[MQTT] Mensagem recebida - Tópico: monitoramento/heartbeat | Payload: 18/07/2025 11:06:52
[2025-07-18 11:06:52] Heartbeat: 18/07/2025 11:06:52
[MQTT] Mensagem recebida - Tópico: monitoramento/umidade | Payload: 30.60
2025-07-18 11:10:59.280880 - Erro ao inserir no banco: Incorrect double value: 'Erro ao ler temperatura' for column `monitoramento`.`valores`.`temperatura` at row 1
2025-07-18 11:10:59.281940 - Conectado ao banco com sucesso
[2025-07-18 11:10:58] Dados salvos: T=Erro ao ler temperatura, U=30.60
[MQTT] Mensagem recebida - Tópico: monitoramento/heartbeat | Payload: 18/07/2025 11:10:58
[2025-07-18 11:10:59] Heartbeat: 18/07/2025 11:10:58
[MQTT] Mensagem recebida - Tópico: monitoramento/temperatura | Payload: 34.30
2025-07-18 11:12:08.495541 - Dado inserido: T=34.30, U=30.60
[2025-07-18 11:12:08] Dados salvos: T=34.30, U=30.60
[MQTT] Mensagem recebida - Tópico: monitoramento/heartbeat | Payload: 18/07/2025 11:12:08
[2025-07-18 11:12:08] Heartbeat: 18/07/2025 11:12:08
[MQTT] Mensagem recebida - Tópico: monitoramento/umidade | Payload: 30.70
2025-07-18 11:20:59.311145 - Dado inserido: T=34.30, U=30.70
[2025-07-18 11:20:58] Dados salvos: T=34.30, U=30.70
[MQTT] Mensagem recebida - Tópico: monitoramento/heartbeat | Payload: 18/07/2025 11:20:58
[2025-07-18 11:20:59] Heartbeat: 18/07/2025 11:20:58
[MQTT] Mensagem recebida - Tópico: monitoramento/temperatura | Payload: 33.80
2025-07-18 11:22:08.530293 - Dado inserido: T=33.80, U=30.70
[2025-07-18 11:22:08] Dados salvos: T=33.80, U=30.70
[MQTT] Mensagem recebida - Tópico: monitoramento/heartbeat | Payload: 18/07/2025 11:22:08
[2025-07-18 11:22:08] Heartbeat: 18/07/2025 11:22:08
[MQTT] Mensagem recebida - Tópico: monitoramento/temperatura | Payload: Erro ao ler temperatura
2025-07-18 11:23:17.039136 - Erro ao inserir no banco: Incorrect double value: 'Erro ao ler temperatura' for column `monitoramento`.`valores`.`temperatura` at row 1
2025-07-18 11:23:17.040159 - Conectado ao banco com sucesso
[2025-07-18 11:23:16] Dados salvos: T=Erro ao ler temperatura, U=30.70
[MQTT] Mensagem recebida - Tópico: monitoramento/umidade | Payload: Erro ao ler umidade
2025-07-18 11:23:17.393837 - Erro ao inserir no banco: Incorrect double value: 'Erro ao ler temperatura' for column `monitoramento`.`valores`.`temperatura` at row 1
2025-07-18 11:23:17.394884 - Conectado ao banco com sucesso
[2025-07-18 11:23:17] Dados salvos: T=Erro ao ler temperatura, U=Erro ao ler umidade
[MQTT] Mensagem recebida - Tópico: monitoramento/heartbeat | Payload: 18/07/2025 11:23:16
[2025-07-18 11:23:17] Heartbeat: 18/07/2025 11:23:16
[MQTT] Mensagem recebida - Tópico: monitoramento/temperatura | Payload: Erro ao ler temperatura
[MQTT] Mensagem recebida - Tópico: monitoramento/umidade | Payload: Erro ao ler umidade
[MQTT] Mensagem recebida - Tópico: monitoramento/heartbeat | Payload: 18/07/2025 11:23:16
[2025-07-18 11:23:17] Heartbeat: 18/07/2025 11:23:16
[MQTT] Mensagem recebida - Tópico: monitoramento/temperatura | Payload: Erro ao ler temperatura
[MQTT] Mensagem recebida - Tópico: monitoramento/umidade | Payload: Erro ao ler umidade
[MQTT] Mensagem recebida - Tópico: monitoramento/heartbeat | Payload: 18/07/2025 11:23:16
[2025-07-18 11:23:17] Heartbeat: 18/07/2025 11:23:16
[MQTT] Mensagem recebida - Tópico: monitoramento/temperatura | Payload: Erro ao ler temperatura
[MQTT] Mensagem recebida - Tópico: monitoramento/umidade | Payload: Erro ao ler umidade
[MQTT] Mensagem recebida - Tópico: monitoramento/heartbeat | Payload: 18/07/2025 11:23:16
[2025-07-18 11:23:17] Heartbeat: 18/07/2025 11:23:16
[MQTT] Mensagem recebida - Tópico: monitoramento/temperatura | Payload: Erro ao ler temperatura
[MQTT] Mensagem recebida - Tópico: monitoramento/umidade | Payload: Erro ao ler umidade
[MQTT] Mensagem recebida - Tópico: monitoramento/heartbeat | Payload: 18/07/2025 11:23:16
[2025-07-18 11:23:17] Heartbeat: 18/07/2025 11:23:16
[MQTT] Mensagem recebida - Tópico: monitoramento/temperatura | Payload: Erro ao ler temperatura
[MQTT] Mensagem recebida - Tópico: monitoramento/umidade | Payload: Erro ao ler umidade
[MQTT] Mensagem recebida - Tópico: monitoramento/heartbeat | Payload: 18/07/2025 11:23:16
[2025-07-18 11:23:17] Heartbeat: 18/07/2025 11:23:16
[MQTT] Mensagem recebida - Tópico: monitoramento/temperatura | Payload: Erro ao ler temperatura
[MQTT] Mensagem recebida - Tópico: monitoramento/umidade | Payload: Erro ao ler umidade
[MQTT] Mensagem recebida - Tópico: monitoramento/heartbeat | Payload: 18/07/2025 11:23:16
[2025-07-18 11:23:17] Heartbeat: 18/07/2025 11:23:16
[MQTT] Mensagem recebida - Tópico: monitoramento/temperatura | Payload: Erro ao ler temperatura
[MQTT] Mensagem recebida - Tópico: monitoramento/umidade | Payload: Erro ao ler umidade
[MQTT] Mensagem recebida - Tópico: monitoramento/heartbeat | Payload: 18/07/2025 11:23:16
[2025-07-18 11:23:17] Heartbeat: 18/07/2025 11:23:16
[MQTT] Mensagem recebida - Tópico: monitoramento/temperatura | Payload: Erro ao ler temperatura
[MQTT] Mensagem recebida - Tópico: monitoramento/umidade | Payload: Erro ao ler umidade
[MQTT] Mensagem recebida - Tópico: monitoramento/heartbeat | Payload: 18/07/2025 11:23:16
[2025-07-18 11:23:17] Heartbeat: 18/07/2025 11:23:16
[MQTT] Mensagem recebida - Tópico: monitoramento/temperatura | Payload: Erro ao ler temperatura
[MQTT] Mensagem recebida - Tópico: monitoramento/umidade | Payload: Erro ao ler umidade
[MQTT] Mensagem recebida - Tópico: monitoramento/heartbeat | Payload: 18/07/2025 11:23:16
[2025-07-18 11:23:17] Heartbeat: 18/07/2025 11:23:16
[MQTT] Mensagem recebida - Tópico: monitoramento/temperatura | Payload: Erro ao ler temperatura
[MQTT] Mensagem recebida - Tópico: monitoramento/umidade | Payload: Erro ao ler umidade
[MQTT] Mensagem recebida - Tópico: monitoramento/heartbeat | Payload: 18/07/2025 11:23:16
[2025-07-18 11:23:17] Heartbeat: 18/07/2025 11:23:16
[MQTT] Mensagem recebida - Tópico: monitoramento/temperatura | Payload: Erro ao ler temperatura
[MQTT] Mensagem recebida - Tópico: monitoramento/umidade | Payload: Erro ao ler umidade
[MQTT] Mensagem recebida - Tópico: monitoramento/heartbeat | Payload: 18/07/2025 11:23:16
[2025-07-18 11:23:17] Heartbeat: 18/07/2025 11:23:16
[MQTT] Mensagem recebida - Tópico: monitoramento/temperatura | Payload: Erro ao ler temperatura
[MQTT] Mensagem recebida - Tópico: monitoramento/umidade | Payload: Erro ao ler umidade
[MQTT] Mensagem recebida - Tópico: monitoramento/heartbeat | Payload: 18/07/2025 11:23:16
[2025-07-18 11:23:17] Heartbeat: 18/07/2025 11:23:16
[MQTT] Mensagem recebida - Tópico: monitoramento/temperatura | Payload: Erro ao ler temperatura
[MQTT] Mensagem recebida - Tópico: monitoramento/umidade | Payload: Erro ao ler umidade
[MQTT] Mensagem recebida - Tópico: monitoramento/heartbeat | Payload: 18/07/2025 11:23:16
[2025-07-18 11:23:17] Heartbeat: 18/07/2025 11:23:16
[MQTT] Mensagem recebida - Tópico: monitoramento/temperatura | Payload: Erro ao ler temperatura
[MQTT] Mensagem recebida - Tópico: monitoramento/umidade | Payload: Erro ao ler umidade
[MQTT] Mensagem recebida - Tópico: monitoramento/heartbeat | Payload: 18/07/2025 11:23:16
[2025-07-18 11:23:17] Heartbeat: 18/07/2025 11:23:16
[MQTT] Mensagem recebida - Tópico: monitoramento/temperatura | Payload: Erro ao ler temperatura
[MQTT] Mensagem recebida - Tópico: monitoramento/umidade | Payload: Erro ao ler umidade
[MQTT] Mensagem recebida - Tópico: monitoramento/heartbeat | Payload: 18/07/2025 11:23:16
[2025-07-18 11:23:17] Heartbeat: 18/07/2025 11:23:16
[MQTT] Mensagem recebida - Tópico: monitoramento/temperatura | Payload: Erro ao ler temperatura
[MQTT] Mensagem recebida - Tópico: monitoramento/umidade | Payload: Erro ao ler umidade
[MQTT] Mensagem recebida - Tópico: monitoramento/heartbeat | Payload: 18/07/2025 11:23:16
[2025-07-18 11:23:17] Heartbeat: 18/07/2025 11:23:16
[MQTT] Mensagem recebida - Tópico: monitoramento/temperatura | Payload: Erro ao ler temperatura
[MQTT] Mensagem recebida - Tópico: monitoramento/umidade | Payload: Erro ao ler umidade
[MQTT] Mensagem recebida - Tópico: monitoramento/heartbeat | Payload: 18/07/2025 11:23:16
[2025-07-18 11:23:17] Heartbeat: 18/07/2025 11:23:16
[MQTT] Mensagem recebida - Tópico: monitoramento/temperatura | Payload: Erro ao ler temperatura
[MQTT] Mensagem recebida - Tópico: monitoramento/umidade | Payload: Erro ao ler umidade
[MQTT] Mensagem recebida - Tópico: monitoramento/heartbeat | Payload: 18/07/2025 11:23:16
[2025-07-18 11:23:17] Heartbeat: 18/07/2025 11:23:16
[MQTT] Mensagem recebida - Tópico: monitoramento/temperatura | Payload: Erro ao ler temperatura
[MQTT] Mensagem recebida - Tópico: monitoramento/umidade | Payload: Erro ao ler umidade
[MQTT] Mensagem recebida - Tópico: monitoramento/heartbeat | Payload: 18/07/2025 11:23:16
[2025-07-18 11:23:17] Heartbeat: 18/07/2025 11:23:16
[MQTT] Mensagem recebida - Tópico: monitoramento/temperatura | Payload: Erro ao ler temperatura
[MQTT] Mensagem recebida - Tópico: monitoramento/umidade | Payload: Erro ao ler umidade
[MQTT] Mensagem recebida - Tópico: monitoramento/heartbeat | Payload: 18/07/2025 11:23:16
[2025-07-18 11:23:17] Heartbeat: 18/07/2025 11:23:16
[MQTT] Mensagem recebida - Tópico: monitoramento/temperatura | Payload: Erro ao ler temperatura
[MQTT] Mensagem recebida - Tópico: monitoramento/umidade | Payload: Erro ao ler umidade
[MQTT] Mensagem recebida - Tópico: monitoramento/heartbeat | Payload: 18/07/2025 11:23:16
[2025-07-18 11:23:17] Heartbeat: 18/07/2025 11:23:16
[MQTT] Mensagem recebida - Tópico: monitoramento/temperatura | Payload: Erro ao ler temperatura
[MQTT] Mensagem recebida - Tópico: monitoramento/umidade | Payload: Erro ao ler umidade
[MQTT] Mensagem recebida - Tópico: monitoramento/heartbeat | Payload: 18/07/2025 11:23:16
[2025-07-18 11:23:17] Heartbeat: 18/07/2025 11:23:16
[MQTT] Mensagem recebida - Tópico: monitoramento/temperatura | Payload: Erro ao ler temperatura
[MQTT] Mensagem recebida - Tópico: monitoramento/umidade | Payload: Erro ao ler umidade
[MQTT] Mensagem recebida - Tópico: monitoramento/heartbeat | Payload: 18/07/2025 11:23:16
[2025-07-18 11:23:17] Heartbeat: 18/07/2025 11:23:16
[MQTT] Mensagem recebida - Tópico: monitoramento/temperatura | Payload: Erro ao ler temperatura
[MQTT] Mensagem recebida - Tópico: monitoramento/umidade | Payload: Erro ao ler umidade
[MQTT] Mensagem recebida - Tópico: monitoramento/heartbeat | Payload: 18/07/2025 11:23:16
[2025-07-18 11:23:17] Heartbeat: 18/07/2025 11:23:16
[MQTT] Mensagem recebida - Tópico: monitoramento/temperatura | Payload: Erro ao ler temperatura
[MQTT] Mensagem recebida - Tópico: monitoramento/umidade | Payload: Erro ao ler umidade
[MQTT] Mensagem recebida - Tópico: monitoramento/heartbeat | Payload: 18/07/2025 11:23:16
[2025-07-18 11:23:17] Heartbeat: 18/07/2025 11:23:16
[MQTT] Mensagem recebida - Tópico: monitoramento/temperatura | Payload: Erro ao ler temperatura
[MQTT] Mensagem recebida - Tópico: monitoramento/umidade | Payload: Erro ao ler umidade
[MQTT] Mensagem recebida - Tópico: monitoramento/heartbeat | Payload: 18/07/2025 11:23:16
[2025-07-18 11:23:17] Heartbeat: 18/07/2025 11:23:16
[MQTT] Mensagem recebida - Tópico: monitoramento/temperatura | Payload: Erro ao ler temperatura
[MQTT] Mensagem recebida - Tópico: monitoramento/umidade | Payload: Erro ao ler umidade
[MQTT] Mensagem recebida - Tópico: monitoramento/heartbeat | Payload: 18/07/2025 11:23:16
[2025-07-18 11:23:17] Heartbeat: 18/07/2025 11:23:16
[MQTT] Mensagem recebida - Tópico: monitoramento/temperatura | Payload: Erro ao ler temperatura
[MQTT] Mensagem recebida - Tópico: monitoramento/umidade | Payload: Erro ao ler umidade
[MQTT] Mensagem recebida - Tópico: monitoramento/heartbeat | Payload: 18/07/2025 11:23:16
[2025-07-18 11:23:17] Heartbeat: 18/07/2025 11:23:16
[MQTT] Mensagem recebida - Tópico: monitoramento/temperatura | Payload: Erro ao ler temperatura
[MQTT] Mensagem recebida - Tópico: monitoramento/umidade | Payload: Erro ao ler umidade
[MQTT] Mensagem recebida - Tópico: monitoramento/heartbeat | Payload: 18/07/2025 11:23:16
[2025-07-18 11:23:17] Heartbeat: 18/07/2025 11:23:16
[MQTT] Mensagem recebida - Tópico: monitoramento/temperatura | Payload: Erro ao ler temperatura
[MQTT] Mensagem recebida - Tópico: monitoramento/umidade | Payload: Erro ao ler umidade
[MQTT] Mensagem recebida - Tópico: monitoramento/heartbeat | Payload: 18/07/2025 11:23:17
[2025-07-18 11:23:17] Heartbeat: 18/07/2025 11:23:17
[MQTT] Mensagem recebida - Tópico: monitoramento/temperatura | Payload: Erro ao ler temperatura
[MQTT] Mensagem recebida - Tópico: monitoramento/umidade | Payload: Erro ao ler umidade
[MQTT] Mensagem recebida - Tópico: monitoramento/heartbeat | Payload: 18/07/2025 11:23:17
[2025-07-18 11:23:17] Heartbeat: 18/07/2025 11:23:17
[MQTT] Mensagem recebida - Tópico: monitoramento/temperatura | Payload: Erro ao ler temperatura
[MQTT] Mensagem recebida - Tópico: monitoramento/umidade | Payload: Erro ao ler umidade
[MQTT] Mensagem recebida - Tópico: monitoramento/heartbeat | Payload: 18/07/2025 11:23:17
[2025-07-18 11:23:17] Heartbeat: 18/07/2025 11:23:17
[MQTT] Mensagem recebida - Tópico: monitoramento/temperatura | Payload: Erro ao ler temperatura
[MQTT] Mensagem recebida - Tópico: monitoramento/umidade | Payload: Erro ao ler umidade
[MQTT] Mensagem recebida - Tópico: monitoramento/heartbeat | Payload: 18/07/2025 11:23:17
[2025-07-18 11:23:17] Heartbeat: 18/07/2025 11:23:17
[MQTT] Mensagem recebida - Tópico: monitoramento/temperatura | Payload: Erro ao ler temperatura
[MQTT] Mensagem recebida - Tópico: monitoramento/umidade | Payload: Erro ao ler umidade
[MQTT] Mensagem recebida - Tópico: monitoramento/heartbeat | Payload: 18/07/2025 11:23:17
[2025-07-18 11:23:17] Heartbeat: 18/07/2025 11:23:17
[MQTT] Mensagem recebida - Tópico: monitoramento/temperatura | Payload: Erro ao ler temperatura
[MQTT] Mensagem recebida - Tópico: monitoramento/umidade | Payload: Erro ao ler umidade
[MQTT] Mensagem recebida - Tópico: monitoramento/heartbeat | Payload: 18/07/2025 11:23:17
[2025-07-18 11:23:17] Heartbeat: 18/07/2025 11:23:17
[MQTT] Mensagem recebida - Tópico: monitoramento/temperatura | Payload: Erro ao ler temperatura
[MQTT] Mensagem recebida - Tópico: monitoramento/umidade | Payload: Erro ao ler umidade
[MQTT] Mensagem recebida - Tópico: monitoramento/heartbeat | Payload: 18/07/2025 11:23:17
[2025-07-18 11:23:17] Heartbeat: 18/07/2025 11:23:17
[MQTT] Mensagem recebida - Tópico: monitoramento/temperatura | Payload: Erro ao ler temperatura
[MQTT] Mensagem recebida - Tópico: monitoramento/umidade | Payload: Erro ao ler umidade
[MQTT] Mensagem recebida - Tópico: monitoramento/heartbeat | Payload: 18/07/2025 11:23:17
[2025-07-18 11:23:17] Heartbeat: 18/07/2025 11:23:17
[MQTT] Mensagem recebida - Tópico: monitoramento/temperatura | Payload: Erro ao ler temperatura
[MQTT] Mensagem recebida - Tópico: monitoramento/umidade | Payload: Erro ao ler umidade
[MQTT] Mensagem recebida - Tópico: monitoramento/heartbeat | Payload: 18/07/2025 11:23:17
[2025-07-18 11:23:17] Heartbeat: 18/07/2025 11:23:17
[MQTT] Mensagem recebida - Tópico: monitoramento/temperatura | Payload: Erro ao ler temperatura
[MQTT] Mensagem recebida - Tópico: monitoramento/umidade | Payload: Erro ao ler umidade
[MQTT] Mensagem recebida - Tópico: monitoramento/heartbeat | Payload: 18/07/2025 11:23:17
[2025-07-18 11:23:18] Heartbeat: 18/07/2025 11:23:17
[MQTT] Mensagem recebida - Tópico: monitoramento/temperatura | Payload: Erro ao ler temperatura
[MQTT] Mensagem recebida - Tópico: monitoramento/umidade | Payload: Erro ao ler umidade
[MQTT] Mensagem recebida - Tópico: monitoramento/heartbeat | Payload: 18/07/2025 11:23:17
[2025-07-18 11:23:18] Heartbeat: 18/07/2025 11:23:17
[MQTT] Mensagem recebida - Tópico: monitoramento/temperatura | Payload: Erro ao ler temperatura
[MQTT] Mensagem recebida - Tópico: monitoramento/umidade | Payload: Erro ao ler umidade
[MQTT] Mensagem recebida - Tópico: monitoramento/heartbeat | Payload: 18/07/2025 11:23:17
[2025-07-18 11:23:18] Heartbeat: 18/07/2025 11:23:17
[MQTT] Mensagem recebida - Tópico: monitoramento/temperatura | Payload: Erro ao ler temperatura
[MQTT] Mensagem recebida - Tópico: monitoramento/umidade | Payload: Erro ao ler umidade
[MQTT] Mensagem recebida - Tópico: monitoramento/heartbeat | Payload: 18/07/2025 11:23:17
[2025-07-18 11:23:18] Heartbeat: 18/07/2025 11:23:17
[MQTT] Mensagem recebida - Tópico: monitoramento/temperatura | Payload: Erro ao ler temperatura
[MQTT] Mensagem recebida - Tópico: monitoramento/umidade | Payload: Erro ao ler umidade
[MQTT] Mensagem recebida - Tópico: monitoramento/heartbeat | Payload: 18/07/2025 11:23:17
[2025-07-18 11:23:18] Heartbeat: 18/07/2025 11:23:17
[MQTT] Mensagem recebida - Tópico: monitoramento/temperatura | Payload: Erro ao ler temperatura
[MQTT] Mensagem recebida - Tópico: monitoramento/umidade | Payload: Erro ao ler umidade
[MQTT] Mensagem recebida - Tópico: monitoramento/heartbeat | Payload: 18/07/2025 11:23:17
[2025-07-18 11:23:18] Heartbeat: 18/07/2025 11:23:17
[MQTT] Mensagem recebida - Tópico: monitoramento/temperatura | Payload: Erro ao ler temperatura
[MQTT] Mensagem recebida - Tópico: monitoramento/umidade | Payload: Erro ao ler umidade
[MQTT] Mensagem recebida - Tópico: monitoramento/heartbeat | Payload: 18/07/2025 11:23:17
[2025-07-18 11:23:18] Heartbeat: 18/07/2025 11:23:17
[MQTT] Mensagem recebida - Tópico: monitoramento/temperatura | Payload: Erro ao ler temperatura
[MQTT] Mensagem recebida - Tópico: monitoramento/umidade | Payload: Erro ao ler umidade
[MQTT] Mensagem recebida - Tópico: monitoramento/heartbeat | Payload: 18/07/2025 11:23:17
[2025-07-18 11:23:18] Heartbeat: 18/07/2025 11:23:17
[MQTT] Mensagem recebida - Tópico: monitoramento/temperatura | Payload: Erro ao ler temperatura
[MQTT] Mensagem recebida - Tópico: monitoramento/umidade | Payload: Erro ao ler umidade
[MQTT] Mensagem recebida - Tópico: monitoramento/heartbeat | Payload: 18/07/2025 11:23:17
[2025-07-18 11:23:18] Heartbeat: 18/07/2025 11:23:17
[MQTT] Mensagem recebida - Tópico: monitoramento/temperatura | Payload: Erro ao ler temperatura
[MQTT] Mensagem recebida - Tópico: monitoramento/umidade | Payload: Erro ao ler umidade
[MQTT] Mensagem recebida - Tópico: monitoramento/heartbeat | Payload: 18/07/2025 11:23:17
[2025-07-18 11:23:18] Heartbeat: 18/07/2025 11:23:17
[MQTT] Mensagem recebida - Tópico: monitoramento/umidade | Payload: 31.20
2025-07-18 11:30:59.407646 - Erro ao inserir no banco: Incorrect double value: 'Erro ao ler temperatura' for column `monitoramento`.`valores`.`temperatura` at row 1
2025-07-18 11:30:59.409058 - Conectado ao banco com sucesso
[2025-07-18 11:30:59] Dados salvos: T=Erro ao ler temperatura, U=31.20
[MQTT] Mensagem recebida - Tópico: monitoramento/heartbeat | Payload: 18/07/2025 11:30:59
[2025-07-18 11:31:00] Heartbeat: 18/07/2025 11:30:59
[MQTT] Mensagem recebida - Tópico: monitoramento/temperatura | Payload: 33.60
2025-07-18 11:32:08.594438 - Dado inserido: T=33.60, U=31.20
[2025-07-18 11:32:08] Dados salvos: T=33.60, U=31.20
[MQTT] Mensagem recebida - Tópico: monitoramento/heartbeat | Payload: 18/07/2025 11:32:08
[2025-07-18 11:32:08] Heartbeat: 18/07/2025 11:32:08
[MQTT] Mensagem recebida - Tópico: monitoramento/temperatura | Payload: Erro ao ler temperatura
2025-07-18 11:38:53.723375 - Erro ao inserir no banco: Incorrect double value: 'Erro ao ler temperatura' for column `monitoramento`.`valores`.`temperatura` at row 1
2025-07-18 11:38:53.724497 - Conectado ao banco com sucesso
[2025-07-18 11:38:53] Dados salvos: T=Erro ao ler temperatura, U=31.20
[MQTT] Mensagem recebida - Tópico: monitoramento/umidade | Payload: Erro ao ler umidade
2025-07-18 11:38:54.060822 - Erro ao inserir no banco: Incorrect double value: 'Erro ao ler temperatura' for column `monitoramento`.`valores`.`temperatura` at row 1
2025-07-18 11:38:54.061822 - Conectado ao banco com sucesso
[2025-07-18 11:38:53] Dados salvos: T=Erro ao ler temperatura, U=Erro ao ler umidade
[MQTT] Mensagem recebida - Tópico: monitoramento/heartbeat | Payload: 18/07/2025 11:38:53
[2025-07-18 11:38:54] Heartbeat: 18/07/2025 11:38:53
[MQTT] Mensagem recebida - Tópico: monitoramento/temperatura | Payload: Erro ao ler temperatura
[MQTT] Mensagem recebida - Tópico: monitoramento/umidade | Payload: Erro ao ler umidade
[MQTT] Mensagem recebida - Tópico: monitoramento/heartbeat | Payload: 18/07/2025 11:38:53
[2025-07-18 11:38:54] Heartbeat: 18/07/2025 11:38:53
[MQTT] Mensagem recebida - Tópico: monitoramento/temperatura | Payload: Erro ao ler temperatura
[MQTT] Mensagem recebida - Tópico: monitoramento/umidade | Payload: Erro ao ler umidade
[MQTT] Mensagem recebida - Tópico: monitoramento/heartbeat | Payload: 18/07/2025 11:38:53
[2025-07-18 11:38:54] Heartbeat: 18/07/2025 11:38:53
[MQTT] Mensagem recebida - Tópico: monitoramento/temperatura | Payload: Erro ao ler temperatura
[MQTT] Mensagem recebida - Tópico: monitoramento/umidade | Payload: Erro ao ler umidade
[MQTT] Mensagem recebida - Tópico: monitoramento/heartbeat | Payload: 18/07/2025 11:38:53
[2025-07-18 11:38:54] Heartbeat: 18/07/2025 11:38:53
[MQTT] Mensagem recebida - Tópico: monitoramento/temperatura | Payload: Erro ao ler temperatura
[MQTT] Mensagem recebida - Tópico: monitoramento/umidade | Payload: Erro ao ler umidade
[MQTT] Mensagem recebida - Tópico: monitoramento/heartbeat | Payload: 18/07/2025 11:38:53
[2025-07-18 11:38:54] Heartbeat: 18/07/2025 11:38:53
[MQTT] Mensagem recebida - Tópico: monitoramento/temperatura | Payload: Erro ao ler temperatura
[MQTT] Mensagem recebida - Tópico: monitoramento/umidade | Payload: Erro ao ler umidade
[MQTT] Mensagem recebida - Tópico: monitoramento/heartbeat | Payload: 18/07/2025 11:38:53
[2025-07-18 11:38:54] Heartbeat: 18/07/2025 11:38:53
[MQTT] Mensagem recebida - Tópico: monitoramento/temperatura | Payload: Erro ao ler temperatura
[MQTT] Mensagem recebida - Tópico: monitoramento/umidade | Payload: Erro ao ler umidade
[MQTT] Mensagem recebida - Tópico: monitoramento/heartbeat | Payload: 18/07/2025 11:38:53
[2025-07-18 11:38:54] Heartbeat: 18/07/2025 11:38:53
[MQTT] Mensagem recebida - Tópico: monitoramento/temperatura | Payload: Erro ao ler temperatura
[MQTT] Mensagem recebida - Tópico: monitoramento/umidade | Payload: Erro ao ler umidade
[MQTT] Mensagem recebida - Tópico: monitoramento/heartbeat | Payload: 18/07/2025 11:38:53
[2025-07-18 11:38:54] Heartbeat: 18/07/2025 11:38:53
[MQTT] Mensagem recebida - Tópico: monitoramento/temperatura | Payload: Erro ao ler temperatura
[MQTT] Mensagem recebida - Tópico: monitoramento/umidade | Payload: Erro ao ler umidade
[MQTT] Mensagem recebida - Tópico: monitoramento/heartbeat | Payload: 18/07/2025 11:38:53
[2025-07-18 11:38:54] Heartbeat: 18/07/2025 11:38:53
[MQTT] Mensagem recebida - Tópico: monitoramento/temperatura | Payload: Erro ao ler temperatura
[MQTT] Mensagem recebida - Tópico: monitoramento/umidade | Payload: Erro ao ler umidade
[MQTT] Mensagem recebida - Tópico: monitoramento/heartbeat | Payload: 18/07/2025 11:38:53
[2025-07-18 11:38:54] Heartbeat: 18/07/2025 11:38:53
[MQTT] Mensagem recebida - Tópico: monitoramento/temperatura | Payload: Erro ao ler temperatura
[MQTT] Mensagem recebida - Tópico: monitoramento/umidade | Payload: Erro ao ler umidade
[MQTT] Mensagem recebida - Tópico: monitoramento/heartbeat | Payload: 18/07/2025 11:38:53
[2025-07-18 11:38:54] Heartbeat: 18/07/2025 11:38:53
[MQTT] Mensagem recebida - Tópico: monitoramento/temperatura | Payload: Erro ao ler temperatura
[MQTT] Mensagem recebida - Tópico: monitoramento/umidade | Payload: Erro ao ler umidade
[MQTT] Mensagem recebida - Tópico: monitoramento/heartbeat | Payload: 18/07/2025 11:38:53
[2025-07-18 11:38:54] Heartbeat: 18/07/2025 11:38:53
[MQTT] Mensagem recebida - Tópico: monitoramento/temperatura | Payload: Erro ao ler temperatura
[MQTT] Mensagem recebida - Tópico: monitoramento/umidade | Payload: Erro ao ler umidade
[MQTT] Mensagem recebida - Tópico: monitoramento/heartbeat | Payload: 18/07/2025 11:38:53
[2025-07-18 11:38:54] Heartbeat: 18/07/2025 11:38:53
[MQTT] Mensagem recebida - Tópico: monitoramento/temperatura | Payload: Erro ao ler temperatura
[MQTT] Mensagem recebida - Tópico: monitoramento/umidade | Payload: Erro ao ler umidade
[MQTT] Mensagem recebida - Tópico: monitoramento/heartbeat | Payload: 18/07/2025 11:38:53
[2025-07-18 11:38:54] Heartbeat: 18/07/2025 11:38:53
[MQTT] Mensagem recebida - Tópico: monitoramento/temperatura | Payload: Erro ao ler temperatura
[MQTT] Mensagem recebida - Tópico: monitoramento/umidade | Payload: Erro ao ler umidade
[MQTT] Mensagem recebida - Tópico: monitoramento/heartbeat | Payload: 18/07/2025 11:38:53
[2025-07-18 11:38:54] Heartbeat: 18/07/2025 11:38:53
[MQTT] Mensagem recebida - Tópico: monitoramento/temperatura | Payload: Erro ao ler temperatura
[MQTT] Mensagem recebida - Tópico: monitoramento/umidade | Payload: Erro ao ler umidade
[MQTT] Mensagem recebida - Tópico: monitoramento/heartbeat | Payload: 18/07/2025 11:38:53
[2025-07-18 11:38:54] Heartbeat: 18/07/2025 11:38:53
[MQTT] Mensagem recebida - Tópico: monitoramento/temperatura | Payload: Erro ao ler temperatura
[MQTT] Mensagem recebida - Tópico: monitoramento/umidade | Payload: Erro ao ler umidade
[MQTT] Mensagem recebida - Tópico: monitoramento/heartbeat | Payload: 18/07/2025 11:38:53
[2025-07-18 11:38:54] Heartbeat: 18/07/2025 11:38:53
[MQTT] Mensagem recebida - Tópico: monitoramento/temperatura | Payload: Erro ao ler temperatura
[MQTT] Mensagem recebida - Tópico: monitoramento/umidade | Payload: Erro ao ler umidade
[MQTT] Mensagem recebida - Tópico: monitoramento/heartbeat | Payload: 18/07/2025 11:38:53
[2025-07-18 11:38:54] Heartbeat: 18/07/2025 11:38:53
[MQTT] Mensagem recebida - Tópico: monitoramento/temperatura | Payload: Erro ao ler temperatura
[MQTT] Mensagem recebida - Tópico: monitoramento/umidade | Payload: Erro ao ler umidade
[MQTT] Mensagem recebida - Tópico: monitoramento/heartbeat | Payload: 18/07/2025 11:38:53
[2025-07-18 11:38:54] Heartbeat: 18/07/2025 11:38:53
[MQTT] Mensagem recebida - Tópico: monitoramento/temperatura | Payload: Erro ao ler temperatura
[MQTT] Mensagem recebida - Tópico: monitoramento/umidade | Payload: Erro ao ler umidade
[MQTT] Mensagem recebida - Tópico: monitoramento/heartbeat | Payload: 18/07/2025 11:38:53
[2025-07-18 11:38:54] Heartbeat: 18/07/2025 11:38:53
[MQTT] Mensagem recebida - Tópico: monitoramento/temperatura | Payload: Erro ao ler temperatura
[MQTT] Mensagem recebida - Tópico: monitoramento/umidade | Payload: Erro ao ler umidade
[MQTT] Mensagem recebida - Tópico: monitoramento/heartbeat | Payload: 18/07/2025 11:38:53
[2025-07-18 11:38:54] Heartbeat: 18/07/2025 11:38:53
[MQTT] Mensagem recebida - Tópico: monitoramento/temperatura | Payload: Erro ao ler temperatura
[MQTT] Mensagem recebida - Tópico: monitoramento/umidade | Payload: Erro ao ler umidade
[MQTT] Mensagem recebida - Tópico: monitoramento/heartbeat | Payload: 18/07/2025 11:38:53
[2025-07-18 11:38:54] Heartbeat: 18/07/2025 11:38:53
[MQTT] Mensagem recebida - Tópico: monitoramento/temperatura | Payload: Erro ao ler temperatura
[MQTT] Mensagem recebida - Tópico: monitoramento/umidade | Payload: Erro ao ler umidade
[MQTT] Mensagem recebida - Tópico: monitoramento/heartbeat | Payload: 18/07/2025 11:38:53
[2025-07-18 11:38:54] Heartbeat: 18/07/2025 11:38:53
[MQTT] Mensagem recebida - Tópico: monitoramento/temperatura | Payload: Erro ao ler temperatura
[MQTT] Mensagem recebida - Tópico: monitoramento/umidade | Payload: Erro ao ler umidade
[MQTT] Mensagem recebida - Tópico: monitoramento/heartbeat | Payload: 18/07/2025 11:38:53
[2025-07-18 11:38:54] Heartbeat: 18/07/2025 11:38:53
[MQTT] Mensagem recebida - Tópico: monitoramento/temperatura | Payload: Erro ao ler temperatura
[MQTT] Mensagem recebida - Tópico: monitoramento/umidade | Payload: Erro ao ler umidade
[MQTT] Mensagem recebida - Tópico: monitoramento/heartbeat | Payload: 18/07/2025 11:38:53
[2025-07-18 11:38:54] Heartbeat: 18/07/2025 11:38:53
[MQTT] Mensagem recebida - Tópico: monitoramento/temperatura | Payload: Erro ao ler temperatura
[MQTT] Mensagem recebida - Tópico: monitoramento/umidade | Payload: Erro ao ler umidade
[MQTT] Mensagem recebida - Tópico: monitoramento/heartbeat | Payload: 18/07/2025 11:38:53
[2025-07-18 11:38:54] Heartbeat: 18/07/2025 11:38:53
[MQTT] Mensagem recebida - Tópico: monitoramento/temperatura | Payload: Erro ao ler temperatura
[MQTT] Mensagem recebida - Tópico: monitoramento/umidade | Payload: Erro ao ler umidade
[MQTT] Mensagem recebida - Tópico: monitoramento/heartbeat | Payload: 18/07/2025 11:38:53
[2025-07-18 11:38:54] Heartbeat: 18/07/2025 11:38:53
[MQTT] Mensagem recebida - Tópico: monitoramento/temperatura | Payload: Erro ao ler temperatura
[MQTT] Mensagem recebida - Tópico: monitoramento/umidade | Payload: Erro ao ler umidade
[MQTT] Mensagem recebida - Tópico: monitoramento/heartbeat | Payload: 18/07/2025 11:38:53
[2025-07-18 11:38:54] Heartbeat: 18/07/2025 11:38:53
[MQTT] Mensagem recebida - Tópico: monitoramento/temperatura | Payload: Erro ao ler temperatura
[MQTT] Mensagem recebida - Tópico: monitoramento/umidade | Payload: Erro ao ler umidade
[MQTT] Mensagem recebida - Tópico: monitoramento/heartbeat | Payload: 18/07/2025 11:38:53
[2025-07-18 11:38:54] Heartbeat: 18/07/2025 11:38:53
[MQTT] Mensagem recebida - Tópico: monitoramento/temperatura | Payload: Erro ao ler temperatura
[MQTT] Mensagem recebida - Tópico: monitoramento/umidade | Payload: Erro ao ler umidade
[MQTT] Mensagem recebida - Tópico: monitoramento/heartbeat | Payload: 18/07/2025 11:38:54
[2025-07-18 11:38:54] Heartbeat: 18/07/2025 11:38:54
[MQTT] Mensagem recebida - Tópico: monitoramento/temperatura | Payload: Erro ao ler temperatura
[MQTT] Mensagem recebida - Tópico: monitoramento/umidade | Payload: Erro ao ler umidade
[MQTT] Mensagem recebida - Tópico: monitoramento/heartbeat | Payload: 18/07/2025 11:38:54
[2025-07-18 11:38:54] Heartbeat: 18/07/2025 11:38:54
[MQTT] Mensagem recebida - Tópico: monitoramento/temperatura | Payload: Erro ao ler temperatura
[MQTT] Mensagem recebida - Tópico: monitoramento/umidade | Payload: Erro ao ler umidade
[MQTT] Mensagem recebida - Tópico: monitoramento/heartbeat | Payload: 18/07/2025 11:38:54
[2025-07-18 11:38:54] Heartbeat: 18/07/2025 11:38:54
[MQTT] Mensagem recebida - Tópico: monitoramento/temperatura | Payload: Erro ao ler temperatura
[MQTT] Mensagem recebida - Tópico: monitoramento/umidade | Payload: Erro ao ler umidade
[MQTT] Mensagem recebida - Tópico: monitoramento/heartbeat | Payload: 18/07/2025 11:38:54
[2025-07-18 11:38:54] Heartbeat: 18/07/2025 11:38:54
[MQTT] Mensagem recebida - Tópico: monitoramento/temperatura | Payload: Erro ao ler temperatura
[MQTT] Mensagem recebida - Tópico: monitoramento/umidade | Payload: Erro ao ler umidade
[MQTT] Mensagem recebida - Tópico: monitoramento/heartbeat | Payload: 18/07/2025 11:38:54
[2025-07-18 11:38:54] Heartbeat: 18/07/2025 11:38:54
[MQTT] Mensagem recebida - Tópico: monitoramento/temperatura | Payload: Erro ao ler temperatura
[MQTT] Mensagem recebida - Tópico: monitoramento/umidade | Payload: Erro ao ler umidade
[MQTT] Mensagem recebida - Tópico: monitoramento/heartbeat | Payload: 18/07/2025 11:38:54
[2025-07-18 11:38:54] Heartbeat: 18/07/2025 11:38:54
[MQTT] Mensagem recebida - Tópico: monitoramento/temperatura | Payload: Erro ao ler temperatura
[MQTT] Mensagem recebida - Tópico: monitoramento/umidade | Payload: Erro ao ler umidade
[MQTT] Mensagem recebida - Tópico: monitoramento/heartbeat | Payload: 18/07/2025 11:38:54
[2025-07-18 11:38:54] Heartbeat: 18/07/2025 11:38:54
[MQTT] Mensagem recebida - Tópico: monitoramento/temperatura | Payload: Erro ao ler temperatura
[MQTT] Mensagem recebida - Tópico: monitoramento/umidade | Payload: Erro ao ler umidade
[MQTT] Mensagem recebida - Tópico: monitoramento/heartbeat | Payload: 18/07/2025 11:38:54
[2025-07-18 11:38:54] Heartbeat: 18/07/2025 11:38:54
[MQTT] Mensagem recebida - Tópico: monitoramento/temperatura | Payload: Erro ao ler temperatura
[MQTT] Mensagem recebida - Tópico: monitoramento/umidade | Payload: Erro ao ler umidade
[MQTT] Mensagem recebida - Tópico: monitoramento/heartbeat | Payload: 18/07/2025 11:38:54
[2025-07-18 11:38:54] Heartbeat: 18/07/2025 11:38:54
[MQTT] Mensagem recebida - Tópico: monitoramento/temperatura | Payload: Erro ao ler temperatura
[MQTT] Mensagem recebida - Tópico: monitoramento/umidade | Payload: Erro ao ler umidade
[MQTT] Mensagem recebida - Tópico: monitoramento/heartbeat | Payload: 18/07/2025 11:38:54
[2025-07-18 11:38:54] Heartbeat: 18/07/2025 11:38:54
[MQTT] Mensagem recebida - Tópico: monitoramento/temperatura | Payload: Erro ao ler temperatura
[MQTT] Mensagem recebida - Tópico: monitoramento/umidade | Payload: Erro ao ler umidade
[MQTT] Mensagem recebida - Tópico: monitoramento/heartbeat | Payload: 18/07/2025 11:38:54
[2025-07-18 11:38:54] Heartbeat: 18/07/2025 11:38:54
[MQTT] Mensagem recebida - Tópico: monitoramento/temperatura | Payload: Erro ao ler temperatura
[MQTT] Mensagem recebida - Tópico: monitoramento/umidade | Payload: Erro ao ler umidade
[MQTT] Mensagem recebida - Tópico: monitoramento/heartbeat | Payload: 18/07/2025 11:38:54
[2025-07-18 11:38:54] Heartbeat: 18/07/2025 11:38:54
[MQTT] Mensagem recebida - Tópico: monitoramento/temperatura | Payload: Erro ao ler temperatura
[MQTT] Mensagem recebida - Tópico: monitoramento/umidade | Payload: Erro ao ler umidade
[MQTT] Mensagem recebida - Tópico: monitoramento/heartbeat | Payload: 18/07/2025 11:38:54
[2025-07-18 11:38:54] Heartbeat: 18/07/2025 11:38:54
[MQTT] Mensagem recebida - Tópico: monitoramento/temperatura | Payload: Erro ao ler temperatura
[MQTT] Mensagem recebida - Tópico: monitoramento/umidade | Payload: Erro ao ler umidade
[MQTT] Mensagem recebida - Tópico: monitoramento/heartbeat | Payload: 18/07/2025 11:38:54
[2025-07-18 11:38:54] Heartbeat: 18/07/2025 11:38:54
[MQTT] Mensagem recebida - Tópico: monitoramento/temperatura | Payload: Erro ao ler temperatura
[MQTT] Mensagem recebida - Tópico: monitoramento/umidade | Payload: Erro ao ler umidade
[MQTT] Mensagem recebida - Tópico: monitoramento/heartbeat | Payload: 18/07/2025 11:38:54
[2025-07-18 11:38:54] Heartbeat: 18/07/2025 11:38:54
[MQTT] Mensagem recebida - Tópico: monitoramento/temperatura | Payload: Erro ao ler temperatura
[MQTT] Mensagem recebida - Tópico: monitoramento/umidade | Payload: Erro ao ler umidade
[MQTT] Mensagem recebida - Tópico: monitoramento/heartbeat | Payload: 18/07/2025 11:38:54
[2025-07-18 11:38:54] Heartbeat: 18/07/2025 11:38:54
[MQTT] Mensagem recebida - Tópico: monitoramento/temperatura | Payload: Erro ao ler temperatura
[MQTT] Mensagem recebida - Tópico: monitoramento/umidade | Payload: Erro ao ler umidade
[MQTT] Mensagem recebida - Tópico: monitoramento/heartbeat | Payload: 18/07/2025 11:38:54
[2025-07-18 11:38:54] Heartbeat: 18/07/2025 11:38:54
[MQTT] Mensagem recebida - Tópico: monitoramento/temperatura | Payload: Erro ao ler temperatura
[MQTT] Mensagem recebida - Tópico: monitoramento/umidade | Payload: Erro ao ler umidade
[MQTT] Mensagem recebida - Tópico: monitoramento/heartbeat | Payload: 18/07/2025 11:38:54
[2025-07-18 11:38:54] Heartbeat: 18/07/2025 11:38:54
[MQTT] Mensagem recebida - Tópico: monitoramento/temperatura | Payload: Erro ao ler temperatura
[MQTT] Mensagem recebida - Tópico: monitoramento/umidade | Payload: Erro ao ler umidade
[MQTT] Mensagem recebida - Tópico: monitoramento/heartbeat | Payload: 18/07/2025 11:38:54
[2025-07-18 11:38:54] Heartbeat: 18/07/2025 11:38:54
[MQTT] Mensagem recebida - Tópico: monitoramento/temperatura | Payload: Erro ao ler temperatura
[MQTT] Mensagem recebida - Tópico: monitoramento/umidade | Payload: Erro ao ler umidade
[MQTT] Mensagem recebida - Tópico: monitoramento/heartbeat | Payload: 18/07/2025 11:38:54
[2025-07-18 11:38:54] Heartbeat: 18/07/2025 11:38:54
[MQTT] Mensagem recebida - Tópico: monitoramento/umidade | Payload: 31.80
2025-07-18 11:40:59.365532 - Erro ao inserir no banco: Incorrect double value: 'Erro ao ler temperatura' for column `monitoramento`.`valores`.`temperatura` at row 1
2025-07-18 11:40:59.366611 - Conectado ao banco com sucesso
[2025-07-18 11:40:58] Dados salvos: T=Erro ao ler temperatura, U=31.80
[MQTT] Mensagem recebida - Tópico: monitoramento/heartbeat | Payload: 18/07/2025 11:40:59
[2025-07-18 11:40:59] Heartbeat: 18/07/2025 11:40:59
[MQTT] Mensagem recebida - Tópico: monitoramento/temperatura | Payload: 33.50
2025-07-18 11:42:08.615084 - Dado inserido: T=33.50, U=31.80
[2025-07-18 11:42:08] Dados salvos: T=33.50, U=31.80
[MQTT] Mensagem recebida - Tópico: monitoramento/heartbeat | Payload: 18/07/2025 11:42:08
[2025-07-18 11:42:08] Heartbeat: 18/07/2025 11:42:08
[MQTT] Mensagem recebida - Tópico: monitoramento/umidade | Payload: 31.50
2025-07-18 11:50:59.398096 - Dado inserido: T=33.50, U=31.50
[2025-07-18 11:50:58] Dados salvos: T=33.50, U=31.50
[MQTT] Mensagem recebida - Tópico: monitoramento/heartbeat | Payload: 18/07/2025 11:50:59
[2025-07-18 11:50:59] Heartbeat: 18/07/2025 11:50:59
[MQTT] Mensagem recebida - Tópico: monitoramento/temperatura | Payload: Erro ao ler temperatura
2025-07-18 11:51:25.073443 - Erro ao inserir no banco: Incorrect double value: 'Erro ao ler temperatura' for column `monitoramento`.`valores`.`temperatura` at row 1
2025-07-18 11:51:25.074598 - Conectado ao banco com sucesso
[2025-07-18 11:51:24] Dados salvos: T=Erro ao ler temperatura, U=31.50
[MQTT] Mensagem recebida - Tópico: monitoramento/umidade | Payload: Erro ao ler umidade
2025-07-18 11:51:25.426099 - Erro ao inserir no banco: Incorrect double value: 'Erro ao ler temperatura' for column `monitoramento`.`valores`.`temperatura` at row 1
2025-07-18 11:51:25.427186 - Conectado ao banco com sucesso
[2025-07-18 11:51:25] Dados salvos: T=Erro ao ler temperatura, U=Erro ao ler umidade
[MQTT] Mensagem recebida - Tópico: monitoramento/heartbeat | Payload: 18/07/2025 11:51:24
[2025-07-18 11:51:25] Heartbeat: 18/07/2025 11:51:24
[MQTT] Mensagem recebida - Tópico: monitoramento/temperatura | Payload: Erro ao ler temperatura
[MQTT] Mensagem recebida - Tópico: monitoramento/umidade | Payload: Erro ao ler umidade
[MQTT] Mensagem recebida - Tópico: monitoramento/heartbeat | Payload: 18/07/2025 11:51:24
[2025-07-18 11:51:25] Heartbeat: 18/07/2025 11:51:24
[MQTT] Mensagem recebida - Tópico: monitoramento/temperatura | Payload: Erro ao ler temperatura
[MQTT] Mensagem recebida - Tópico: monitoramento/umidade | Payload: Erro ao ler umidade
[MQTT] Mensagem recebida - Tópico: monitoramento/heartbeat | Payload: 18/07/2025 11:51:24
[2025-07-18 11:51:25] Heartbeat: 18/07/2025 11:51:24
[MQTT] Mensagem recebida - Tópico: monitoramento/temperatura | Payload: Erro ao ler temperatura
[MQTT] Mensagem recebida - Tópico: monitoramento/umidade | Payload: Erro ao ler umidade
[MQTT] Mensagem recebida - Tópico: monitoramento/heartbeat | Payload: 18/07/2025 11:51:24
[2025-07-18 11:51:25] Heartbeat: 18/07/2025 11:51:24
[MQTT] Mensagem recebida - Tópico: monitoramento/temperatura | Payload: Erro ao ler temperatura
[MQTT] Mensagem recebida - Tópico: monitoramento/umidade | Payload: Erro ao ler umidade
[MQTT] Mensagem recebida - Tópico: monitoramento/heartbeat | Payload: 18/07/2025 11:51:24
[2025-07-18 11:51:25] Heartbeat: 18/07/2025 11:51:24
[MQTT] Mensagem recebida - Tópico: monitoramento/temperatura | Payload: Erro ao ler temperatura
[MQTT] Mensagem recebida - Tópico: monitoramento/umidade | Payload: Erro ao ler umidade
[MQTT] Mensagem recebida - Tópico: monitoramento/heartbeat | Payload: 18/07/2025 11:51:24
[2025-07-18 11:51:25] Heartbeat: 18/07/2025 11:51:24
[MQTT] Mensagem recebida - Tópico: monitoramento/temperatura | Payload: Erro ao ler temperatura
[MQTT] Mensagem recebida - Tópico: monitoramento/umidade | Payload: Erro ao ler umidade
[MQTT] Mensagem recebida - Tópico: monitoramento/heartbeat | Payload: 18/07/2025 11:51:24
[2025-07-18 11:51:25] Heartbeat: 18/07/2025 11:51:24
[MQTT] Mensagem recebida - Tópico: monitoramento/temperatura | Payload: Erro ao ler temperatura
[MQTT] Mensagem recebida - Tópico: monitoramento/umidade | Payload: Erro ao ler umidade
[MQTT] Mensagem recebida - Tópico: monitoramento/heartbeat | Payload: 18/07/2025 11:51:24
[2025-07-18 11:51:25] Heartbeat: 18/07/2025 11:51:24
[MQTT] Mensagem recebida - Tópico: monitoramento/temperatura | Payload: Erro ao ler temperatura
[MQTT] Mensagem recebida - Tópico: monitoramento/umidade | Payload: Erro ao ler umidade
[MQTT] Mensagem recebida - Tópico: monitoramento/heartbeat | Payload: 18/07/2025 11:51:24
[2025-07-18 11:51:25] Heartbeat: 18/07/2025 11:51:24
[MQTT] Mensagem recebida - Tópico: monitoramento/temperatura | Payload: Erro ao ler temperatura
[MQTT] Mensagem recebida - Tópico: monitoramento/umidade | Payload: Erro ao ler umidade
[MQTT] Mensagem recebida - Tópico: monitoramento/heartbeat | Payload: 18/07/2025 11:51:24
[2025-07-18 11:51:25] Heartbeat: 18/07/2025 11:51:24
[MQTT] Mensagem recebida - Tópico: monitoramento/temperatura | Payload: Erro ao ler temperatura
[MQTT] Mensagem recebida - Tópico: monitoramento/umidade | Payload: Erro ao ler umidade
[MQTT] Mensagem recebida - Tópico: monitoramento/heartbeat | Payload: 18/07/2025 11:51:24
[2025-07-18 11:51:25] Heartbeat: 18/07/2025 11:51:24
[MQTT] Mensagem recebida - Tópico: monitoramento/temperatura | Payload: Erro ao ler temperatura
[MQTT] Mensagem recebida - Tópico: monitoramento/umidade | Payload: Erro ao ler umidade
[MQTT] Mensagem recebida - Tópico: monitoramento/heartbeat | Payload: 18/07/2025 11:51:25
[2025-07-18 11:51:25] Heartbeat: 18/07/2025 11:51:25
[MQTT] Mensagem recebida - Tópico: monitoramento/temperatura | Payload: Erro ao ler temperatura
[MQTT] Mensagem recebida - Tópico: monitoramento/umidade | Payload: Erro ao ler umidade
[MQTT] Mensagem recebida - Tópico: monitoramento/heartbeat | Payload: 18/07/2025 11:51:25
[2025-07-18 11:51:25] Heartbeat: 18/07/2025 11:51:25
[MQTT] Mensagem recebida - Tópico: monitoramento/temperatura | Payload: Erro ao ler temperatura
[MQTT] Mensagem recebida - Tópico: monitoramento/umidade | Payload: Erro ao ler umidade
[MQTT] Mensagem recebida - Tópico: monitoramento/heartbeat | Payload: 18/07/2025 11:51:25
[2025-07-18 11:51:25] Heartbeat: 18/07/2025 11:51:25
[MQTT] Mensagem recebida - Tópico: monitoramento/temperatura | Payload: Erro ao ler temperatura
[MQTT] Mensagem recebida - Tópico: monitoramento/umidade | Payload: Erro ao ler umidade
[MQTT] Mensagem recebida - Tópico: monitoramento/heartbeat | Payload: 18/07/2025 11:51:25
[2025-07-18 11:51:25] Heartbeat: 18/07/2025 11:51:25
[MQTT] Mensagem recebida - Tópico: monitoramento/temperatura | Payload: Erro ao ler temperatura
[MQTT] Mensagem recebida - Tópico: monitoramento/umidade | Payload: Erro ao ler umidade
[MQTT] Mensagem recebida - Tópico: monitoramento/heartbeat | Payload: 18/07/2025 11:51:25
[2025-07-18 11:51:25] Heartbeat: 18/07/2025 11:51:25
[MQTT] Mensagem recebida - Tópico: monitoramento/temperatura | Payload: Erro ao ler temperatura
[MQTT] Mensagem recebida - Tópico: monitoramento/umidade | Payload: Erro ao ler umidade
[MQTT] Mensagem recebida - Tópico: monitoramento/heartbeat | Payload: 18/07/2025 11:51:25
[2025-07-18 11:51:25] Heartbeat: 18/07/2025 11:51:25
[MQTT] Mensagem recebida - Tópico: monitoramento/temperatura | Payload: Erro ao ler temperatura
[MQTT] Mensagem recebida - Tópico: monitoramento/umidade | Payload: Erro ao ler umidade
[MQTT] Mensagem recebida - Tópico: monitoramento/heartbeat | Payload: 18/07/2025 11:51:25
[2025-07-18 11:51:25] Heartbeat: 18/07/2025 11:51:25
[MQTT] Mensagem recebida - Tópico: monitoramento/temperatura | Payload: Erro ao ler temperatura
[MQTT] Mensagem recebida - Tópico: monitoramento/umidade | Payload: Erro ao ler umidade
[MQTT] Mensagem recebida - Tópico: monitoramento/heartbeat | Payload: 18/07/2025 11:51:25
[2025-07-18 11:51:25] Heartbeat: 18/07/2025 11:51:25
[MQTT] Mensagem recebida - Tópico: monitoramento/temperatura | Payload: Erro ao ler temperatura
[MQTT] Mensagem recebida - Tópico: monitoramento/umidade | Payload: Erro ao ler umidade
[MQTT] Mensagem recebida - Tópico: monitoramento/heartbeat | Payload: 18/07/2025 11:51:25
[2025-07-18 11:51:25] Heartbeat: 18/07/2025 11:51:25
[MQTT] Mensagem recebida - Tópico: monitoramento/temperatura | Payload: Erro ao ler temperatura
[MQTT] Mensagem recebida - Tópico: monitoramento/umidade | Payload: Erro ao ler umidade
[MQTT] Mensagem recebida - Tópico: monitoramento/heartbeat | Payload: 18/07/2025 11:51:25
[2025-07-18 11:51:25] Heartbeat: 18/07/2025 11:51:25
[MQTT] Mensagem recebida - Tópico: monitoramento/temperatura | Payload: Erro ao ler temperatura
[MQTT] Mensagem recebida - Tópico: monitoramento/umidade | Payload: Erro ao ler umidade
[MQTT] Mensagem recebida - Tópico: monitoramento/heartbeat | Payload: 18/07/2025 11:51:25
[2025-07-18 11:51:25] Heartbeat: 18/07/2025 11:51:25
[MQTT] Mensagem recebida - Tópico: monitoramento/temperatura | Payload: Erro ao ler temperatura
[MQTT] Mensagem recebida - Tópico: monitoramento/umidade | Payload: Erro ao ler umidade
[MQTT] Mensagem recebida - Tópico: monitoramento/heartbeat | Payload: 18/07/2025 11:51:25
[2025-07-18 11:51:25] Heartbeat: 18/07/2025 11:51:25
[MQTT] Mensagem recebida - Tópico: monitoramento/temperatura | Payload: Erro ao ler temperatura
[MQTT] Mensagem recebida - Tópico: monitoramento/umidade | Payload: Erro ao ler umidade
[MQTT] Mensagem recebida - Tópico: monitoramento/heartbeat | Payload: 18/07/2025 11:51:25
[2025-07-18 11:51:25] Heartbeat: 18/07/2025 11:51:25
[MQTT] Mensagem recebida - Tópico: monitoramento/temperatura | Payload: Erro ao ler temperatura
[MQTT] Mensagem recebida - Tópico: monitoramento/umidade | Payload: Erro ao ler umidade
[MQTT] Mensagem recebida - Tópico: monitoramento/heartbeat | Payload: 18/07/2025 11:51:25
[2025-07-18 11:51:25] Heartbeat: 18/07/2025 11:51:25
[MQTT] Mensagem recebida - Tópico: monitoramento/temperatura | Payload: Erro ao ler temperatura
[MQTT] Mensagem recebida - Tópico: monitoramento/umidade | Payload: Erro ao ler umidade
[MQTT] Mensagem recebida - Tópico: monitoramento/heartbeat | Payload: 18/07/2025 11:51:25
[2025-07-18 11:51:25] Heartbeat: 18/07/2025 11:51:25
[MQTT] Mensagem recebida - Tópico: monitoramento/temperatura | Payload: Erro ao ler temperatura
[MQTT] Mensagem recebida - Tópico: monitoramento/umidade | Payload: Erro ao ler umidade
[MQTT] Mensagem recebida - Tópico: monitoramento/heartbeat | Payload: 18/07/2025 11:51:25
[2025-07-18 11:51:25] Heartbeat: 18/07/2025 11:51:25
[MQTT] Mensagem recebida - Tópico: monitoramento/temperatura | Payload: Erro ao ler temperatura
[MQTT] Mensagem recebida - Tópico: monitoramento/umidade | Payload: Erro ao ler umidade
[MQTT] Mensagem recebida - Tópico: monitoramento/heartbeat | Payload: 18/07/2025 11:51:25
[2025-07-18 11:51:25] Heartbeat: 18/07/2025 11:51:25
[MQTT] Mensagem recebida - Tópico: monitoramento/temperatura | Payload: Erro ao ler temperatura
[MQTT] Mensagem recebida - Tópico: monitoramento/umidade | Payload: Erro ao ler umidade
[MQTT] Mensagem recebida - Tópico: monitoramento/heartbeat | Payload: 18/07/2025 11:51:25
[2025-07-18 11:51:25] Heartbeat: 18/07/2025 11:51:25
[MQTT] Mensagem recebida - Tópico: monitoramento/temperatura | Payload: Erro ao ler temperatura
[MQTT] Mensagem recebida - Tópico: monitoramento/umidade | Payload: Erro ao ler umidade
[MQTT] Mensagem recebida - Tópico: monitoramento/heartbeat | Payload: 18/07/2025 11:51:25
[2025-07-18 11:51:25] Heartbeat: 18/07/2025 11:51:25
[MQTT] Mensagem recebida - Tópico: monitoramento/temperatura | Payload: Erro ao ler temperatura
[MQTT] Mensagem recebida - Tópico: monitoramento/umidade | Payload: Erro ao ler umidade
[MQTT] Mensagem recebida - Tópico: monitoramento/heartbeat | Payload: 18/07/2025 11:51:25
[2025-07-18 11:51:25] Heartbeat: 18/07/2025 11:51:25
[MQTT] Mensagem recebida - Tópico: monitoramento/temperatura | Payload: Erro ao ler temperatura
[MQTT] Mensagem recebida - Tópico: monitoramento/umidade | Payload: Erro ao ler umidade
[MQTT] Mensagem recebida - Tópico: monitoramento/heartbeat | Payload: 18/07/2025 11:51:25
[2025-07-18 11:51:25] Heartbeat: 18/07/2025 11:51:25
[MQTT] Mensagem recebida - Tópico: monitoramento/temperatura | Payload: Erro ao ler temperatura
[MQTT] Mensagem recebida - Tópico: monitoramento/umidade | Payload: Erro ao ler umidade
[MQTT] Mensagem recebida - Tópico: monitoramento/heartbeat | Payload: 18/07/2025 11:51:25
[2025-07-18 11:51:25] Heartbeat: 18/07/2025 11:51:25
[MQTT] Mensagem recebida - Tópico: monitoramento/temperatura | Payload: Erro ao ler temperatura
[MQTT] Mensagem recebida - Tópico: monitoramento/umidade | Payload: Erro ao ler umidade
[MQTT] Mensagem recebida - Tópico: monitoramento/heartbeat | Payload: 18/07/2025 11:51:25
[2025-07-18 11:51:25] Heartbeat: 18/07/2025 11:51:25
[MQTT] Mensagem recebida - Tópico: monitoramento/temperatura | Payload: Erro ao ler temperatura
[MQTT] Mensagem recebida - Tópico: monitoramento/umidade | Payload: Erro ao ler umidade
[MQTT] Mensagem recebida - Tópico: monitoramento/heartbeat | Payload: 18/07/2025 11:51:25
[2025-07-18 11:51:25] Heartbeat: 18/07/2025 11:51:25
[MQTT] Mensagem recebida - Tópico: monitoramento/temperatura | Payload: Erro ao ler temperatura
[MQTT] Mensagem recebida - Tópico: monitoramento/umidade | Payload: Erro ao ler umidade
[MQTT] Mensagem recebida - Tópico: monitoramento/heartbeat | Payload: 18/07/2025 11:51:25
[2025-07-18 11:51:25] Heartbeat: 18/07/2025 11:51:25
[MQTT] Mensagem recebida - Tópico: monitoramento/temperatura | Payload: Erro ao ler temperatura
[MQTT] Mensagem recebida - Tópico: monitoramento/umidade | Payload: Erro ao ler umidade
[MQTT] Mensagem recebida - Tópico: monitoramento/heartbeat | Payload: 18/07/2025 11:51:25
[2025-07-18 11:51:25] Heartbeat: 18/07/2025 11:51:25
[MQTT] Mensagem recebida - Tópico: monitoramento/temperatura | Payload: Erro ao ler temperatura
[MQTT] Mensagem recebida - Tópico: monitoramento/umidade | Payload: Erro ao ler umidade
[MQTT] Mensagem recebida - Tópico: monitoramento/heartbeat | Payload: 18/07/2025 11:51:25
[2025-07-18 11:51:25] Heartbeat: 18/07/2025 11:51:25
[MQTT] Mensagem recebida - Tópico: monitoramento/temperatura | Payload: Erro ao ler temperatura
[MQTT] Mensagem recebida - Tópico: monitoramento/umidade | Payload: Erro ao ler umidade
[MQTT] Mensagem recebida - Tópico: monitoramento/heartbeat | Payload: 18/07/2025 11:51:25
[2025-07-18 11:51:25] Heartbeat: 18/07/2025 11:51:25
[MQTT] Mensagem recebida - Tópico: monitoramento/temperatura | Payload: Erro ao ler temperatura
[MQTT] Mensagem recebida - Tópico: monitoramento/umidade | Payload: Erro ao ler umidade
[MQTT] Mensagem recebida - Tópico: monitoramento/heartbeat | Payload: 18/07/2025 11:51:25
[2025-07-18 11:51:25] Heartbeat: 18/07/2025 11:51:25
[MQTT] Mensagem recebida - Tópico: monitoramento/temperatura | Payload: Erro ao ler temperatura
[MQTT] Mensagem recebida - Tópico: monitoramento/umidade | Payload: Erro ao ler umidade
[MQTT] Mensagem recebida - Tópico: monitoramento/heartbeat | Payload: 18/07/2025 11:51:25
[2025-07-18 11:51:25] Heartbeat: 18/07/2025 11:51:25
[MQTT] Mensagem recebida - Tópico: monitoramento/temperatura | Payload: Erro ao ler temperatura
[MQTT] Mensagem recebida - Tópico: monitoramento/umidade | Payload: Erro ao ler umidade
[MQTT] Mensagem recebida - Tópico: monitoramento/heartbeat | Payload: 18/07/2025 11:51:25
[2025-07-18 11:51:26] Heartbeat: 18/07/2025 11:51:25
[MQTT] Mensagem recebida - Tópico: monitoramento/temperatura | Payload: Erro ao ler temperatura
[MQTT] Mensagem recebida - Tópico: monitoramento/umidade | Payload: Erro ao ler umidade
[MQTT] Mensagem recebida - Tópico: monitoramento/heartbeat | Payload: 18/07/2025 11:51:26
[2025-07-18 11:51:26] Heartbeat: 18/07/2025 11:51:26
[MQTT] Mensagem recebida - Tópico: monitoramento/temperatura | Payload: Erro ao ler temperatura
[MQTT] Mensagem recebida - Tópico: monitoramento/umidade | Payload: Erro ao ler umidade
[MQTT] Mensagem recebida - Tópico: monitoramento/heartbeat | Payload: 18/07/2025 11:51:26
[2025-07-18 11:51:26] Heartbeat: 18/07/2025 11:51:26
[MQTT] Mensagem recebida - Tópico: monitoramento/temperatura | Payload: Erro ao ler temperatura
[MQTT] Mensagem recebida - Tópico: monitoramento/umidade | Payload: Erro ao ler umidade
[MQTT] Mensagem recebida - Tópico: monitoramento/heartbeat | Payload: 18/07/2025 11:51:26
[2025-07-18 11:51:26] Heartbeat: 18/07/2025 11:51:26
[MQTT] Mensagem recebida - Tópico: monitoramento/temperatura | Payload: Erro ao ler temperatura
[MQTT] Mensagem recebida - Tópico: monitoramento/umidade | Payload: Erro ao ler umidade
[MQTT] Mensagem recebida - Tópico: monitoramento/heartbeat | Payload: 18/07/2025 11:51:26
[2025-07-18 11:51:26] Heartbeat: 18/07/2025 11:51:26
[MQTT] Mensagem recebida - Tópico: monitoramento/temperatura | Payload: Erro ao ler temperatura
[MQTT] Mensagem recebida - Tópico: monitoramento/umidade | Payload: Erro ao ler umidade
[MQTT] Mensagem recebida - Tópico: monitoramento/heartbeat | Payload: 18/07/2025 11:51:26
[2025-07-18 11:51:26] Heartbeat: 18/07/2025 11:51:26
[MQTT] Mensagem recebida - Tópico: monitoramento/temperatura | Payload: Erro ao ler temperatura
[MQTT] Mensagem recebida - Tópico: monitoramento/umidade | Payload: Erro ao ler umidade
[MQTT] Mensagem recebida - Tópico: monitoramento/heartbeat | Payload: 18/07/2025 11:51:26
[2025-07-18 11:51:26] Heartbeat: 18/07/2025 11:51:26
[MQTT] Mensagem recebida - Tópico: monitoramento/temperatura | Payload: Erro ao ler temperatura
[MQTT] Mensagem recebida - Tópico: monitoramento/umidade | Payload: Erro ao ler umidade
[MQTT] Mensagem recebida - Tópico: monitoramento/heartbeat | Payload: 18/07/2025 11:51:26
[2025-07-18 11:51:26] Heartbeat: 18/07/2025 11:51:26
[MQTT] Mensagem recebida - Tópico: monitoramento/temperatura | Payload: Erro ao ler temperatura
[MQTT] Mensagem recebida - Tópico: monitoramento/umidade | Payload: Erro ao ler umidade
[MQTT] Mensagem recebida - Tópico: monitoramento/heartbeat | Payload: 18/07/2025 11:51:26
[2025-07-18 11:51:26] Heartbeat: 18/07/2025 11:51:26
[MQTT] Mensagem recebida - Tópico: monitoramento/temperatura | Payload: Erro ao ler temperatura
[MQTT] Mensagem recebida - Tópico: monitoramento/umidade | Payload: Erro ao ler umidade
[MQTT] Mensagem recebida - Tópico: monitoramento/heartbeat | Payload: 18/07/2025 11:51:26
[2025-07-18 11:51:26] Heartbeat: 18/07/2025 11:51:26
[MQTT] Mensagem recebida - Tópico: monitoramento/temperatura | Payload: Erro ao ler temperatura
[MQTT] Mensagem recebida - Tópico: monitoramento/umidade | Payload: Erro ao ler umidade
[MQTT] Mensagem recebida - Tópico: monitoramento/heartbeat | Payload: 18/07/2025 11:51:26
[2025-07-18 11:51:26] Heartbeat: 18/07/2025 11:51:26
[MQTT] Mensagem recebida - Tópico: monitoramento/temperatura | Payload: Erro ao ler temperatura
[MQTT] Mensagem recebida - Tópico: monitoramento/umidade | Payload: Erro ao ler umidade
[MQTT] Mensagem recebida - Tópico: monitoramento/heartbeat | Payload: 18/07/2025 11:51:26
[2025-07-18 11:51:26] Heartbeat: 18/07/2025 11:51:26
[MQTT] Mensagem recebida - Tópico: monitoramento/temperatura | Payload: Erro ao ler temperatura
[MQTT] Mensagem recebida - Tópico: monitoramento/umidade | Payload: Erro ao ler umidade
[MQTT] Mensagem recebida - Tópico: monitoramento/heartbeat | Payload: 18/07/2025 11:51:26
[2025-07-18 11:51:26] Heartbeat: 18/07/2025 11:51:26
[MQTT] Mensagem recebida - Tópico: monitoramento/temperatura | Payload: Erro ao ler temperatura
[MQTT] Mensagem recebida - Tópico: monitoramento/umidade | Payload: Erro ao ler umidade
[MQTT] Mensagem recebida - Tópico: monitoramento/heartbeat | Payload: 18/07/2025 11:51:26
[2025-07-18 11:51:26] Heartbeat: 18/07/2025 11:51:26
[MQTT] Mensagem recebida - Tópico: monitoramento/temperatura | Payload: Erro ao ler temperatura
[MQTT] Mensagem recebida - Tópico: monitoramento/umidade | Payload: Erro ao ler umidade
[MQTT] Mensagem recebida - Tópico: monitoramento/heartbeat | Payload: 18/07/2025 11:51:26
[2025-07-18 11:51:26] Heartbeat: 18/07/2025 11:51:26
[MQTT] Mensagem recebida - Tópico: monitoramento/temperatura | Payload: Erro ao ler temperatura
[MQTT] Mensagem recebida - Tópico: monitoramento/umidade | Payload: Erro ao ler umidade
[MQTT] Mensagem recebida - Tópico: monitoramento/heartbeat | Payload: 18/07/2025 11:51:26
[2025-07-18 11:51:26] Heartbeat: 18/07/2025 11:51:26
[MQTT] Mensagem recebida - Tópico: monitoramento/temperatura | Payload: Erro ao ler temperatura
[MQTT] Mensagem recebida - Tópico: monitoramento/umidade | Payload: Erro ao ler umidade
[MQTT] Mensagem recebida - Tópico: monitoramento/heartbeat | Payload: 18/07/2025 11:51:26
[2025-07-18 11:51:26] Heartbeat: 18/07/2025 11:51:26
[MQTT] Mensagem recebida - Tópico: monitoramento/temperatura | Payload: Erro ao ler temperatura
[MQTT] Mensagem recebida - Tópico: monitoramento/umidade | Payload: Erro ao ler umidade
[MQTT] Mensagem recebida - Tópico: monitoramento/heartbeat | Payload: 18/07/2025 11:51:26
[2025-07-18 11:51:26] Heartbeat: 18/07/2025 11:51:26
[MQTT] Mensagem recebida - Tópico: monitoramento/temperatura | Payload: Erro ao ler temperatura
[MQTT] Mensagem recebida - Tópico: monitoramento/umidade | Payload: Erro ao ler umidade
[MQTT] Mensagem recebida - Tópico: monitoramento/heartbeat | Payload: 18/07/2025 11:51:26
[2025-07-18 11:51:26] Heartbeat: 18/07/2025 11:51:26
[MQTT] Mensagem recebida - Tópico: monitoramento/temperatura | Payload: 33.30
2025-07-18 11:52:08.632987 - Erro ao inserir no banco: Incorrect double value: 'Erro ao ler umidade' for column `monitoramento`.`valores`.`umidade` at row 1
2025-07-18 11:52:08.634013 - Conectado ao banco com sucesso
[2025-07-18 11:52:08] Dados salvos: T=33.30, U=Erro ao ler umidade
[MQTT] Mensagem recebida - Tópico: monitoramento/heartbeat | Payload: 18/07/2025 11:52:08
[2025-07-18 11:52:08] Heartbeat: 18/07/2025 11:52:08
[MQTT] Mensagem recebida - Tópico: monitoramento/umidade | Payload: 32.50
2025-07-18 11:55:39.620775 - Dado inserido: T=33.30, U=32.50
[2025-07-18 11:55:39] Dados salvos: T=33.30, U=32.50
[MQTT] Mensagem recebida - Tópico: monitoramento/heartbeat | Payload: 18/07/2025 11:55:39
[2025-07-18 11:55:39] Heartbeat: 18/07/2025 11:55:39
[MQTT] Mensagem recebida - Tópico: monitoramento/umidade | Payload: 33.50
2025-07-18 11:56:01.567302 - Dado inserido: T=33.30, U=33.50
[2025-07-18 11:56:01] Dados salvos: T=33.30, U=33.50
[MQTT] Mensagem recebida - Tópico: monitoramento/heartbeat | Payload: 18/07/2025 11:56:01
[2025-07-18 11:56:01] Heartbeat: 18/07/2025 11:56:01
[MQTT] Mensagem recebida - Tópico: monitoramento/temperatura | Payload: 32.30
2025-07-18 11:56:17.610031 - Dado inserido: T=32.30, U=33.50
[2025-07-18 11:56:17] Dados salvos: T=32.30, U=33.50
[MQTT] Mensagem recebida - Tópico: monitoramento/heartbeat | Payload: 18/07/2025 11:56:17
[2025-07-18 11:56:17] Heartbeat: 18/07/2025 11:56:17
[MQTT] Mensagem recebida - Tópico: monitoramento/umidade | Payload: 34.70
2025-07-18 11:56:25.624694 - Dado inserido: T=32.30, U=34.70
[2025-07-18 11:56:25] Dados salvos: T=32.30, U=34.70
[MQTT] Mensagem recebida - Tópico: monitoramento/heartbeat | Payload: 18/07/2025 11:56:25
[2025-07-18 11:56:25] Heartbeat: 18/07/2025 11:56:25
[MQTT] Mensagem recebida - Tópico: monitoramento/temperatura | Payload: 31.30
2025-07-18 11:56:37.653869 - Dado inserido: T=31.30, U=34.70
[2025-07-18 11:56:37] Dados salvos: T=31.30, U=34.70
[MQTT] Mensagem recebida - Tópico: monitoramento/heartbeat | Payload: 18/07/2025 11:56:37
[2025-07-18 11:56:37] Heartbeat: 18/07/2025 11:56:37
[MQTT] Mensagem recebida - Tópico: monitoramento/umidade | Payload: 35.80
2025-07-18 11:56:39.590086 - Dado inserido: T=31.30, U=35.80
[2025-07-18 11:56:39] Dados salvos: T=31.30, U=35.80
[MQTT] Mensagem recebida - Tópico: monitoramento/heartbeat | Payload: 18/07/2025 11:56:39
[2025-07-18 11:56:39] Heartbeat: 18/07/2025 11:56:39
[MQTT] Mensagem recebida - Tópico: monitoramento/umidade | Payload: 36.10
2025-07-18 11:56:47.948502 - Dado inserido: T=31.30, U=36.10
[2025-07-18 11:56:47] Dados salvos: T=31.30, U=36.10
[MQTT] Mensagem recebida - Tópico: monitoramento/heartbeat | Payload: 18/07/2025 11:56:47
[2025-07-18 11:56:47] Heartbeat: 18/07/2025 11:56:47
[MQTT] Mensagem recebida - Tópico: monitoramento/temperatura | Payload: 31.10
2025-07-18 11:56:48.291376 - Dado inserido: T=31.10, U=36.10
[2025-07-18 11:56:47] Dados salvos: T=31.10, U=36.10
[MQTT] Mensagem recebida - Tópico: monitoramento/heartbeat | Payload: 18/07/2025 11:56:47
[2025-07-18 11:56:48] Heartbeat: 18/07/2025 11:56:47
[MQTT] Mensagem recebida - Tópico: monitoramento/umidade | Payload: 37.20
2025-07-18 11:56:57.984358 - Dado inserido: T=31.10, U=37.20
2025-07-18 11:57:01.540617 - Duplicatas removidas com sucesso
[2025-07-18 11:56:57] Dados salvos: T=31.10, U=37.20
[MQTT] Mensagem recebida - Tópico: monitoramento/heartbeat | Payload: 18/07/2025 11:56:56
[2025-07-18 11:57:01] Heartbeat: 18/07/2025 11:56:56
[MQTT] Mensagem recebida - Tópico: monitoramento/temperatura | Payload: 30.10
2025-07-18 11:57:05.918093 - Dado inserido: T=30.10, U=37.20
[2025-07-18 11:57:05] Dados salvos: T=30.10, U=37.20
[MQTT] Mensagem recebida - Tópico: monitoramento/heartbeat | Payload: 18/07/2025 11:57:04
[2025-07-18 11:57:05] Heartbeat: 18/07/2025 11:57:04
[MQTT] Mensagem recebida - Tópico: monitoramento/umidade | Payload: 38.40
2025-07-18 11:57:14.028012 - Dado inserido: T=30.10, U=38.40
[2025-07-18 11:57:13] Dados salvos: T=30.10, U=38.40
[MQTT] Mensagem recebida - Tópico: monitoramento/heartbeat | Payload: 18/07/2025 11:57:13
[2025-07-18 11:57:14] Heartbeat: 18/07/2025 11:57:13
[MQTT] Mensagem recebida - Tópico: monitoramento/umidade | Payload: 39.60
2025-07-18 11:57:30.107182 - Dado inserido: T=30.10, U=39.60
[2025-07-18 11:57:29] Dados salvos: T=30.10, U=39.60
[MQTT] Mensagem recebida - Tópico: monitoramento/heartbeat | Payload: 18/07/2025 11:57:29
[2025-07-18 11:57:30] Heartbeat: 18/07/2025 11:57:29
[MQTT] Mensagem recebida - Tópico: monitoramento/temperatura | Payload: 29.10
2025-07-18 11:57:36.064791 - Dado inserido: T=29.10, U=39.60
[2025-07-18 11:57:35] Dados salvos: T=29.10, U=39.60
[MQTT] Mensagem recebida - Tópico: monitoramento/heartbeat | Payload: 18/07/2025 11:57:35
[2025-07-18 11:57:36] Heartbeat: 18/07/2025 11:57:35
[MQTT] Mensagem recebida - Tópico: monitoramento/umidade | Payload: 40.80
2025-07-18 11:57:56.092403 - Dado inserido: T=29.10, U=40.80
[2025-07-18 11:57:55] Dados salvos: T=29.10, U=40.80
[MQTT] Mensagem recebida - Tópico: monitoramento/heartbeat | Payload: 18/07/2025 11:57:55
[2025-07-18 11:57:56] Heartbeat: 18/07/2025 11:57:55
[MQTT] Mensagem recebida - Tópico: monitoramento/umidade | Payload: 39.50
2025-07-18 11:58:42.297879 - Dado inserido: T=29.10, U=39.50
[2025-07-18 11:58:41] Dados salvos: T=29.10, U=39.50
[MQTT] Mensagem recebida - Tópico: monitoramento/heartbeat | Payload: 18/07/2025 11:58:41
[2025-07-18 11:58:42] Heartbeat: 18/07/2025 11:58:41
[MQTT] Mensagem recebida - Tópico: monitoramento/temperatura | Payload: 30.00
2025-07-18 11:58:42.640045 - Dado inserido: T=30.00, U=39.50
[2025-07-18 11:58:42] Dados salvos: T=30.00, U=39.50
[MQTT] Mensagem recebida - Tópico: monitoramento/heartbeat | Payload: 18/07/2025 11:58:41
[2025-07-18 11:58:42] Heartbeat: 18/07/2025 11:58:41
[MQTT] Mensagem recebida - Tópico: monitoramento/umidade | Payload: 38.30
2025-07-18 11:59:08.266367 - Dado inserido: T=30.00, U=38.30
[2025-07-18 11:59:07] Dados salvos: T=30.00, U=38.30
[MQTT] Mensagem recebida - Tópico: monitoramento/heartbeat | Payload: 18/07/2025 11:59:07
[2025-07-18 11:59:08] Heartbeat: 18/07/2025 11:59:07
[MQTT] Mensagem recebida - Tópico: monitoramento/temperatura | Payload: Erro ao ler temperatura
2025-07-18 11:59:20.348012 - Erro ao inserir no banco: Incorrect double value: 'Erro ao ler temperatura' for column `monitoramento`.`valores`.`temperatura` at row 1
2025-07-18 11:59:20.349076 - Conectado ao banco com sucesso
[2025-07-18 11:59:19] Dados salvos: T=Erro ao ler temperatura, U=38.30
[MQTT] Mensagem recebida - Tópico: monitoramento/umidade | Payload: Erro ao ler umidade
2025-07-18 11:59:20.683678 - Erro ao inserir no banco: Incorrect double value: 'Erro ao ler temperatura' for column `monitoramento`.`valores`.`temperatura` at row 1
2025-07-18 11:59:20.684748 - Conectado ao banco com sucesso
[2025-07-18 11:59:20] Dados salvos: T=Erro ao ler temperatura, U=Erro ao ler umidade
[MQTT] Mensagem recebida - Tópico: monitoramento/heartbeat | Payload: 18/07/2025 11:59:19
[2025-07-18 11:59:20] Heartbeat: 18/07/2025 11:59:19
[MQTT] Mensagem recebida - Tópico: monitoramento/temperatura | Payload: Erro ao ler temperatura
[MQTT] Mensagem recebida - Tópico: monitoramento/umidade | Payload: Erro ao ler umidade
[MQTT] Mensagem recebida - Tópico: monitoramento/heartbeat | Payload: 18/07/2025 11:59:19
[2025-07-18 11:59:20] Heartbeat: 18/07/2025 11:59:19
[MQTT] Mensagem recebida - Tópico: monitoramento/temperatura | Payload: Erro ao ler temperatura
[MQTT] Mensagem recebida - Tópico: monitoramento/umidade | Payload: Erro ao ler umidade
[MQTT] Mensagem recebida - Tópico: monitoramento/heartbeat | Payload: 18/07/2025 11:59:19
[2025-07-18 11:59:20] Heartbeat: 18/07/2025 11:59:19
[MQTT] Mensagem recebida - Tópico: monitoramento/temperatura | Payload: Erro ao ler temperatura
[MQTT] Mensagem recebida - Tópico: monitoramento/umidade | Payload: Erro ao ler umidade
[MQTT] Mensagem recebida - Tópico: monitoramento/heartbeat | Payload: 18/07/2025 11:59:19
[2025-07-18 11:59:20] Heartbeat: 18/07/2025 11:59:19
[MQTT] Mensagem recebida - Tópico: monitoramento/temperatura | Payload: Erro ao ler temperatura
[MQTT] Mensagem recebida - Tópico: monitoramento/umidade | Payload: Erro ao ler umidade
[MQTT] Mensagem recebida - Tópico: monitoramento/heartbeat | Payload: 18/07/2025 11:59:19
[2025-07-18 11:59:20] Heartbeat: 18/07/2025 11:59:19
[MQTT] Mensagem recebida - Tópico: monitoramento/temperatura | Payload: Erro ao ler temperatura
[MQTT] Mensagem recebida - Tópico: monitoramento/umidade | Payload: Erro ao ler umidade
[MQTT] Mensagem recebida - Tópico: monitoramento/heartbeat | Payload: 18/07/2025 11:59:19
[2025-07-18 11:59:20] Heartbeat: 18/07/2025 11:59:19
[MQTT] Mensagem recebida - Tópico: monitoramento/temperatura | Payload: Erro ao ler temperatura
[MQTT] Mensagem recebida - Tópico: monitoramento/umidade | Payload: Erro ao ler umidade
[MQTT] Mensagem recebida - Tópico: monitoramento/heartbeat | Payload: 18/07/2025 11:59:19
[2025-07-18 11:59:20] Heartbeat: 18/07/2025 11:59:19
[MQTT] Mensagem recebida - Tópico: monitoramento/temperatura | Payload: Erro ao ler temperatura
[MQTT] Mensagem recebida - Tópico: monitoramento/umidade | Payload: Erro ao ler umidade
[MQTT] Mensagem recebida - Tópico: monitoramento/heartbeat | Payload: 18/07/2025 11:59:19
[2025-07-18 11:59:20] Heartbeat: 18/07/2025 11:59:19
[MQTT] Mensagem recebida - Tópico: monitoramento/temperatura | Payload: Erro ao ler temperatura
[MQTT] Mensagem recebida - Tópico: monitoramento/umidade | Payload: Erro ao ler umidade
[MQTT] Mensagem recebida - Tópico: monitoramento/heartbeat | Payload: 18/07/2025 11:59:19
[2025-07-18 11:59:20] Heartbeat: 18/07/2025 11:59:19
[MQTT] Mensagem recebida - Tópico: monitoramento/temperatura | Payload: Erro ao ler temperatura
[MQTT] Mensagem recebida - Tópico: monitoramento/umidade | Payload: Erro ao ler umidade
[MQTT] Mensagem recebida - Tópico: monitoramento/heartbeat | Payload: 18/07/2025 11:59:19
[2025-07-18 11:59:20] Heartbeat: 18/07/2025 11:59:19
[MQTT] Mensagem recebida - Tópico: monitoramento/temperatura | Payload: Erro ao ler temperatura
[MQTT] Mensagem recebida - Tópico: monitoramento/umidade | Payload: Erro ao ler umidade
[MQTT] Mensagem recebida - Tópico: monitoramento/heartbeat | Payload: 18/07/2025 11:59:19
[2025-07-18 11:59:20] Heartbeat: 18/07/2025 11:59:19
[MQTT] Mensagem recebida - Tópico: monitoramento/temperatura | Payload: Erro ao ler temperatura
[MQTT] Mensagem recebida - Tópico: monitoramento/umidade | Payload: Erro ao ler umidade
[MQTT] Mensagem recebida - Tópico: monitoramento/heartbeat | Payload: 18/07/2025 11:59:19
[2025-07-18 11:59:20] Heartbeat: 18/07/2025 11:59:19
[MQTT] Mensagem recebida - Tópico: monitoramento/temperatura | Payload: Erro ao ler temperatura
[MQTT] Mensagem recebida - Tópico: monitoramento/umidade | Payload: Erro ao ler umidade
[MQTT] Mensagem recebida - Tópico: monitoramento/heartbeat | Payload: 18/07/2025 11:59:19
[2025-07-18 11:59:20] Heartbeat: 18/07/2025 11:59:19
[MQTT] Mensagem recebida - Tópico: monitoramento/temperatura | Payload: Erro ao ler temperatura
[MQTT] Mensagem recebida - Tópico: monitoramento/umidade | Payload: Erro ao ler umidade
[MQTT] Mensagem recebida - Tópico: monitoramento/heartbeat | Payload: 18/07/2025 11:59:19
[2025-07-18 11:59:20] Heartbeat: 18/07/2025 11:59:19
[MQTT] Mensagem recebida - Tópico: monitoramento/temperatura | Payload: Erro ao ler temperatura
[MQTT] Mensagem recebida - Tópico: monitoramento/umidade | Payload: Erro ao ler umidade
[MQTT] Mensagem recebida - Tópico: monitoramento/heartbeat | Payload: 18/07/2025 11:59:19
[2025-07-18 11:59:20] Heartbeat: 18/07/2025 11:59:19
[MQTT] Mensagem recebida - Tópico: monitoramento/temperatura | Payload: Erro ao ler temperatura
[MQTT] Mensagem recebida - Tópico: monitoramento/umidade | Payload: Erro ao ler umidade
[MQTT] Mensagem recebida - Tópico: monitoramento/heartbeat | Payload: 18/07/2025 11:59:19
[2025-07-18 11:59:20] Heartbeat: 18/07/2025 11:59:19
[MQTT] Mensagem recebida - Tópico: monitoramento/temperatura | Payload: Erro ao ler temperatura
[MQTT] Mensagem recebida - Tópico: monitoramento/umidade | Payload: Erro ao ler umidade
[MQTT] Mensagem recebida - Tópico: monitoramento/heartbeat | Payload: 18/07/2025 11:59:19
[2025-07-18 11:59:20] Heartbeat: 18/07/2025 11:59:19
[MQTT] Mensagem recebida - Tópico: monitoramento/temperatura | Payload: Erro ao ler temperatura
[MQTT] Mensagem recebida - Tópico: monitoramento/umidade | Payload: Erro ao ler umidade
[MQTT] Mensagem recebida - Tópico: monitoramento/heartbeat | Payload: 18/07/2025 11:59:19
[2025-07-18 11:59:20] Heartbeat: 18/07/2025 11:59:19
[MQTT] Mensagem recebida - Tópico: monitoramento/temperatura | Payload: Erro ao ler temperatura
[MQTT] Mensagem recebida - Tópico: monitoramento/umidade | Payload: Erro ao ler umidade
[MQTT] Mensagem recebida - Tópico: monitoramento/heartbeat | Payload: 18/07/2025 11:59:19
[2025-07-18 11:59:20] Heartbeat: 18/07/2025 11:59:19
[MQTT] Mensagem recebida - Tópico: monitoramento/temperatura | Payload: Erro ao ler temperatura
[MQTT] Mensagem recebida - Tópico: monitoramento/umidade | Payload: Erro ao ler umidade
[MQTT] Mensagem recebida - Tópico: monitoramento/heartbeat | Payload: 18/07/2025 11:59:19
[2025-07-18 11:59:20] Heartbeat: 18/07/2025 11:59:19
[MQTT] Mensagem recebida - Tópico: monitoramento/temperatura | Payload: Erro ao ler temperatura
[MQTT] Mensagem recebida - Tópico: monitoramento/umidade | Payload: Erro ao ler umidade
[MQTT] Mensagem recebida - Tópico: monitoramento/heartbeat | Payload: 18/07/2025 11:59:19
[2025-07-18 11:59:20] Heartbeat: 18/07/2025 11:59:19
[MQTT] Mensagem recebida - Tópico: monitoramento/temperatura | Payload: Erro ao ler temperatura
[MQTT] Mensagem recebida - Tópico: monitoramento/umidade | Payload: Erro ao ler umidade
[MQTT] Mensagem recebida - Tópico: monitoramento/heartbeat | Payload: 18/07/2025 11:59:19
[2025-07-18 11:59:20] Heartbeat: 18/07/2025 11:59:19
[MQTT] Mensagem recebida - Tópico: monitoramento/temperatura | Payload: Erro ao ler temperatura
[MQTT] Mensagem recebida - Tópico: monitoramento/umidade | Payload: Erro ao ler umidade
[MQTT] Mensagem recebida - Tópico: monitoramento/heartbeat | Payload: 18/07/2025 11:59:19
[2025-07-18 11:59:20] Heartbeat: 18/07/2025 11:59:19
[MQTT] Mensagem recebida - Tópico: monitoramento/temperatura | Payload: Erro ao ler temperatura
[MQTT] Mensagem recebida - Tópico: monitoramento/umidade | Payload: Erro ao ler umidade
[MQTT] Mensagem recebida - Tópico: monitoramento/heartbeat | Payload: 18/07/2025 11:59:19
[2025-07-18 11:59:20] Heartbeat: 18/07/2025 11:59:19
[MQTT] Mensagem recebida - Tópico: monitoramento/temperatura | Payload: Erro ao ler temperatura
[MQTT] Mensagem recebida - Tópico: monitoramento/umidade | Payload: Erro ao ler umidade
[MQTT] Mensagem recebida - Tópico: monitoramento/heartbeat | Payload: 18/07/2025 11:59:19
[2025-07-18 11:59:20] Heartbeat: 18/07/2025 11:59:19
[MQTT] Mensagem recebida - Tópico: monitoramento/temperatura | Payload: Erro ao ler temperatura
[MQTT] Mensagem recebida - Tópico: monitoramento/umidade | Payload: Erro ao ler umidade
[MQTT] Mensagem recebida - Tópico: monitoramento/heartbeat | Payload: 18/07/2025 11:59:19
[2025-07-18 11:59:20] Heartbeat: 18/07/2025 11:59:19
[MQTT] Mensagem recebida - Tópico: monitoramento/temperatura | Payload: Erro ao ler temperatura
[MQTT] Mensagem recebida - Tópico: monitoramento/umidade | Payload: Erro ao ler umidade
[MQTT] Mensagem recebida - Tópico: monitoramento/heartbeat | Payload: 18/07/2025 11:59:19
[2025-07-18 11:59:20] Heartbeat: 18/07/2025 11:59:19
[MQTT] Mensagem recebida - Tópico: monitoramento/temperatura | Payload: Erro ao ler temperatura
[MQTT] Mensagem recebida - Tópico: monitoramento/umidade | Payload: Erro ao ler umidade
[MQTT] Mensagem recebida - Tópico: monitoramento/heartbeat | Payload: 18/07/2025 11:59:19
[2025-07-18 11:59:20] Heartbeat: 18/07/2025 11:59:19
[MQTT] Mensagem recebida - Tópico: monitoramento/temperatura | Payload: Erro ao ler temperatura
[MQTT] Mensagem recebida - Tópico: monitoramento/umidade | Payload: Erro ao ler umidade
[MQTT] Mensagem recebida - Tópico: monitoramento/heartbeat | Payload: 18/07/2025 11:59:19
[2025-07-18 11:59:20] Heartbeat: 18/07/2025 11:59:19
[MQTT] Mensagem recebida - Tópico: monitoramento/temperatura | Payload: Erro ao ler temperatura
[MQTT] Mensagem recebida - Tópico: monitoramento/umidade | Payload: Erro ao ler umidade
[MQTT] Mensagem recebida - Tópico: monitoramento/heartbeat | Payload: 18/07/2025 11:59:19
[2025-07-18 11:59:20] Heartbeat: 18/07/2025 11:59:19
[MQTT] Mensagem recebida - Tópico: monitoramento/temperatura | Payload: Erro ao ler temperatura
[MQTT] Mensagem recebida - Tópico: monitoramento/umidade | Payload: Erro ao ler umidade
[MQTT] Mensagem recebida - Tópico: monitoramento/heartbeat | Payload: 18/07/2025 11:59:20
[2025-07-18 11:59:20] Heartbeat: 18/07/2025 11:59:20
[MQTT] Mensagem recebida - Tópico: monitoramento/temperatura | Payload: Erro ao ler temperatura
[MQTT] Mensagem recebida - Tópico: monitoramento/umidade | Payload: Erro ao ler umidade
[MQTT] Mensagem recebida - Tópico: monitoramento/heartbeat | Payload: 18/07/2025 11:59:20
[2025-07-18 11:59:20] Heartbeat: 18/07/2025 11:59:20
[MQTT] Mensagem recebida - Tópico: monitoramento/temperatura | Payload: Erro ao ler temperatura
[MQTT] Mensagem recebida - Tópico: monitoramento/umidade | Payload: Erro ao ler umidade
[MQTT] Mensagem recebida - Tópico: monitoramento/heartbeat | Payload: 18/07/2025 11:59:20
[2025-07-18 11:59:20] Heartbeat: 18/07/2025 11:59:20
[MQTT] Mensagem recebida - Tópico: monitoramento/temperatura | Payload: Erro ao ler temperatura
[MQTT] Mensagem recebida - Tópico: monitoramento/umidade | Payload: Erro ao ler umidade
[MQTT] Mensagem recebida - Tópico: monitoramento/heartbeat | Payload: 18/07/2025 11:59:20
[2025-07-18 11:59:20] Heartbeat: 18/07/2025 11:59:20
[MQTT] Mensagem recebida - Tópico: monitoramento/temperatura | Payload: Erro ao ler temperatura
[MQTT] Mensagem recebida - Tópico: monitoramento/umidade | Payload: Erro ao ler umidade
[MQTT] Mensagem recebida - Tópico: monitoramento/heartbeat | Payload: 18/07/2025 11:59:20
[2025-07-18 11:59:21] Heartbeat: 18/07/2025 11:59:20
[MQTT] Mensagem recebida - Tópico: monitoramento/temperatura | Payload: Erro ao ler temperatura
[MQTT] Mensagem recebida - Tópico: monitoramento/umidade | Payload: Erro ao ler umidade
[MQTT] Mensagem recebida - Tópico: monitoramento/heartbeat | Payload: 18/07/2025 11:59:20
[2025-07-18 11:59:21] Heartbeat: 18/07/2025 11:59:20
[MQTT] Mensagem recebida - Tópico: monitoramento/temperatura | Payload: Erro ao ler temperatura
[MQTT] Mensagem recebida - Tópico: monitoramento/umidade | Payload: Erro ao ler umidade
[MQTT] Mensagem recebida - Tópico: monitoramento/heartbeat | Payload: 18/07/2025 11:59:20
[2025-07-18 11:59:21] Heartbeat: 18/07/2025 11:59:20
[MQTT] Mensagem recebida - Tópico: monitoramento/temperatura | Payload: Erro ao ler temperatura
[MQTT] Mensagem recebida - Tópico: monitoramento/umidade | Payload: Erro ao ler umidade
[MQTT] Mensagem recebida - Tópico: monitoramento/heartbeat | Payload: 18/07/2025 11:59:20
[2025-07-18 11:59:21] Heartbeat: 18/07/2025 11:59:20
[MQTT] Mensagem recebida - Tópico: monitoramento/temperatura | Payload: Erro ao ler temperatura
[MQTT] Mensagem recebida - Tópico: monitoramento/umidade | Payload: Erro ao ler umidade
[MQTT] Mensagem recebida - Tópico: monitoramento/heartbeat | Payload: 18/07/2025 11:59:20
[2025-07-18 11:59:21] Heartbeat: 18/07/2025 11:59:20
[MQTT] Mensagem recebida - Tópico: monitoramento/temperatura | Payload: Erro ao ler temperatura
[MQTT] Mensagem recebida - Tópico: monitoramento/umidade | Payload: Erro ao ler umidade
[MQTT] Mensagem recebida - Tópico: monitoramento/heartbeat | Payload: 18/07/2025 11:59:20
[2025-07-18 11:59:21] Heartbeat: 18/07/2025 11:59:20
[MQTT] Mensagem recebida - Tópico: monitoramento/temperatura | Payload: Erro ao ler temperatura
[MQTT] Mensagem recebida - Tópico: monitoramento/umidade | Payload: Erro ao ler umidade
[MQTT] Mensagem recebida - Tópico: monitoramento/heartbeat | Payload: 18/07/2025 11:59:20
[2025-07-18 11:59:21] Heartbeat: 18/07/2025 11:59:20
[MQTT] Mensagem recebida - Tópico: monitoramento/temperatura | Payload: Erro ao ler temperatura
[MQTT] Mensagem recebida - Tópico: monitoramento/umidade | Payload: Erro ao ler umidade
[MQTT] Mensagem recebida - Tópico: monitoramento/heartbeat | Payload: 18/07/2025 11:59:20
[2025-07-18 11:59:21] Heartbeat: 18/07/2025 11:59:20
[MQTT] Mensagem recebida - Tópico: monitoramento/temperatura | Payload: Erro ao ler temperatura
[MQTT] Mensagem recebida - Tópico: monitoramento/umidade | Payload: Erro ao ler umidade
[MQTT] Mensagem recebida - Tópico: monitoramento/heartbeat | Payload: 18/07/2025 11:59:20
[2025-07-18 11:59:21] Heartbeat: 18/07/2025 11:59:20
[MQTT] Mensagem recebida - Tópico: monitoramento/temperatura | Payload: Erro ao ler temperatura
[MQTT] Mensagem recebida - Tópico: monitoramento/umidade | Payload: Erro ao ler umidade
[MQTT] Mensagem recebida - Tópico: monitoramento/heartbeat | Payload: 18/07/2025 11:59:20
[2025-07-18 11:59:21] Heartbeat: 18/07/2025 11:59:20
[MQTT] Mensagem recebida - Tópico: monitoramento/temperatura | Payload: Erro ao ler temperatura
[MQTT] Mensagem recebida - Tópico: monitoramento/umidade | Payload: Erro ao ler umidade
[MQTT] Mensagem recebida - Tópico: monitoramento/heartbeat | Payload: 18/07/2025 11:59:20
[2025-07-18 11:59:21] Heartbeat: 18/07/2025 11:59:20
[MQTT] Mensagem recebida - Tópico: monitoramento/temperatura | Payload: Erro ao ler temperatura
[MQTT] Mensagem recebida - Tópico: monitoramento/umidade | Payload: Erro ao ler umidade
[MQTT] Mensagem recebida - Tópico: monitoramento/heartbeat | Payload: 18/07/2025 11:59:20
[2025-07-18 11:59:21] Heartbeat: 18/07/2025 11:59:20
[MQTT] Mensagem recebida - Tópico: monitoramento/temperatura | Payload: Erro ao ler temperatura
[MQTT] Mensagem recebida - Tópico: monitoramento/umidade | Payload: Erro ao ler umidade
[MQTT] Mensagem recebida - Tópico: monitoramento/heartbeat | Payload: 18/07/2025 11:59:20
[2025-07-18 11:59:21] Heartbeat: 18/07/2025 11:59:20
[MQTT] Mensagem recebida - Tópico: monitoramento/temperatura | Payload: Erro ao ler temperatura
[MQTT] Mensagem recebida - Tópico: monitoramento/umidade | Payload: Erro ao ler umidade
[MQTT] Mensagem recebida - Tópico: monitoramento/heartbeat | Payload: 18/07/2025 11:59:20
[2025-07-18 11:59:21] Heartbeat: 18/07/2025 11:59:20
[MQTT] Mensagem recebida - Tópico: monitoramento/temperatura | Payload: Erro ao ler temperatura
[MQTT] Mensagem recebida - Tópico: monitoramento/umidade | Payload: Erro ao ler umidade
[MQTT] Mensagem recebida - Tópico: monitoramento/heartbeat | Payload: 18/07/2025 11:59:20
[2025-07-18 11:59:21] Heartbeat: 18/07/2025 11:59:20
[MQTT] Mensagem recebida - Tópico: monitoramento/temperatura | Payload: Erro ao ler temperatura
[MQTT] Mensagem recebida - Tópico: monitoramento/umidade | Payload: Erro ao ler umidade
[MQTT] Mensagem recebida - Tópico: monitoramento/heartbeat | Payload: 18/07/2025 11:59:20
[2025-07-18 11:59:21] Heartbeat: 18/07/2025 11:59:20
[MQTT] Mensagem recebida - Tópico: monitoramento/temperatura | Payload: Erro ao ler temperatura
[MQTT] Mensagem recebida - Tópico: monitoramento/umidade | Payload: Erro ao ler umidade
[MQTT] Mensagem recebida - Tópico: monitoramento/heartbeat | Payload: 18/07/2025 11:59:20
[2025-07-18 11:59:21] Heartbeat: 18/07/2025 11:59:20
[MQTT] Mensagem recebida - Tópico: monitoramento/temperatura | Payload: Erro ao ler temperatura
[MQTT] Mensagem recebida - Tópico: monitoramento/umidade | Payload: Erro ao ler umidade
[MQTT] Mensagem recebida - Tópico: monitoramento/heartbeat | Payload: 18/07/2025 11:59:20
[2025-07-18 11:59:21] Heartbeat: 18/07/2025 11:59:20
[MQTT] Mensagem recebida - Tópico: monitoramento/temperatura | Payload: Erro ao ler temperatura
[MQTT] Mensagem recebida - Tópico: monitoramento/umidade | Payload: Erro ao ler umidade
[MQTT] Mensagem recebida - Tópico: monitoramento/heartbeat | Payload: 18/07/2025 11:59:20
[2025-07-18 11:59:21] Heartbeat: 18/07/2025 11:59:20
[MQTT] Mensagem recebida - Tópico: monitoramento/temperatura | Payload: Erro ao ler temperatura
[MQTT] Mensagem recebida - Tópico: monitoramento/umidade | Payload: Erro ao ler umidade
[MQTT] Mensagem recebida - Tópico: monitoramento/heartbeat | Payload: 18/07/2025 11:59:20
[2025-07-18 11:59:21] Heartbeat: 18/07/2025 11:59:20
[MQTT] Mensagem recebida - Tópico: monitoramento/temperatura | Payload: Erro ao ler temperatura
[MQTT] Mensagem recebida - Tópico: monitoramento/umidade | Payload: Erro ao ler umidade
[MQTT] Mensagem recebida - Tópico: monitoramento/heartbeat | Payload: 18/07/2025 11:59:20
[2025-07-18 11:59:21] Heartbeat: 18/07/2025 11:59:20
[MQTT] Mensagem recebida - Tópico: monitoramento/temperatura | Payload: Erro ao ler temperatura
[MQTT] Mensagem recebida - Tópico: monitoramento/umidade | Payload: Erro ao ler umidade
[MQTT] Mensagem recebida - Tópico: monitoramento/heartbeat | Payload: 18/07/2025 11:59:20
[2025-07-18 11:59:21] Heartbeat: 18/07/2025 11:59:20
[MQTT] Mensagem recebida - Tópico: monitoramento/temperatura | Payload: Erro ao ler temperatura
[MQTT] Mensagem recebida - Tópico: monitoramento/umidade | Payload: Erro ao ler umidade
[MQTT] Mensagem recebida - Tópico: monitoramento/heartbeat | Payload: 18/07/2025 11:59:20
[2025-07-18 11:59:21] Heartbeat: 18/07/2025 11:59:20
[MQTT] Mensagem recebida - Tópico: monitoramento/temperatura | Payload: Erro ao ler temperatura
[MQTT] Mensagem recebida - Tópico: monitoramento/umidade | Payload: Erro ao ler umidade
[MQTT] Mensagem recebida - Tópico: monitoramento/heartbeat | Payload: 18/07/2025 11:59:20
[2025-07-18 11:59:21] Heartbeat: 18/07/2025 11:59:20
[MQTT] Mensagem recebida - Tópico: monitoramento/temperatura | Payload: Erro ao ler temperatura
[MQTT] Mensagem recebida - Tópico: monitoramento/umidade | Payload: Erro ao ler umidade
[MQTT] Mensagem recebida - Tópico: monitoramento/heartbeat | Payload: 18/07/2025 11:59:20
[2025-07-18 11:59:21] Heartbeat: 18/07/2025 11:59:20
[MQTT] Mensagem recebida - Tópico: monitoramento/temperatura | Payload: Erro ao ler temperatura
[MQTT] Mensagem recebida - Tópico: monitoramento/umidade | Payload: Erro ao ler umidade
[MQTT] Mensagem recebida - Tópico: monitoramento/heartbeat | Payload: 18/07/2025 11:59:20
[2025-07-18 11:59:21] Heartbeat: 18/07/2025 11:59:20
[MQTT] Mensagem recebida - Tópico: monitoramento/temperatura | Payload: 31.00
2025-07-18 11:59:34.306270 - Erro ao inserir no banco: Incorrect double value: 'Erro ao ler umidade' for column `monitoramento`.`valores`.`umidade` at row 1
2025-07-18 11:59:34.307278 - Conectado ao banco com sucesso
[2025-07-18 11:59:33] Dados salvos: T=31.00, U=Erro ao ler umidade
[MQTT] Mensagem recebida - Tópico: monitoramento/heartbeat | Payload: 18/07/2025 11:59:33
[2025-07-18 11:59:34] Heartbeat: 18/07/2025 11:59:33
[MQTT] Mensagem recebida - Tópico: monitoramento/umidade | Payload: 37.10
2025-07-18 11:59:42.288464 - Dado inserido: T=31.00, U=37.10
[2025-07-18 11:59:41] Dados salvos: T=31.00, U=37.10
[MQTT] Mensagem recebida - Tópico: monitoramento/heartbeat | Payload: 18/07/2025 11:59:41
[2025-07-18 11:59:42] Heartbeat: 18/07/2025 11:59:41
[MQTT] Mensagem recebida - Tópico: monitoramento/umidade | Payload: 35.90
2025-07-18 12:00:50.439154 - Dado inserido: T=31.00, U=35.90
[2025-07-18 12:00:50] Dados salvos: T=31.00, U=35.90
[MQTT] Mensagem recebida - Tópico: monitoramento/heartbeat | Payload: 18/07/2025 12:00:50
[2025-07-18 12:00:50] Heartbeat: 18/07/2025 12:00:50
[MQTT] Mensagem recebida - Tópico: monitoramento/temperatura | Payload: 32.00
2025-07-18 12:01:42.613031 - Dado inserido: T=32.00, U=35.90
[2025-07-18 12:01:42] Dados salvos: T=32.00, U=35.90
[MQTT] Mensagem recebida - Tópico: monitoramento/heartbeat | Payload: 18/07/2025 12:01:41
[2025-07-18 12:01:42] Heartbeat: 18/07/2025 12:01:41
[MQTT] Mensagem recebida - Tópico: monitoramento/umidade | Payload: 34.80
2025-07-18 12:03:12.716914 - Dado inserido: T=32.00, U=34.80
[2025-07-18 12:03:12] Dados salvos: T=32.00, U=34.80
[MQTT] Mensagem recebida - Tópico: monitoramento/heartbeat | Payload: 18/07/2025 12:03:12
[2025-07-18 12:03:12] Heartbeat: 18/07/2025 12:03:12
[MQTT] Mensagem recebida - Tópico: monitoramento/umidade | Payload: 33.80
2025-07-18 12:08:25.720989 - Dado inserido: T=32.00, U=33.80
[2025-07-18 12:08:25] Dados salvos: T=32.00, U=33.80
[MQTT] Mensagem recebida - Tópico: monitoramento/heartbeat | Payload: 18/07/2025 12:08:25
[2025-07-18 12:08:25] Heartbeat: 18/07/2025 12:08:25
[MQTT] Mensagem recebida - Tópico: monitoramento/temperatura | Payload: 32.70
2025-07-18 12:08:26.055685 - Dado inserido: T=32.70, U=33.80
[2025-07-18 12:08:25] Dados salvos: T=32.70, U=33.80
[MQTT] Mensagem recebida - Tópico: monitoramento/heartbeat | Payload: 18/07/2025 12:08:25
[2025-07-18 12:08:26] Heartbeat: 18/07/2025 12:08:25
[MQTT] Mensagem recebida - Tópico: monitoramento/umidade | Payload: 33.30
2025-07-18 12:18:25.708972 - Dado inserido: T=32.70, U=33.30
[2025-07-18 12:18:25] Dados salvos: T=32.70, U=33.30
[MQTT] Mensagem recebida - Tópico: monitoramento/heartbeat | Payload: 18/07/2025 12:18:25
[2025-07-18 12:18:25] Heartbeat: 18/07/2025 12:18:25
[MQTT] Mensagem recebida - Tópico: monitoramento/temperatura | Payload: 33.00
2025-07-18 12:18:26.043904 - Dado inserido: T=33.00, U=33.30
[2025-07-18 12:18:25] Dados salvos: T=33.00, U=33.30
[MQTT] Mensagem recebida - Tópico: monitoramento/heartbeat | Payload: 18/07/2025 12:18:25
[2025-07-18 12:18:26] Heartbeat: 18/07/2025 12:18:25
[MQTT] Mensagem recebida - Tópico: monitoramento/umidade | Payload: 33.30
[MQTT] Mensagem recebida - Tópico: monitoramento/heartbeat | Payload: 18/07/2025 12:21:27
[2025-07-18 12:21:27] Heartbeat: 18/07/2025 12:21:27
[MQTT] Mensagem recebida - Tópico: monitoramento/temperatura | Payload: 33.00
[MQTT] Mensagem recebida - Tópico: monitoramento/heartbeat | Payload: 18/07/2025 12:21:27
[2025-07-18 12:21:27] Heartbeat: 18/07/2025 12:21:27
[MQTT] Mensagem recebida - Tópico: monitoramento/umidade | Payload: 33.20
2025-07-18 12:31:29.525702 - Dado inserido: T=33.00, U=33.20
[2025-07-18 12:31:29] Dados salvos: T=33.00, U=33.20
[MQTT] Mensagem recebida - Tópico: monitoramento/heartbeat | Payload: 18/07/2025 12:31:29
[2025-07-18 12:31:29] Heartbeat: 18/07/2025 12:31:29
[MQTT] Mensagem recebida - Tópico: monitoramento/temperatura | Payload: 32.90
2025-07-18 12:31:29.859400 - Dado inserido: T=32.90, U=33.20
[2025-07-18 12:31:29] Dados salvos: T=32.90, U=33.20
[MQTT] Mensagem recebida - Tópico: monitoramento/heartbeat | Payload: 18/07/2025 12:31:29
[2025-07-18 12:31:29] Heartbeat: 18/07/2025 12:31:29
[MQTT] Mensagem recebida - Tópico: monitoramento/umidade | Payload: 32.70
2025-07-18 12:41:27.766810 - Dado inserido: T=32.90, U=32.70
[2025-07-18 12:41:27] Dados salvos: T=32.90, U=32.70
[MQTT] Mensagem recebida - Tópico: monitoramento/heartbeat | Payload: 18/07/2025 12:41:27
[2025-07-18 12:41:27] Heartbeat: 18/07/2025 12:41:27
[MQTT] Mensagem recebida - Tópico: monitoramento/temperatura | Payload: 32.90
[MQTT] Mensagem recebida - Tópico: monitoramento/heartbeat | Payload: 18/07/2025 12:41:27
[2025-07-18 12:41:27] Heartbeat: 18/07/2025 12:41:27
[MQTT] Mensagem recebida - Tópico: monitoramento/temperatura | Payload: 31.90
2025-07-18 12:48:58.216075 - Dado inserido: T=31.90, U=32.70
[2025-07-18 12:48:57] Dados salvos: T=31.90, U=32.70
[MQTT] Mensagem recebida - Tópico: monitoramento/heartbeat | Payload: 18/07/2025 12:48:57
[2025-07-18 12:48:58] Heartbeat: 18/07/2025 12:48:57
[MQTT] Mensagem recebida - Tópico: monitoramento/umidade | Payload: 33.70
2025-07-18 12:49:06.245042 - Dado inserido: T=31.90, U=33.70
[2025-07-18 12:49:05] Dados salvos: T=31.90, U=33.70
[MQTT] Mensagem recebida - Tópico: monitoramento/heartbeat | Payload: 18/07/2025 12:49:04
[2025-07-18 12:49:06] Heartbeat: 18/07/2025 12:49:04
[MQTT] Mensagem recebida - Tópico: monitoramento/temperatura | Payload: 30.90
2025-07-18 12:49:14.339885 - Dado inserido: T=30.90, U=33.70
[2025-07-18 12:49:13] Dados salvos: T=30.90, U=33.70
[MQTT] Mensagem recebida - Tópico: monitoramento/heartbeat | Payload: 18/07/2025 12:49:13
[2025-07-18 12:49:14] Heartbeat: 18/07/2025 12:49:13
[MQTT] Mensagem recebida - Tópico: monitoramento/umidade | Payload: 34.90
2025-07-18 12:49:18.275460 - Dado inserido: T=30.90, U=34.90
[2025-07-18 12:49:17] Dados salvos: T=30.90, U=34.90
[MQTT] Mensagem recebida - Tópico: monitoramento/heartbeat | Payload: 18/07/2025 12:49:17
[2025-07-18 12:49:18] Heartbeat: 18/07/2025 12:49:17
[MQTT] Mensagem recebida - Tópico: monitoramento/umidade | Payload: 36.00
2025-07-18 12:49:30.422704 - Dado inserido: T=30.90, U=36.00
[2025-07-18 12:49:30] Dados salvos: T=30.90, U=36.00
[MQTT] Mensagem recebida - Tópico: monitoramento/heartbeat | Payload: 18/07/2025 12:49:29
[2025-07-18 12:49:30] Heartbeat: 18/07/2025 12:49:29
[MQTT] Mensagem recebida - Tópico: monitoramento/temperatura | Payload: 29.90
2025-07-18 12:49:34.345706 - Dado inserido: T=29.90, U=36.00
[2025-07-18 12:49:34] Dados salvos: T=29.90, U=36.00
[MQTT] Mensagem recebida - Tópico: monitoramento/heartbeat | Payload: 18/07/2025 12:49:33
[2025-07-18 12:49:34] Heartbeat: 18/07/2025 12:49:33
[MQTT] Mensagem recebida - Tópico: monitoramento/umidade | Payload: 37.10
2025-07-18 12:49:42.387366 - Dado inserido: T=29.90, U=37.10
[2025-07-18 12:49:41] Dados salvos: T=29.90, U=37.10
[MQTT] Mensagem recebida - Tópico: monitoramento/heartbeat | Payload: 18/07/2025 12:49:41
[2025-07-18 12:49:42] Heartbeat: 18/07/2025 12:49:41
[MQTT] Mensagem recebida - Tópico: monitoramento/umidade | Payload: 38.30
2025-07-18 12:49:56.386152 - Dado inserido: T=29.90, U=38.30
[2025-07-18 12:49:55] Dados salvos: T=29.90, U=38.30
[MQTT] Mensagem recebida - Tópico: monitoramento/heartbeat | Payload: 18/07/2025 12:49:55
[2025-07-18 12:49:56] Heartbeat: 18/07/2025 12:49:55
[MQTT] Mensagem recebida - Tópico: monitoramento/temperatura | Payload: 29.00
2025-07-18 12:50:00.358417 - Dado inserido: T=29.00, U=38.30
[2025-07-18 12:50:00] Dados salvos: T=29.00, U=38.30
[MQTT] Mensagem recebida - Tópico: monitoramento/heartbeat | Payload: 18/07/2025 12:50:00
[2025-07-18 12:50:00] Heartbeat: 18/07/2025 12:50:00
[MQTT] Mensagem recebida - Tópico: monitoramento/umidade | Payload: 39.50
2025-07-18 12:50:14.468485 - Dado inserido: T=29.00, U=39.50
[2025-07-18 12:50:14] Dados salvos: T=29.00, U=39.50
[MQTT] Mensagem recebida - Tópico: monitoramento/heartbeat | Payload: 18/07/2025 12:50:14
[2025-07-18 12:50:14] Heartbeat: 18/07/2025 12:50:14
[MQTT] Mensagem recebida - Tópico: monitoramento/umidade | Payload: 40.80
2025-07-18 12:50:42.616133 - Dado inserido: T=29.00, U=40.80
[2025-07-18 12:50:42] Dados salvos: T=29.00, U=40.80
[MQTT] Mensagem recebida - Tópico: monitoramento/heartbeat | Payload: 18/07/2025 12:50:42
[2025-07-18 12:50:42] Heartbeat: 18/07/2025 12:50:42
[MQTT] Mensagem recebida - Tópico: monitoramento/temperatura | Payload: 28.10
2025-07-18 12:50:44.494989 - Dado inserido: T=28.10, U=40.80
[2025-07-18 12:50:44] Dados salvos: T=28.10, U=40.80
[MQTT] Mensagem recebida - Tópico: monitoramento/heartbeat | Payload: 18/07/2025 12:50:44
[2025-07-18 12:50:44] Heartbeat: 18/07/2025 12:50:44
[MQTT] Mensagem recebida - Tópico: monitoramento/umidade | Payload: 42.10
2025-07-18 12:51:12.605160 - Dado inserido: T=28.10, U=42.10
[2025-07-18 12:51:12] Dados salvos: T=28.10, U=42.10
[MQTT] Mensagem recebida - Tópico: monitoramento/heartbeat | Payload: 18/07/2025 12:51:12
[2025-07-18 12:51:12] Heartbeat: 18/07/2025 12:51:12
[MQTT] Mensagem recebida - Tópico: monitoramento/temperatura | Payload: 27.20
2025-07-18 12:51:46.667643 - Dado inserido: T=27.20, U=42.10
[2025-07-18 12:51:46] Dados salvos: T=27.20, U=42.10
[MQTT] Mensagem recebida - Tópico: monitoramento/heartbeat | Payload: 18/07/2025 12:51:46
[2025-07-18 12:51:46] Heartbeat: 18/07/2025 12:51:46
[MQTT] Mensagem recebida - Tópico: monitoramento/umidade | Payload: 43.50
2025-07-18 12:51:56.702937 - Dado inserido: T=27.20, U=43.50
[2025-07-18 12:51:56] Dados salvos: T=27.20, U=43.50
[MQTT] Mensagem recebida - Tópico: monitoramento/heartbeat | Payload: 18/07/2025 12:51:56
[2025-07-18 12:51:56] Heartbeat: 18/07/2025 12:51:56
[MQTT] Mensagem recebida - Tópico: monitoramento/umidade | Payload: 44.90
2025-07-18 12:53:32.872748 - Dado inserido: T=27.20, U=44.90
[2025-07-18 12:53:32] Dados salvos: T=27.20, U=44.90
[MQTT] Mensagem recebida - Tópico: monitoramento/heartbeat | Payload: 18/07/2025 12:53:32
[2025-07-18 12:53:32] Heartbeat: 18/07/2025 12:53:32
[MQTT] Mensagem recebida - Tópico: monitoramento/temperatura | Payload: 26.30
2025-07-18 12:53:46.895913 - Dado inserido: T=26.30, U=44.90
[2025-07-18 12:53:46] Dados salvos: T=26.30, U=44.90
[MQTT] Mensagem recebida - Tópico: monitoramento/heartbeat | Payload: 18/07/2025 12:53:46
[2025-07-18 12:53:46] Heartbeat: 18/07/2025 12:53:46
[MQTT] Mensagem recebida - Tópico: monitoramento/umidade | Payload: 46.40
2025-07-18 12:55:53.192931 - Dado inserido: T=26.30, U=46.40
[2025-07-18 12:55:52] Dados salvos: T=26.30, U=46.40
[MQTT] Mensagem recebida - Tópico: monitoramento/heartbeat | Payload: 18/07/2025 12:55:52
[2025-07-18 12:55:53] Heartbeat: 18/07/2025 12:55:52
[MQTT] Mensagem recebida - Tópico: monitoramento/umidade | Payload: 47.20
2025-07-18 12:59:09.846313 - Dado inserido: T=26.30, U=47.20
[2025-07-18 12:59:09] Dados salvos: T=26.30, U=47.20
[MQTT] Mensagem recebida - Tópico: monitoramento/heartbeat | Payload: 18/07/2025 12:59:09
[2025-07-18 12:59:09] Heartbeat: 18/07/2025 12:59:09
[MQTT] Mensagem recebida - Tópico: monitoramento/temperatura | Payload: 25.80
2025-07-18 12:59:10.180635 - Dado inserido: T=25.80, U=47.20
[2025-07-18 12:59:09] Dados salvos: T=25.80, U=47.20
[MQTT] Mensagem recebida - Tópico: monitoramento/heartbeat | Payload: 18/07/2025 12:59:09
[2025-07-18 12:59:10] Heartbeat: 18/07/2025 12:59:09
[MQTT] Mensagem recebida - Tópico: monitoramento/temperatura | Payload: 25.00
2025-07-18 13:06:16.619946 - Dado inserido: T=25.00, U=47.20
[2025-07-18 13:06:16] Dados salvos: T=25.00, U=47.20
[MQTT] Mensagem recebida - Tópico: monitoramento/heartbeat | Payload: 18/07/2025 13:06:16
[2025-07-18 13:06:16] Heartbeat: 18/07/2025 13:06:16
[MQTT] Mensagem recebida - Tópico: monitoramento/umidade | Payload: 48.70
2025-07-18 13:07:34.817715 - Dado inserido: T=25.00, U=48.70
[2025-07-18 13:07:34] Dados salvos: T=25.00, U=48.70
[MQTT] Mensagem recebida - Tópico: monitoramento/heartbeat | Payload: 18/07/2025 13:07:34
[2025-07-18 13:07:34] Heartbeat: 18/07/2025 13:07:34
[MQTT] Mensagem recebida - Tópico: monitoramento/umidade | Payload: 49.90
2025-07-18 13:11:05.542743 - Dado inserido: T=25.00, U=49.90
[2025-07-18 13:11:05] Dados salvos: T=25.00, U=49.90
[MQTT] Mensagem recebida - Tópico: monitoramento/heartbeat | Payload: 18/07/2025 13:11:05
[2025-07-18 13:11:05] Heartbeat: 18/07/2025 13:11:05
[MQTT] Mensagem recebida - Tópico: monitoramento/temperatura | Payload: 24.80
2025-07-18 13:11:05.921218 - Dado inserido: T=24.80, U=49.90
[2025-07-18 13:11:05] Dados salvos: T=24.80, U=49.90
[MQTT] Mensagem recebida - Tópico: monitoramento/heartbeat | Payload: 18/07/2025 13:11:05
[2025-07-18 13:11:05] Heartbeat: 18/07/2025 13:11:05
[MQTT] Mensagem recebida - Tópico: monitoramento/temperatura | Payload: 25.60
2025-07-18 13:13:05.756766 - Dado inserido: T=25.60, U=49.90
[2025-07-18 13:13:05] Dados salvos: T=25.60, U=49.90
[MQTT] Mensagem recebida - Tópico: monitoramento/heartbeat | Payload: 18/07/2025 13:13:05
[2025-07-18 13:13:05] Heartbeat: 18/07/2025 13:13:05
[MQTT] Mensagem recebida - Tópico: monitoramento/umidade | Payload: 48.40
2025-07-18 13:13:11.854486 - Dado inserido: T=25.60, U=48.40
[2025-07-18 13:13:11] Dados salvos: T=25.60, U=48.40
[MQTT] Mensagem recebida - Tópico: monitoramento/heartbeat | Payload: 18/07/2025 13:13:10
[2025-07-18 13:13:11] Heartbeat: 18/07/2025 13:13:10
[MQTT] Mensagem recebida - Tópico: monitoramento/umidade | Payload: 46.90
2025-07-18 13:13:41.954238 - Dado inserido: T=25.60, U=46.90
[2025-07-18 13:13:41] Dados salvos: T=25.60, U=46.90
[MQTT] Mensagem recebida - Tópico: monitoramento/heartbeat | Payload: 18/07/2025 13:13:41
[2025-07-18 13:13:41] Heartbeat: 18/07/2025 13:13:41
[MQTT] Mensagem recebida - Tópico: monitoramento/temperatura | Payload: 26.40
2025-07-18 13:13:43.791012 - Dado inserido: T=26.40, U=46.90
[2025-07-18 13:13:43] Dados salvos: T=26.40, U=46.90
[MQTT] Mensagem recebida - Tópico: monitoramento/heartbeat | Payload: 18/07/2025 13:13:43
[2025-07-18 13:13:43] Heartbeat: 18/07/2025 13:13:43
[MQTT] Mensagem recebida - Tópico: monitoramento/umidade | Payload: 45.40
2025-07-18 13:14:15.910783 - Dado inserido: T=26.40, U=45.40
[2025-07-18 13:14:15] Dados salvos: T=26.40, U=45.40
[MQTT] Mensagem recebida - Tópico: monitoramento/heartbeat | Payload: 18/07/2025 13:14:15
[2025-07-18 13:14:15] Heartbeat: 18/07/2025 13:14:15
[MQTT] Mensagem recebida - Tópico: monitoramento/temperatura | Payload: 27.20
2025-07-18 13:14:33.973084 - Dado inserido: T=27.20, U=45.40
[2025-07-18 13:14:33] Dados salvos: T=27.20, U=45.40
[MQTT] Mensagem recebida - Tópico: monitoramento/heartbeat | Payload: 18/07/2025 13:14:33
[2025-07-18 13:14:33] Heartbeat: 18/07/2025 13:14:33
[MQTT] Mensagem recebida - Tópico: monitoramento/umidade | Payload: 43.90
2025-07-18 13:15:05.999967 - Dado inserido: T=27.20, U=43.90
[2025-07-18 13:15:05] Dados salvos: T=27.20, U=43.90
[MQTT] Mensagem recebida - Tópico: monitoramento/heartbeat | Payload: 18/07/2025 13:15:05
[2025-07-18 13:15:06] Heartbeat: 18/07/2025 13:15:05
[MQTT] Mensagem recebida - Tópico: monitoramento/temperatura | Payload: 28.10
2025-07-18 13:16:12.278114 - Dado inserido: T=28.10, U=43.90
[2025-07-18 13:16:11] Dados salvos: T=28.10, U=43.90
[MQTT] Mensagem recebida - Tópico: monitoramento/heartbeat | Payload: 18/07/2025 13:16:11
[2025-07-18 13:16:12] Heartbeat: 18/07/2025 13:16:11
[MQTT] Mensagem recebida - Tópico: monitoramento/umidade | Payload: 42.50
2025-07-18 13:16:22.116631 - Dado inserido: T=28.10, U=42.50
[2025-07-18 13:16:21] Dados salvos: T=28.10, U=42.50
[MQTT] Mensagem recebida - Tópico: monitoramento/heartbeat | Payload: 18/07/2025 13:16:20
[2025-07-18 13:16:22] Heartbeat: 18/07/2025 13:16:20
[MQTT] Mensagem recebida - Tópico: monitoramento/umidade | Payload: 41.20
2025-07-18 13:18:16.331754 - Dado inserido: T=28.10, U=41.20
[2025-07-18 13:18:15] Dados salvos: T=28.10, U=41.20
[MQTT] Mensagem recebida - Tópico: monitoramento/heartbeat | Payload: 18/07/2025 13:18:15
[2025-07-18 13:18:16] Heartbeat: 18/07/2025 13:18:15
[MQTT] Mensagem recebida - Tópico: monitoramento/umidade | Payload: 41.10
2025-07-18 13:18:56.776196 - Dado inserido: T=28.10, U=41.10
[2025-07-18 13:18:56] Dados salvos: T=28.10, U=41.10
[MQTT] Mensagem recebida - Tópico: monitoramento/heartbeat | Payload: 18/07/2025 13:18:56
[2025-07-18 13:18:56] Heartbeat: 18/07/2025 13:18:56
[MQTT] Mensagem recebida - Tópico: monitoramento/temperatura | Payload: 28.90
2025-07-18 13:18:57.110452 - Dado inserido: T=28.90, U=41.10
[2025-07-18 13:18:56] Dados salvos: T=28.90, U=41.10
[MQTT] Mensagem recebida - Tópico: monitoramento/heartbeat | Payload: 18/07/2025 13:18:56
[2025-07-18 13:18:57] Heartbeat: 18/07/2025 13:18:56
[MQTT] Mensagem recebida - Tópico: monitoramento/temperatura | Payload: Erro ao ler temperatura
2025-07-18 13:20:28.936988 - Erro ao inserir no banco: Incorrect double value: 'Erro ao ler temperatura' for column `monitoramento`.`valores`.`temperatura` at row 1
2025-07-18 13:20:28.937866 - Conectado ao banco com sucesso
[2025-07-18 13:20:28] Dados salvos: T=Erro ao ler temperatura, U=41.10
[MQTT] Mensagem recebida - Tópico: monitoramento/umidade | Payload: Erro ao ler umidade
2025-07-18 13:20:29.269002 - Erro ao inserir no banco: Incorrect double value: 'Erro ao ler temperatura' for column `monitoramento`.`valores`.`temperatura` at row 1
2025-07-18 13:20:29.269962 - Conectado ao banco com sucesso
[2025-07-18 13:20:28] Dados salvos: T=Erro ao ler temperatura, U=Erro ao ler umidade
[MQTT] Mensagem recebida - Tópico: monitoramento/heartbeat | Payload: 18/07/2025 13:20:28
[2025-07-18 13:20:29] Heartbeat: 18/07/2025 13:20:28
[MQTT] Mensagem recebida - Tópico: monitoramento/temperatura | Payload: Erro ao ler temperatura
[MQTT] Mensagem recebida - Tópico: monitoramento/umidade | Payload: Erro ao ler umidade
[MQTT] Mensagem recebida - Tópico: monitoramento/heartbeat | Payload: 18/07/2025 13:20:28
[2025-07-18 13:20:29] Heartbeat: 18/07/2025 13:20:28
[MQTT] Mensagem recebida - Tópico: monitoramento/temperatura | Payload: Erro ao ler temperatura
[MQTT] Mensagem recebida - Tópico: monitoramento/umidade | Payload: Erro ao ler umidade
[MQTT] Mensagem recebida - Tópico: monitoramento/heartbeat | Payload: 18/07/2025 13:20:28
[2025-07-18 13:20:29] Heartbeat: 18/07/2025 13:20:28
[MQTT] Mensagem recebida - Tópico: monitoramento/temperatura | Payload: Erro ao ler temperatura
[MQTT] Mensagem recebida - Tópico: monitoramento/umidade | Payload: Erro ao ler umidade
[MQTT] Mensagem recebida - Tópico: monitoramento/heartbeat | Payload: 18/07/2025 13:20:28
[2025-07-18 13:20:29] Heartbeat: 18/07/2025 13:20:28
[MQTT] Mensagem recebida - Tópico: monitoramento/temperatura | Payload: Erro ao ler temperatura
[MQTT] Mensagem recebida - Tópico: monitoramento/umidade | Payload: Erro ao ler umidade
[MQTT] Mensagem recebida - Tópico: monitoramento/heartbeat | Payload: 18/07/2025 13:20:28
[2025-07-18 13:20:29] Heartbeat: 18/07/2025 13:20:28
[MQTT] Mensagem recebida - Tópico: monitoramento/temperatura | Payload: Erro ao ler temperatura
[MQTT] Mensagem recebida - Tópico: monitoramento/umidade | Payload: Erro ao ler umidade
[MQTT] Mensagem recebida - Tópico: monitoramento/heartbeat | Payload: 18/07/2025 13:20:28
[2025-07-18 13:20:29] Heartbeat: 18/07/2025 13:20:28
[MQTT] Mensagem recebida - Tópico: monitoramento/temperatura | Payload: Erro ao ler temperatura
[MQTT] Mensagem recebida - Tópico: monitoramento/umidade | Payload: Erro ao ler umidade
[MQTT] Mensagem recebida - Tópico: monitoramento/heartbeat | Payload: 18/07/2025 13:20:28
[2025-07-18 13:20:29] Heartbeat: 18/07/2025 13:20:28
[MQTT] Mensagem recebida - Tópico: monitoramento/temperatura | Payload: Erro ao ler temperatura
[MQTT] Mensagem recebida - Tópico: monitoramento/umidade | Payload: Erro ao ler umidade
[MQTT] Mensagem recebida - Tópico: monitoramento/heartbeat | Payload: 18/07/2025 13:20:28
[2025-07-18 13:20:29] Heartbeat: 18/07/2025 13:20:28
[MQTT] Mensagem recebida - Tópico: monitoramento/temperatura | Payload: Erro ao ler temperatura
[MQTT] Mensagem recebida - Tópico: monitoramento/umidade | Payload: Erro ao ler umidade
[MQTT] Mensagem recebida - Tópico: monitoramento/heartbeat | Payload: 18/07/2025 13:20:28
[2025-07-18 13:20:29] Heartbeat: 18/07/2025 13:20:28
[MQTT] Mensagem recebida - Tópico: monitoramento/temperatura | Payload: Erro ao ler temperatura
[MQTT] Mensagem recebida - Tópico: monitoramento/umidade | Payload: Erro ao ler umidade
[MQTT] Mensagem recebida - Tópico: monitoramento/heartbeat | Payload: 18/07/2025 13:20:28
[2025-07-18 13:20:29] Heartbeat: 18/07/2025 13:20:28
[MQTT] Mensagem recebida - Tópico: monitoramento/temperatura | Payload: Erro ao ler temperatura
[MQTT] Mensagem recebida - Tópico: monitoramento/umidade | Payload: Erro ao ler umidade
[MQTT] Mensagem recebida - Tópico: monitoramento/heartbeat | Payload: 18/07/2025 13:20:28
[2025-07-18 13:20:29] Heartbeat: 18/07/2025 13:20:28
[MQTT] Mensagem recebida - Tópico: monitoramento/temperatura | Payload: Erro ao ler temperatura
[MQTT] Mensagem recebida - Tópico: monitoramento/umidade | Payload: Erro ao ler umidade
[MQTT] Mensagem recebida - Tópico: monitoramento/heartbeat | Payload: 18/07/2025 13:20:28
[2025-07-18 13:20:29] Heartbeat: 18/07/2025 13:20:28
[MQTT] Mensagem recebida - Tópico: monitoramento/temperatura | Payload: Erro ao ler temperatura
[MQTT] Mensagem recebida - Tópico: monitoramento/umidade | Payload: Erro ao ler umidade
[MQTT] Mensagem recebida - Tópico: monitoramento/heartbeat | Payload: 18/07/2025 13:20:28
[2025-07-18 13:20:29] Heartbeat: 18/07/2025 13:20:28
[MQTT] Mensagem recebida - Tópico: monitoramento/temperatura | Payload: Erro ao ler temperatura
[MQTT] Mensagem recebida - Tópico: monitoramento/umidade | Payload: Erro ao ler umidade
[MQTT] Mensagem recebida - Tópico: monitoramento/heartbeat | Payload: 18/07/2025 13:20:28
[2025-07-18 13:20:29] Heartbeat: 18/07/2025 13:20:28
[MQTT] Mensagem recebida - Tópico: monitoramento/temperatura | Payload: Erro ao ler temperatura
[MQTT] Mensagem recebida - Tópico: monitoramento/umidade | Payload: Erro ao ler umidade
[MQTT] Mensagem recebida - Tópico: monitoramento/heartbeat | Payload: 18/07/2025 13:20:28
[2025-07-18 13:20:29] Heartbeat: 18/07/2025 13:20:28
[MQTT] Mensagem recebida - Tópico: monitoramento/temperatura | Payload: Erro ao ler temperatura
[MQTT] Mensagem recebida - Tópico: monitoramento/umidade | Payload: Erro ao ler umidade
[MQTT] Mensagem recebida - Tópico: monitoramento/heartbeat | Payload: 18/07/2025 13:20:28
[2025-07-18 13:20:29] Heartbeat: 18/07/2025 13:20:28
[MQTT] Mensagem recebida - Tópico: monitoramento/temperatura | Payload: Erro ao ler temperatura
[MQTT] Mensagem recebida - Tópico: monitoramento/umidade | Payload: Erro ao ler umidade
[MQTT] Mensagem recebida - Tópico: monitoramento/heartbeat | Payload: 18/07/2025 13:20:28
[2025-07-18 13:20:29] Heartbeat: 18/07/2025 13:20:28
[MQTT] Mensagem recebida - Tópico: monitoramento/temperatura | Payload: Erro ao ler temperatura
[MQTT] Mensagem recebida - Tópico: monitoramento/umidade | Payload: Erro ao ler umidade
[MQTT] Mensagem recebida - Tópico: monitoramento/heartbeat | Payload: 18/07/2025 13:20:28
[2025-07-18 13:20:29] Heartbeat: 18/07/2025 13:20:28
[MQTT] Mensagem recebida - Tópico: monitoramento/temperatura | Payload: Erro ao ler temperatura
[MQTT] Mensagem recebida - Tópico: monitoramento/umidade | Payload: Erro ao ler umidade
[MQTT] Mensagem recebida - Tópico: monitoramento/heartbeat | Payload: 18/07/2025 13:20:28
[2025-07-18 13:20:29] Heartbeat: 18/07/2025 13:20:28
[MQTT] Mensagem recebida - Tópico: monitoramento/temperatura | Payload: Erro ao ler temperatura
[MQTT] Mensagem recebida - Tópico: monitoramento/umidade | Payload: Erro ao ler umidade
[MQTT] Mensagem recebida - Tópico: monitoramento/heartbeat | Payload: 18/07/2025 13:20:28
[2025-07-18 13:20:29] Heartbeat: 18/07/2025 13:20:28
[MQTT] Mensagem recebida - Tópico: monitoramento/temperatura | Payload: Erro ao ler temperatura
[MQTT] Mensagem recebida - Tópico: monitoramento/umidade | Payload: Erro ao ler umidade
[MQTT] Mensagem recebida - Tópico: monitoramento/heartbeat | Payload: 18/07/2025 13:20:28
[2025-07-18 13:20:29] Heartbeat: 18/07/2025 13:20:28
[MQTT] Mensagem recebida - Tópico: monitoramento/temperatura | Payload: Erro ao ler temperatura
[MQTT] Mensagem recebida - Tópico: monitoramento/umidade | Payload: Erro ao ler umidade
[MQTT] Mensagem recebida - Tópico: monitoramento/heartbeat | Payload: 18/07/2025 13:20:28
[2025-07-18 13:20:29] Heartbeat: 18/07/2025 13:20:28
[MQTT] Mensagem recebida - Tópico: monitoramento/temperatura | Payload: Erro ao ler temperatura
[MQTT] Mensagem recebida - Tópico: monitoramento/umidade | Payload: Erro ao ler umidade
[MQTT] Mensagem recebida - Tópico: monitoramento/heartbeat | Payload: 18/07/2025 13:20:28
[2025-07-18 13:20:29] Heartbeat: 18/07/2025 13:20:28
[MQTT] Mensagem recebida - Tópico: monitoramento/temperatura | Payload: Erro ao ler temperatura
[MQTT] Mensagem recebida - Tópico: monitoramento/umidade | Payload: Erro ao ler umidade
[MQTT] Mensagem recebida - Tópico: monitoramento/heartbeat | Payload: 18/07/2025 13:20:28
[2025-07-18 13:20:29] Heartbeat: 18/07/2025 13:20:28
[MQTT] Mensagem recebida - Tópico: monitoramento/temperatura | Payload: Erro ao ler temperatura
[MQTT] Mensagem recebida - Tópico: monitoramento/umidade | Payload: Erro ao ler umidade
[MQTT] Mensagem recebida - Tópico: monitoramento/heartbeat | Payload: 18/07/2025 13:20:28
[2025-07-18 13:20:29] Heartbeat: 18/07/2025 13:20:28
[MQTT] Mensagem recebida - Tópico: monitoramento/temperatura | Payload: Erro ao ler temperatura
[MQTT] Mensagem recebida - Tópico: monitoramento/umidade | Payload: Erro ao ler umidade
[MQTT] Mensagem recebida - Tópico: monitoramento/heartbeat | Payload: 18/07/2025 13:20:28
[2025-07-18 13:20:29] Heartbeat: 18/07/2025 13:20:28
[MQTT] Mensagem recebida - Tópico: monitoramento/temperatura | Payload: Erro ao ler temperatura
[MQTT] Mensagem recebida - Tópico: monitoramento/umidade | Payload: Erro ao ler umidade
[MQTT] Mensagem recebida - Tópico: monitoramento/heartbeat | Payload: 18/07/2025 13:20:28
[2025-07-18 13:20:29] Heartbeat: 18/07/2025 13:20:28
[MQTT] Mensagem recebida - Tópico: monitoramento/temperatura | Payload: Erro ao ler temperatura
[MQTT] Mensagem recebida - Tópico: monitoramento/umidade | Payload: Erro ao ler umidade
[MQTT] Mensagem recebida - Tópico: monitoramento/heartbeat | Payload: 18/07/2025 13:20:28
[2025-07-18 13:20:29] Heartbeat: 18/07/2025 13:20:28
[MQTT] Mensagem recebida - Tópico: monitoramento/temperatura | Payload: Erro ao ler temperatura
[MQTT] Mensagem recebida - Tópico: monitoramento/umidade | Payload: Erro ao ler umidade
[MQTT] Mensagem recebida - Tópico: monitoramento/heartbeat | Payload: 18/07/2025 13:20:28
[2025-07-18 13:20:29] Heartbeat: 18/07/2025 13:20:28
[MQTT] Mensagem recebida - Tópico: monitoramento/temperatura | Payload: Erro ao ler temperatura
[MQTT] Mensagem recebida - Tópico: monitoramento/umidade | Payload: Erro ao ler umidade
[MQTT] Mensagem recebida - Tópico: monitoramento/heartbeat | Payload: 18/07/2025 13:20:28
[2025-07-18 13:20:29] Heartbeat: 18/07/2025 13:20:28
[MQTT] Mensagem recebida - Tópico: monitoramento/temperatura | Payload: Erro ao ler temperatura
[MQTT] Mensagem recebida - Tópico: monitoramento/umidade | Payload: Erro ao ler umidade
[MQTT] Mensagem recebida - Tópico: monitoramento/heartbeat | Payload: 18/07/2025 13:20:29
[2025-07-18 13:20:29] Heartbeat: 18/07/2025 13:20:29
[MQTT] Mensagem recebida - Tópico: monitoramento/temperatura | Payload: Erro ao ler temperatura
[MQTT] Mensagem recebida - Tópico: monitoramento/umidade | Payload: Erro ao ler umidade
[MQTT] Mensagem recebida - Tópico: monitoramento/heartbeat | Payload: 18/07/2025 13:20:29
[2025-07-18 13:20:29] Heartbeat: 18/07/2025 13:20:29
[MQTT] Mensagem recebida - Tópico: monitoramento/temperatura | Payload: Erro ao ler temperatura
[MQTT] Mensagem recebida - Tópico: monitoramento/umidade | Payload: Erro ao ler umidade
[MQTT] Mensagem recebida - Tópico: monitoramento/heartbeat | Payload: 18/07/2025 13:20:29
[2025-07-18 13:20:29] Heartbeat: 18/07/2025 13:20:29
[MQTT] Mensagem recebida - Tópico: monitoramento/temperatura | Payload: Erro ao ler temperatura
[MQTT] Mensagem recebida - Tópico: monitoramento/umidade | Payload: Erro ao ler umidade
[MQTT] Mensagem recebida - Tópico: monitoramento/heartbeat | Payload: 18/07/2025 13:20:29
[2025-07-18 13:20:29] Heartbeat: 18/07/2025 13:20:29
[MQTT] Mensagem recebida - Tópico: monitoramento/temperatura | Payload: Erro ao ler temperatura
[MQTT] Mensagem recebida - Tópico: monitoramento/umidade | Payload: Erro ao ler umidade
[MQTT] Mensagem recebida - Tópico: monitoramento/heartbeat | Payload: 18/07/2025 13:20:29
[2025-07-18 13:20:29] Heartbeat: 18/07/2025 13:20:29
[MQTT] Mensagem recebida - Tópico: monitoramento/temperatura | Payload: Erro ao ler temperatura
[MQTT] Mensagem recebida - Tópico: monitoramento/umidade | Payload: Erro ao ler umidade
[MQTT] Mensagem recebida - Tópico: monitoramento/heartbeat | Payload: 18/07/2025 13:20:29
[2025-07-18 13:20:29] Heartbeat: 18/07/2025 13:20:29
[MQTT] Mensagem recebida - Tópico: monitoramento/temperatura | Payload: Erro ao ler temperatura
[MQTT] Mensagem recebida - Tópico: monitoramento/umidade | Payload: Erro ao ler umidade
[MQTT] Mensagem recebida - Tópico: monitoramento/heartbeat | Payload: 18/07/2025 13:20:29
[2025-07-18 13:20:29] Heartbeat: 18/07/2025 13:20:29
[MQTT] Mensagem recebida - Tópico: monitoramento/temperatura | Payload: Erro ao ler temperatura
[MQTT] Mensagem recebida - Tópico: monitoramento/umidade | Payload: Erro ao ler umidade
[MQTT] Mensagem recebida - Tópico: monitoramento/heartbeat | Payload: 18/07/2025 13:20:29
[2025-07-18 13:20:29] Heartbeat: 18/07/2025 13:20:29
[MQTT] Mensagem recebida - Tópico: monitoramento/temperatura | Payload: Erro ao ler temperatura
[MQTT] Mensagem recebida - Tópico: monitoramento/umidade | Payload: Erro ao ler umidade
[MQTT] Mensagem recebida - Tópico: monitoramento/heartbeat | Payload: 18/07/2025 13:20:29
[2025-07-18 13:20:29] Heartbeat: 18/07/2025 13:20:29
[MQTT] Mensagem recebida - Tópico: monitoramento/temperatura | Payload: Erro ao ler temperatura
[MQTT] Mensagem recebida - Tópico: monitoramento/umidade | Payload: Erro ao ler umidade
[MQTT] Mensagem recebida - Tópico: monitoramento/heartbeat | Payload: 18/07/2025 13:20:29
[2025-07-18 13:20:29] Heartbeat: 18/07/2025 13:20:29
[MQTT] Mensagem recebida - Tópico: monitoramento/temperatura | Payload: Erro ao ler temperatura
[MQTT] Mensagem recebida - Tópico: monitoramento/umidade | Payload: Erro ao ler umidade
[MQTT] Mensagem recebida - Tópico: monitoramento/heartbeat | Payload: 18/07/2025 13:20:29
[2025-07-18 13:20:29] Heartbeat: 18/07/2025 13:20:29
[MQTT] Mensagem recebida - Tópico: monitoramento/temperatura | Payload: Erro ao ler temperatura
[MQTT] Mensagem recebida - Tópico: monitoramento/umidade | Payload: Erro ao ler umidade
[MQTT] Mensagem recebida - Tópico: monitoramento/heartbeat | Payload: 18/07/2025 13:20:29
[2025-07-18 13:20:29] Heartbeat: 18/07/2025 13:20:29
[MQTT] Mensagem recebida - Tópico: monitoramento/temperatura | Payload: Erro ao ler temperatura
[MQTT] Mensagem recebida - Tópico: monitoramento/umidade | Payload: Erro ao ler umidade
[MQTT] Mensagem recebida - Tópico: monitoramento/heartbeat | Payload: 18/07/2025 13:20:29
[2025-07-18 13:20:29] Heartbeat: 18/07/2025 13:20:29
[MQTT] Mensagem recebida - Tópico: monitoramento/temperatura | Payload: Erro ao ler temperatura
[MQTT] Mensagem recebida - Tópico: monitoramento/umidade | Payload: Erro ao ler umidade
[MQTT] Mensagem recebida - Tópico: monitoramento/heartbeat | Payload: 18/07/2025 13:20:29
[2025-07-18 13:20:29] Heartbeat: 18/07/2025 13:20:29
[MQTT] Mensagem recebida - Tópico: monitoramento/temperatura | Payload: Erro ao ler temperatura
[MQTT] Mensagem recebida - Tópico: monitoramento/umidade | Payload: Erro ao ler umidade
[MQTT] Mensagem recebida - Tópico: monitoramento/heartbeat | Payload: 18/07/2025 13:20:29
[2025-07-18 13:20:30] Heartbeat: 18/07/2025 13:20:29
[MQTT] Mensagem recebida - Tópico: monitoramento/temperatura | Payload: Erro ao ler temperatura
[MQTT] Mensagem recebida - Tópico: monitoramento/umidade | Payload: Erro ao ler umidade
[MQTT] Mensagem recebida - Tópico: monitoramento/heartbeat | Payload: 18/07/2025 13:20:29
[2025-07-18 13:20:30] Heartbeat: 18/07/2025 13:20:29
[MQTT] Mensagem recebida - Tópico: monitoramento/temperatura | Payload: Erro ao ler temperatura
[MQTT] Mensagem recebida - Tópico: monitoramento/umidade | Payload: Erro ao ler umidade
[MQTT] Mensagem recebida - Tópico: monitoramento/heartbeat | Payload: 18/07/2025 13:20:29
[2025-07-18 13:20:30] Heartbeat: 18/07/2025 13:20:29
[MQTT] Mensagem recebida - Tópico: monitoramento/temperatura | Payload: Erro ao ler temperatura
[MQTT] Mensagem recebida - Tópico: monitoramento/umidade | Payload: Erro ao ler umidade
[MQTT] Mensagem recebida - Tópico: monitoramento/heartbeat | Payload: 18/07/2025 13:20:29
[2025-07-18 13:20:30] Heartbeat: 18/07/2025 13:20:29
[MQTT] Mensagem recebida - Tópico: monitoramento/temperatura | Payload: Erro ao ler temperatura
[MQTT] Mensagem recebida - Tópico: monitoramento/umidade | Payload: Erro ao ler umidade
[MQTT] Mensagem recebida - Tópico: monitoramento/heartbeat | Payload: 18/07/2025 13:20:29
[2025-07-18 13:20:30] Heartbeat: 18/07/2025 13:20:29
[MQTT] Mensagem recebida - Tópico: monitoramento/temperatura | Payload: Erro ao ler temperatura
[MQTT] Mensagem recebida - Tópico: monitoramento/umidade | Payload: Erro ao ler umidade
[MQTT] Mensagem recebida - Tópico: monitoramento/heartbeat | Payload: 18/07/2025 13:20:29
[2025-07-18 13:20:30] Heartbeat: 18/07/2025 13:20:29
[MQTT] Mensagem recebida - Tópico: monitoramento/temperatura | Payload: Erro ao ler temperatura
[MQTT] Mensagem recebida - Tópico: monitoramento/umidade | Payload: Erro ao ler umidade
[MQTT] Mensagem recebida - Tópico: monitoramento/heartbeat | Payload: 18/07/2025 13:20:29
[2025-07-18 13:20:30] Heartbeat: 18/07/2025 13:20:29
[MQTT] Mensagem recebida - Tópico: monitoramento/temperatura | Payload: Erro ao ler temperatura
[MQTT] Mensagem recebida - Tópico: monitoramento/umidade | Payload: Erro ao ler umidade
[MQTT] Mensagem recebida - Tópico: monitoramento/heartbeat | Payload: 18/07/2025 13:20:29
[2025-07-18 13:20:30] Heartbeat: 18/07/2025 13:20:29
[MQTT] Mensagem recebida - Tópico: monitoramento/temperatura | Payload: Erro ao ler temperatura
[MQTT] Mensagem recebida - Tópico: monitoramento/umidade | Payload: Erro ao ler umidade
[MQTT] Mensagem recebida - Tópico: monitoramento/heartbeat | Payload: 18/07/2025 13:20:29
[2025-07-18 13:20:30] Heartbeat: 18/07/2025 13:20:29
[MQTT] Mensagem recebida - Tópico: monitoramento/temperatura | Payload: Erro ao ler temperatura
[MQTT] Mensagem recebida - Tópico: monitoramento/umidade | Payload: Erro ao ler umidade
[MQTT] Mensagem recebida - Tópico: monitoramento/heartbeat | Payload: 18/07/2025 13:20:29
[2025-07-18 13:20:30] Heartbeat: 18/07/2025 13:20:29
[MQTT] Mensagem recebida - Tópico: monitoramento/temperatura | Payload: Erro ao ler temperatura
[MQTT] Mensagem recebida - Tópico: monitoramento/umidade | Payload: Erro ao ler umidade
[MQTT] Mensagem recebida - Tópico: monitoramento/heartbeat | Payload: 18/07/2025 13:20:29
[2025-07-18 13:20:30] Heartbeat: 18/07/2025 13:20:29
[MQTT] Mensagem recebida - Tópico: monitoramento/temperatura | Payload: Erro ao ler temperatura
[MQTT] Mensagem recebida - Tópico: monitoramento/umidade | Payload: Erro ao ler umidade
[MQTT] Mensagem recebida - Tópico: monitoramento/heartbeat | Payload: 18/07/2025 13:20:29
[2025-07-18 13:20:30] Heartbeat: 18/07/2025 13:20:29
[MQTT] Mensagem recebida - Tópico: monitoramento/temperatura | Payload: Erro ao ler temperatura
[MQTT] Mensagem recebida - Tópico: monitoramento/umidade | Payload: Erro ao ler umidade
[MQTT] Mensagem recebida - Tópico: monitoramento/heartbeat | Payload: 18/07/2025 13:20:29
[2025-07-18 13:20:30] Heartbeat: 18/07/2025 13:20:29
[MQTT] Mensagem recebida - Tópico: monitoramento/temperatura | Payload: Erro ao ler temperatura
[MQTT] Mensagem recebida - Tópico: monitoramento/umidade | Payload: Erro ao ler umidade
[MQTT] Mensagem recebida - Tópico: monitoramento/heartbeat | Payload: 18/07/2025 13:20:29
[2025-07-18 13:20:30] Heartbeat: 18/07/2025 13:20:29
[MQTT] Mensagem recebida - Tópico: monitoramento/umidade | Payload: 39.80
2025-07-18 13:22:05.097011 - Erro ao inserir no banco: Incorrect double value: 'Erro ao ler temperatura' for column `monitoramento`.`valores`.`temperatura` at row 1
2025-07-18 13:22:05.097889 - Conectado ao banco com sucesso
[2025-07-18 13:22:04] Dados salvos: T=Erro ao ler temperatura, U=39.80
[MQTT] Mensagem recebida - Tópico: monitoramento/heartbeat | Payload: 18/07/2025 13:22:04
[2025-07-18 13:22:05] Heartbeat: 18/07/2025 13:22:04
[MQTT] Mensagem recebida - Tópico: monitoramento/temperatura | Payload: 29.80
2025-07-18 13:24:11.416147 - Dado inserido: T=29.80, U=39.80
[2025-07-18 13:24:11] Dados salvos: T=29.80, U=39.80
[MQTT] Mensagem recebida - Tópico: monitoramento/heartbeat | Payload: 18/07/2025 13:24:10
[2025-07-18 13:24:11] Heartbeat: 18/07/2025 13:24:10
[MQTT] Mensagem recebida - Tópico: monitoramento/umidade | Payload: 38.60
2025-07-18 13:26:57.584793 - Dado inserido: T=29.80, U=38.60
[2025-07-18 13:26:57] Dados salvos: T=29.80, U=38.60
[MQTT] Mensagem recebida - Tópico: monitoramento/heartbeat | Payload: 18/07/2025 13:26:57
[2025-07-18 13:26:57] Heartbeat: 18/07/2025 13:26:57
[MQTT] Mensagem recebida - Tópico: monitoramento/temperatura | Payload: 30.50
2025-07-18 13:34:11.384893 - Dado inserido: T=30.50, U=38.60
[2025-07-18 13:34:10] Dados salvos: T=30.50, U=38.60
[MQTT] Mensagem recebida - Tópico: monitoramento/heartbeat | Payload: 18/07/2025 13:34:10
[2025-07-18 13:34:11] Heartbeat: 18/07/2025 13:34:10
[MQTT] Mensagem recebida - Tópico: monitoramento/umidade | Payload: 37.40
2025-07-18 13:35:06.509299 - Dado inserido: T=30.50, U=37.40
[2025-07-18 13:35:06] Dados salvos: T=30.50, U=37.40
[MQTT] Mensagem recebida - Tópico: monitoramento/heartbeat | Payload: 18/07/2025 13:35:05
[2025-07-18 13:35:06] Heartbeat: 18/07/2025 13:35:05
[MQTT] Mensagem recebida - Tópico: monitoramento/umidade | Payload: 36.90
2025-07-18 13:39:49.556785 - Dado inserido: T=30.50, U=36.90
[2025-07-18 13:39:49] Dados salvos: T=30.50, U=36.90
[MQTT] Mensagem recebida - Tópico: monitoramento/heartbeat | Payload: 18/07/2025 13:39:49
[2025-07-18 13:39:49] Heartbeat: 18/07/2025 13:39:49
[MQTT] Mensagem recebida - Tópico: monitoramento/temperatura | Payload: 30.80
2025-07-18 13:39:49.890841 - Dado inserido: T=30.80, U=36.90
[2025-07-18 13:39:49] Dados salvos: T=30.80, U=36.90
[MQTT] Mensagem recebida - Tópico: monitoramento/heartbeat | Payload: 18/07/2025 13:39:49
[2025-07-18 13:39:49] Heartbeat: 18/07/2025 13:39:49
[MQTT] Mensagem recebida - Tópico: monitoramento/umidade | Payload: 36.20
2025-07-18 13:49:49.781195 - Dado inserido: T=30.80, U=36.20
[2025-07-18 13:49:49] Dados salvos: T=30.80, U=36.20
[MQTT] Mensagem recebida - Tópico: monitoramento/heartbeat | Payload: 18/07/2025 13:49:49
[2025-07-18 13:49:49] Heartbeat: 18/07/2025 13:49:49
[MQTT] Mensagem recebida - Tópico: monitoramento/temperatura | Payload: 31.10
2025-07-18 13:49:50.115385 - Dado inserido: T=31.10, U=36.20
[2025-07-18 13:49:49] Dados salvos: T=31.10, U=36.20
[MQTT] Mensagem recebida - Tópico: monitoramento/heartbeat | Payload: 18/07/2025 13:49:49
[2025-07-18 13:49:50] Heartbeat: 18/07/2025 13:49:49
[MQTT] Mensagem recebida - Tópico: monitoramento/umidade | Payload: 36.00
2025-07-18 13:59:49.642628 - Dado inserido: T=31.10, U=36.00
[2025-07-18 13:59:49] Dados salvos: T=31.10, U=36.00
[MQTT] Mensagem recebida - Tópico: monitoramento/heartbeat | Payload: 18/07/2025 13:59:49
[2025-07-18 13:59:49] Heartbeat: 18/07/2025 13:59:49
[MQTT] Mensagem recebida - Tópico: monitoramento/temperatura | Payload: 31.50
2025-07-18 13:59:49.976394 - Dado inserido: T=31.50, U=36.00
[2025-07-18 13:59:49] Dados salvos: T=31.50, U=36.00
[MQTT] Mensagem recebida - Tópico: monitoramento/heartbeat | Payload: 18/07/2025 13:59:49
[2025-07-18 13:59:49] Heartbeat: 18/07/2025 13:59:49
[MQTT] Mensagem recebida - Tópico: monitoramento/umidade | Payload: 36.00
[MQTT] Mensagem recebida - Tópico: monitoramento/heartbeat | Payload: 18/07/2025 14:02:04
[2025-07-18 14:02:04] Heartbeat: 18/07/2025 14:02:04
[MQTT] Mensagem recebida - Tópico: monitoramento/temperatura | Payload: 31.50
[MQTT] Mensagem recebida - Tópico: monitoramento/heartbeat | Payload: 18/07/2025 14:02:04
[2025-07-18 14:02:04] Heartbeat: 18/07/2025 14:02:04
[MQTT] Mensagem recebida - Tópico: monitoramento/umidade | Payload: 35.60
2025-07-18 14:06:27.321059 - Dado inserido: T=31.50, U=35.60
[2025-07-18 14:06:26] Dados salvos: T=31.50, U=35.60
[MQTT] Mensagem recebida - Tópico: monitoramento/heartbeat | Payload: 18/07/2025 14:06:26
[2025-07-18 14:06:27] Heartbeat: 18/07/2025 14:06:26
[MQTT] Mensagem recebida - Tópico: monitoramento/temperatura | Payload: 31.60
2025-07-18 14:06:27.655322 - Dado inserido: T=31.60, U=35.60
[2025-07-18 14:06:27] Dados salvos: T=31.60, U=35.60
[MQTT] Mensagem recebida - Tópico: monitoramento/heartbeat | Payload: 18/07/2025 14:06:26
[2025-07-18 14:06:27] Heartbeat: 18/07/2025 14:06:26
[MQTT] Mensagem recebida - Tópico: monitoramento/umidade | Payload: 35.80
2025-07-18 14:16:27.308419 - Dado inserido: T=31.60, U=35.80
[2025-07-18 14:16:26] Dados salvos: T=31.60, U=35.80
[MQTT] Mensagem recebida - Tópico: monitoramento/heartbeat | Payload: 18/07/2025 14:16:26
[2025-07-18 14:16:27] Heartbeat: 18/07/2025 14:16:26
[MQTT] Mensagem recebida - Tópico: monitoramento/temperatura | Payload: 31.80
2025-07-18 14:16:27.642864 - Dado inserido: T=31.80, U=35.80
[2025-07-18 14:16:27] Dados salvos: T=31.80, U=35.80
[MQTT] Mensagem recebida - Tópico: monitoramento/heartbeat | Payload: 18/07/2025 14:16:26
[2025-07-18 14:16:27] Heartbeat: 18/07/2025 14:16:26
[MQTT] Mensagem recebida - Tópico: monitoramento/umidade | Payload: 35.50
2025-07-18 14:26:27.314446 - Dado inserido: T=31.80, U=35.50
[2025-07-18 14:26:26] Dados salvos: T=31.80, U=35.50
[MQTT] Mensagem recebida - Tópico: monitoramento/heartbeat | Payload: 18/07/2025 14:26:27
[2025-07-18 14:26:27] Heartbeat: 18/07/2025 14:26:27
[MQTT] Mensagem recebida - Tópico: monitoramento/temperatura | Payload: 31.90
2025-07-18 14:26:27.648173 - Dado inserido: T=31.90, U=35.50
[2025-07-18 14:26:27] Dados salvos: T=31.90, U=35.50
[MQTT] Mensagem recebida - Tópico: monitoramento/heartbeat | Payload: 18/07/2025 14:26:27
[2025-07-18 14:26:27] Heartbeat: 18/07/2025 14:26:27
[MQTT] Mensagem recebida - Tópico: monitoramento/umidade | Payload: 35.30
2025-07-18 14:36:27.335091 - Dado inserido: T=31.90, U=35.30
[2025-07-18 14:36:26] Dados salvos: T=31.90, U=35.30
[MQTT] Mensagem recebida - Tópico: monitoramento/heartbeat | Payload: 18/07/2025 14:36:27
[2025-07-18 14:36:27] Heartbeat: 18/07/2025 14:36:27
[MQTT] Mensagem recebida - Tópico: monitoramento/temperatura | Payload: 31.90
[MQTT] Mensagem recebida - Tópico: monitoramento/heartbeat | Payload: 18/07/2025 14:36:27
[2025-07-18 14:36:27] Heartbeat: 18/07/2025 14:36:27
[MQTT] Mensagem recebida - Tópico: monitoramento/temperatura | Payload: 30.90
2025-07-18 14:37:13.018765 - Dado inserido: T=30.90, U=35.30
[2025-07-18 14:37:12] Dados salvos: T=30.90, U=35.30
[MQTT] Mensagem recebida - Tópico: monitoramento/heartbeat | Payload: 18/07/2025 14:37:12
[2025-07-18 14:37:13] Heartbeat: 18/07/2025 14:37:12
[MQTT] Mensagem recebida - Tópico: monitoramento/umidade | Payload: 36.60
2025-07-18 14:37:21.008351 - Dado inserido: T=30.90, U=36.60
[2025-07-18 14:37:20] Dados salvos: T=30.90, U=36.60
[MQTT] Mensagem recebida - Tópico: monitoramento/heartbeat | Payload: 18/07/2025 14:37:20
[2025-07-18 14:37:21] Heartbeat: 18/07/2025 14:37:20
[MQTT] Mensagem recebida - Tópico: monitoramento/temperatura | Payload: 29.90
2025-07-18 14:37:31.146695 - Dado inserido: T=29.90, U=36.60
[2025-07-18 14:37:30] Dados salvos: T=29.90, U=36.60
[MQTT] Mensagem recebida - Tópico: monitoramento/heartbeat | Payload: 18/07/2025 14:37:30
[2025-07-18 14:37:31] Heartbeat: 18/07/2025 14:37:30
[MQTT] Mensagem recebida - Tópico: monitoramento/umidade | Payload: 37.70
2025-07-18 14:37:34.897103 - Dado inserido: T=29.90, U=37.70
[2025-07-18 14:37:34] Dados salvos: T=29.90, U=37.70
[MQTT] Mensagem recebida - Tópico: monitoramento/heartbeat | Payload: 18/07/2025 14:37:34
[2025-07-18 14:37:34] Heartbeat: 18/07/2025 14:37:34
[MQTT] Mensagem recebida - Tópico: monitoramento/umidade | Payload: 38.90
2025-07-18 14:37:48.989907 - Dado inserido: T=29.90, U=38.90
[2025-07-18 14:37:48] Dados salvos: T=29.90, U=38.90
[MQTT] Mensagem recebida - Tópico: monitoramento/heartbeat | Payload: 18/07/2025 14:37:48
[2025-07-18 14:37:48] Heartbeat: 18/07/2025 14:37:48
[MQTT] Mensagem recebida - Tópico: monitoramento/temperatura | Payload: 29.00
2025-07-18 14:37:53.193511 - Dado inserido: T=29.00, U=38.90
[2025-07-18 14:37:52] Dados salvos: T=29.00, U=38.90
[MQTT] Mensagem recebida - Tópico: monitoramento/heartbeat | Payload: 18/07/2025 14:37:52
[2025-07-18 14:37:53] Heartbeat: 18/07/2025 14:37:52
[MQTT] Mensagem recebida - Tópico: monitoramento/umidade | Payload: 40.10
2025-07-18 14:38:05.021052 - Dado inserido: T=29.00, U=40.10
[2025-07-18 14:38:04] Dados salvos: T=29.00, U=40.10
[MQTT] Mensagem recebida - Tópico: monitoramento/heartbeat | Payload: 18/07/2025 14:38:04
[2025-07-18 14:38:05] Heartbeat: 18/07/2025 14:38:04
[MQTT] Mensagem recebida - Tópico: monitoramento/temperatura | Payload: 29.90
2025-07-18 14:39:05.105423 - Dado inserido: T=29.90, U=40.10
[2025-07-18 14:39:04] Dados salvos: T=29.90, U=40.10
[MQTT] Mensagem recebida - Tópico: monitoramento/heartbeat | Payload: 18/07/2025 14:39:04
[2025-07-18 14:39:05] Heartbeat: 18/07/2025 14:39:04
[MQTT] Mensagem recebida - Tópico: monitoramento/umidade | Payload: 38.70
2025-07-18 14:39:17.154752 - Dado inserido: T=29.90, U=38.70
[2025-07-18 14:39:16] Dados salvos: T=29.90, U=38.70
[MQTT] Mensagem recebida - Tópico: monitoramento/heartbeat | Payload: 18/07/2025 14:39:16
[2025-07-18 14:39:17] Heartbeat: 18/07/2025 14:39:16
[MQTT] Mensagem recebida - Tópico: monitoramento/umidade | Payload: 37.50
2025-07-18 14:40:11.298211 - Dado inserido: T=29.90, U=37.50
[2025-07-18 14:40:10] Dados salvos: T=29.90, U=37.50
[MQTT] Mensagem recebida - Tópico: monitoramento/heartbeat | Payload: 18/07/2025 14:40:10
[2025-07-18 14:40:11] Heartbeat: 18/07/2025 14:40:10
[MQTT] Mensagem recebida - Tópico: monitoramento/temperatura | Payload: 30.80
2025-07-18 14:40:21.323488 - Dado inserido: T=30.80, U=37.50
[2025-07-18 14:40:20] Dados salvos: T=30.80, U=37.50
[MQTT] Mensagem recebida - Tópico: monitoramento/heartbeat | Payload: 18/07/2025 14:40:19
[2025-07-18 14:40:21] Heartbeat: 18/07/2025 14:40:19
[MQTT] Mensagem recebida - Tópico: monitoramento/umidade | Payload: 36.60
2025-07-18 14:41:29.782115 - Dado inserido: T=30.80, U=36.60
[2025-07-18 14:41:29] Dados salvos: T=30.80, U=36.60
[MQTT] Mensagem recebida - Tópico: monitoramento/heartbeat | Payload: 18/07/2025 14:41:29
[2025-07-18 14:41:29] Heartbeat: 18/07/2025 14:41:29
[MQTT] Mensagem recebida - Tópico: monitoramento/temperatura | Payload: 31.10
2025-07-18 14:41:30.115459 - Dado inserido: T=31.10, U=36.60
[2025-07-18 14:41:29] Dados salvos: T=31.10, U=36.60
[MQTT] Mensagem recebida - Tópico: monitoramento/heartbeat | Payload: 18/07/2025 14:41:29
[2025-07-18 14:41:30] Heartbeat: 18/07/2025 14:41:29
[MQTT] Mensagem recebida - Tópico: monitoramento/umidade | Payload: 35.90
2025-07-18 14:44:08.381098 - Dado inserido: T=31.10, U=35.90
[2025-07-18 14:44:08] Dados salvos: T=31.10, U=35.90
[MQTT] Mensagem recebida - Tópico: monitoramento/heartbeat | Payload: 18/07/2025 14:44:08
[2025-07-18 14:44:08] Heartbeat: 18/07/2025 14:44:08
[MQTT] Mensagem recebida - Tópico: monitoramento/temperatura | Payload: 31.40
2025-07-18 14:44:08.714750 - Dado inserido: T=31.40, U=35.90
[2025-07-18 14:44:08] Dados salvos: T=31.40, U=35.90
[MQTT] Mensagem recebida - Tópico: monitoramento/heartbeat | Payload: 18/07/2025 14:44:08
[2025-07-18 14:44:08] Heartbeat: 18/07/2025 14:44:08
[MQTT] Mensagem recebida - Tópico: monitoramento/umidade | Payload: 35.80
2025-07-18 14:47:39.144440 - Dado inserido: T=31.40, U=35.80
[2025-07-18 14:47:38] Dados salvos: T=31.40, U=35.80
[MQTT] Mensagem recebida - Tópico: monitoramento/heartbeat | Payload: 18/07/2025 14:47:39
[2025-07-18 14:47:39] Heartbeat: 18/07/2025 14:47:39
[MQTT] Mensagem recebida - Tópico: monitoramento/temperatura | Payload: 31.60
2025-07-18 14:47:39.482722 - Dado inserido: T=31.60, U=35.80
[2025-07-18 14:47:39] Dados salvos: T=31.60, U=35.80
[MQTT] Mensagem recebida - Tópico: monitoramento/heartbeat | Payload: 18/07/2025 14:47:39
[2025-07-18 14:47:39] Heartbeat: 18/07/2025 14:47:39
[MQTT] Mensagem recebida - Tópico: monitoramento/umidade | Payload: 36.90
2025-07-18 14:51:13.520064 - Dado inserido: T=31.60, U=36.90
[2025-07-18 14:51:13] Dados salvos: T=31.60, U=36.90
[MQTT] Mensagem recebida - Tópico: monitoramento/heartbeat | Payload: 18/07/2025 14:51:13
[2025-07-18 14:51:13] Heartbeat: 18/07/2025 14:51:13
[MQTT] Mensagem recebida - Tópico: monitoramento/temperatura | Payload: 30.60
2025-07-18 14:51:19.515218 - Dado inserido: T=30.60, U=36.90
[2025-07-18 14:51:19] Dados salvos: T=30.60, U=36.90
[MQTT] Mensagem recebida - Tópico: monitoramento/heartbeat | Payload: 18/07/2025 14:51:18
[2025-07-18 14:51:19] Heartbeat: 18/07/2025 14:51:18
[MQTT] Mensagem recebida - Tópico: monitoramento/umidade | Payload: 38.20
2025-07-18 14:51:31.643566 - Dado inserido: T=30.60, U=38.20
[2025-07-18 14:51:31] Dados salvos: T=30.60, U=38.20
[MQTT] Mensagem recebida - Tópico: monitoramento/heartbeat | Payload: 18/07/2025 14:51:30
[2025-07-18 14:51:31] Heartbeat: 18/07/2025 14:51:30
[MQTT] Mensagem recebida - Tópico: monitoramento/umidade | Payload: 39.50
2025-07-18 14:51:41.560867 - Dado inserido: T=30.60, U=39.50
[2025-07-18 14:51:41] Dados salvos: T=30.60, U=39.50
[MQTT] Mensagem recebida - Tópico: monitoramento/heartbeat | Payload: 18/07/2025 14:51:40
[2025-07-18 14:51:41] Heartbeat: 18/07/2025 14:51:40
[MQTT] Mensagem recebida - Tópico: monitoramento/temperatura | Payload: 29.60
2025-07-18 14:51:41.894992 - Dado inserido: T=29.60, U=39.50
[2025-07-18 14:51:41] Dados salvos: T=29.60, U=39.50
[MQTT] Mensagem recebida - Tópico: monitoramento/heartbeat | Payload: 18/07/2025 14:51:40
[2025-07-18 14:51:41] Heartbeat: 18/07/2025 14:51:40
[MQTT] Mensagem recebida - Tópico: monitoramento/umidade | Payload: 40.80
2025-07-18 14:51:45.530825 - Dado inserido: T=29.60, U=40.80
[2025-07-18 14:51:45] Dados salvos: T=29.60, U=40.80
[MQTT] Mensagem recebida - Tópico: monitoramento/heartbeat | Payload: 18/07/2025 14:51:44
[2025-07-18 14:51:45] Heartbeat: 18/07/2025 14:51:44
[MQTT] Mensagem recebida - Tópico: monitoramento/temperatura | Payload: 28.70
2025-07-18 14:52:11.622333 - Dado inserido: T=28.70, U=40.80
[2025-07-18 14:52:11] Dados salvos: T=28.70, U=40.80
[MQTT] Mensagem recebida - Tópico: monitoramento/heartbeat | Payload: 18/07/2025 14:52:10
[2025-07-18 14:52:11] Heartbeat: 18/07/2025 14:52:10
[MQTT] Mensagem recebida - Tópico: monitoramento/umidade | Payload: 42.20
2025-07-18 14:52:41.673666 - Dado inserido: T=28.70, U=42.20
[2025-07-18 14:52:41] Dados salvos: T=28.70, U=42.20
[MQTT] Mensagem recebida - Tópico: monitoramento/heartbeat | Payload: 18/07/2025 14:52:41
[2025-07-18 14:52:41] Heartbeat: 18/07/2025 14:52:41
[MQTT] Mensagem recebida - Tópico: monitoramento/temperatura | Payload: 27.80
2025-07-18 14:52:57.731305 - Dado inserido: T=27.80, U=42.20
[2025-07-18 14:52:57] Dados salvos: T=27.80, U=42.20
[MQTT] Mensagem recebida - Tópico: monitoramento/heartbeat | Payload: 18/07/2025 14:52:57
[2025-07-18 14:52:57] Heartbeat: 18/07/2025 14:52:57
[MQTT] Mensagem recebida - Tópico: monitoramento/umidade | Payload: 43.60
2025-07-18 14:53:09.929207 - Dado inserido: T=27.80, U=43.60
[2025-07-18 14:53:09] Dados salvos: T=27.80, U=43.60
[MQTT] Mensagem recebida - Tópico: monitoramento/heartbeat | Payload: 18/07/2025 14:53:09
[2025-07-18 14:53:09] Heartbeat: 18/07/2025 14:53:09
[MQTT] Mensagem recebida - Tópico: monitoramento/umidade | Payload: 45.00
2025-07-18 14:54:11.883320 - Dado inserido: T=27.80, U=45.00
2025-07-18 14:54:15.393147 - Duplicatas removidas com sucesso
[2025-07-18 14:54:11] Dados salvos: T=27.80, U=45.00
[MQTT] Mensagem recebida - Tópico: monitoramento/heartbeat | Payload: 18/07/2025 14:54:11
[2025-07-18 14:54:15] Heartbeat: 18/07/2025 14:54:11
[MQTT] Mensagem recebida - Tópico: monitoramento/temperatura | Payload: 26.90
2025-07-18 14:54:15.726981 - Dado inserido: T=26.90, U=45.00
[2025-07-18 14:54:15] Dados salvos: T=26.90, U=45.00
[MQTT] Mensagem recebida - Tópico: monitoramento/heartbeat | Payload: 18/07/2025 14:54:11
[2025-07-18 14:54:15] Heartbeat: 18/07/2025 14:54:11
[MQTT] Mensagem recebida - Tópico: monitoramento/umidade | Payload: 46.40
2025-07-18 14:54:49.991315 - Dado inserido: T=26.90, U=46.40
[2025-07-18 14:54:49] Dados salvos: T=26.90, U=46.40
[MQTT] Mensagem recebida - Tópico: monitoramento/heartbeat | Payload: 18/07/2025 14:54:49
[2025-07-18 14:54:49] Heartbeat: 18/07/2025 14:54:49
[MQTT] Mensagem recebida - Tópico: monitoramento/umidade | Payload: 47.80
2025-07-18 14:56:04.233649 - Dado inserido: T=26.90, U=47.80
[2025-07-18 14:56:03] Dados salvos: T=26.90, U=47.80
[MQTT] Mensagem recebida - Tópico: monitoramento/heartbeat | Payload: 18/07/2025 14:56:03
[2025-07-18 14:56:04] Heartbeat: 18/07/2025 14:56:03
[MQTT] Mensagem recebida - Tópico: monitoramento/temperatura | Payload: 26.00
2025-07-18 14:56:06.064909 - Dado inserido: T=26.00, U=47.80
[2025-07-18 14:56:05] Dados salvos: T=26.00, U=47.80
[MQTT] Mensagem recebida - Tópico: monitoramento/heartbeat | Payload: 18/07/2025 14:56:04
[2025-07-18 14:56:06] Heartbeat: 18/07/2025 14:56:04
[MQTT] Mensagem recebida - Tópico: monitoramento/umidade | Payload: 49.70
2025-07-18 14:57:00.444140 - Dado inserido: T=26.00, U=49.70
[2025-07-18 14:57:00] Dados salvos: T=26.00, U=49.70
[MQTT] Mensagem recebida - Tópico: monitoramento/heartbeat | Payload: 18/07/2025 14:56:59
[2025-07-18 14:57:00] Heartbeat: 18/07/2025 14:56:59
[MQTT] Mensagem recebida - Tópico: monitoramento/umidade | Payload: 51.20
2025-07-18 14:57:12.252118 - Dado inserido: T=26.00, U=51.20
[2025-07-18 14:57:11] Dados salvos: T=26.00, U=51.20
[MQTT] Mensagem recebida - Tópico: monitoramento/heartbeat | Payload: 18/07/2025 14:57:11
[2025-07-18 14:57:12] Heartbeat: 18/07/2025 14:57:11
[MQTT] Mensagem recebida - Tópico: monitoramento/umidade | Payload: 49.60
2025-07-18 14:57:36.274557 - Dado inserido: T=26.00, U=49.60
[2025-07-18 14:57:35] Dados salvos: T=26.00, U=49.60
[MQTT] Mensagem recebida - Tópico: monitoramento/heartbeat | Payload: 18/07/2025 14:57:35
[2025-07-18 14:57:36] Heartbeat: 18/07/2025 14:57:35
[MQTT] Mensagem recebida - Tópico: monitoramento/temperatura | Payload: 25.20
2025-07-18 14:58:44.490364 - Dado inserido: T=25.20, U=49.60
[2025-07-18 14:58:44] Dados salvos: T=25.20, U=49.60
[MQTT] Mensagem recebida - Tópico: monitoramento/heartbeat | Payload: 18/07/2025 14:58:44
[2025-07-18 14:58:44] Heartbeat: 18/07/2025 14:58:44
[MQTT] Mensagem recebida - Tópico: monitoramento/umidade | Payload: 50.90
2025-07-18 15:07:36.244540 - Dado inserido: T=25.20, U=50.90
[2025-07-18 15:07:35] Dados salvos: T=25.20, U=50.90
[MQTT] Mensagem recebida - Tópico: monitoramento/heartbeat | Payload: 18/07/2025 15:07:35
[2025-07-18 15:07:36] Heartbeat: 18/07/2025 15:07:35
[MQTT] Mensagem recebida - Tópico: monitoramento/temperatura | Payload: 24.60
2025-07-18 15:08:44.375482 - Dado inserido: T=24.60, U=50.90
[2025-07-18 15:08:44] Dados salvos: T=24.60, U=50.90
[MQTT] Mensagem recebida - Tópico: monitoramento/heartbeat | Payload: 18/07/2025 15:08:44
[2025-07-18 15:08:44] Heartbeat: 18/07/2025 15:08:44
[MQTT] Mensagem recebida - Tópico: monitoramento/temperatura | Payload: 25.40
2025-07-18 15:12:15.850531 - Dado inserido: T=25.40, U=50.90
[2025-07-18 15:12:15] Dados salvos: T=25.40, U=50.90
[MQTT] Mensagem recebida - Tópico: monitoramento/heartbeat | Payload: 18/07/2025 15:12:15
[2025-07-18 15:12:15] Heartbeat: 18/07/2025 15:12:15
[MQTT] Mensagem recebida - Tópico: monitoramento/umidade | Payload: 49.20
2025-07-18 15:12:23.962612 - Dado inserido: T=25.40, U=49.20
[2025-07-18 15:12:23] Dados salvos: T=25.40, U=49.20
[MQTT] Mensagem recebida - Tópico: monitoramento/heartbeat | Payload: 18/07/2025 15:12:22
[2025-07-18 15:12:23] Heartbeat: 18/07/2025 15:12:22
[MQTT] Mensagem recebida - Tópico: monitoramento/umidade | Payload: 47.70
2025-07-18 15:12:51.917577 - Dado inserido: T=25.40, U=47.70
[2025-07-18 15:12:51] Dados salvos: T=25.40, U=47.70
[MQTT] Mensagem recebida - Tópico: monitoramento/heartbeat | Payload: 18/07/2025 15:12:51
[2025-07-18 15:12:51] Heartbeat: 18/07/2025 15:12:51
[MQTT] Mensagem recebida - Tópico: monitoramento/temperatura | Payload: 26.20
2025-07-18 15:12:52.282569 - Dado inserido: T=26.20, U=47.70
[2025-07-18 15:12:51] Dados salvos: T=26.20, U=47.70
[MQTT] Mensagem recebida - Tópico: monitoramento/heartbeat | Payload: 18/07/2025 15:12:51
[2025-07-18 15:12:52] Heartbeat: 18/07/2025 15:12:51
[MQTT] Mensagem recebida - Tópico: monitoramento/umidade | Payload: 46.10
2025-07-18 15:13:24.065884 - Dado inserido: T=26.20, U=46.10
[2025-07-18 15:13:23] Dados salvos: T=26.20, U=46.10
[MQTT] Mensagem recebida - Tópico: monitoramento/heartbeat | Payload: 18/07/2025 15:13:23
[2025-07-18 15:13:24] Heartbeat: 18/07/2025 15:13:23
[MQTT] Mensagem recebida - Tópico: monitoramento/temperatura | Payload: 27.00
2025-07-18 15:13:42.047640 - Dado inserido: T=27.00, U=46.10
[2025-07-18 15:13:41] Dados salvos: T=27.00, U=46.10
[MQTT] Mensagem recebida - Tópico: monitoramento/heartbeat | Payload: 18/07/2025 15:13:41
[2025-07-18 15:13:42] Heartbeat: 18/07/2025 15:13:41
[MQTT] Mensagem recebida - Tópico: monitoramento/umidade | Payload: 44.70
2025-07-18 15:14:06.171754 - Dado inserido: T=27.00, U=44.70
[2025-07-18 15:14:05] Dados salvos: T=27.00, U=44.70
[MQTT] Mensagem recebida - Tópico: monitoramento/heartbeat | Payload: 18/07/2025 15:14:05
[2025-07-18 15:14:06] Heartbeat: 18/07/2025 15:14:05
[MQTT] Mensagem recebida - Tópico: monitoramento/umidade | Payload: 43.30
2025-07-18 15:15:08.258374 - Dado inserido: T=27.00, U=43.30
[2025-07-18 15:15:07] Dados salvos: T=27.00, U=43.30
[MQTT] Mensagem recebida - Tópico: monitoramento/heartbeat | Payload: 18/07/2025 15:15:08
[2025-07-18 15:15:08] Heartbeat: 18/07/2025 15:15:08
[MQTT] Mensagem recebida - Tópico: monitoramento/temperatura | Payload: 27.90
2025-07-18 15:15:08.618319 - Dado inserido: T=27.90, U=43.30
[2025-07-18 15:15:08] Dados salvos: T=27.90, U=43.30
[MQTT] Mensagem recebida - Tópico: monitoramento/heartbeat | Payload: 18/07/2025 15:15:08
[2025-07-18 15:15:08] Heartbeat: 18/07/2025 15:15:08
[MQTT] Mensagem recebida - Tópico: monitoramento/umidade | Payload: 42.00
2025-07-18 15:16:20.398311 - Dado inserido: T=27.90, U=42.00
[2025-07-18 15:16:19] Dados salvos: T=27.90, U=42.00
[MQTT] Mensagem recebida - Tópico: monitoramento/heartbeat | Payload: 18/07/2025 15:16:20
[2025-07-18 15:16:20] Heartbeat: 18/07/2025 15:16:20
[MQTT] Mensagem recebida - Tópico: monitoramento/temperatura | Payload: 28.80
2025-07-18 15:17:22.467022 - Dado inserido: T=28.80, U=42.00
[2025-07-18 15:17:22] Dados salvos: T=28.80, U=42.00
